event_id,event_date,event_time_precision,platform,platform_region,poll_region_alignment,diffusion_class,character_cn,character_jp,event_type,community_layer,poll_round_before,poll_round_after,phase,source_url,source_title_or_excerpt,metric_snapshot,observed_at,interpretation,causal_limit,verification_status
x_r7_nazrin_prediction,2010-02-13,day,X,JP,jp,domestic_platform_poll_alignment,娜兹玲,ナズーリン,prediction,discussion,6,7,during_vote,https://x.com/sen_astronomy/status/9016895673,星莲船角色中娜兹玲可能最有人气,,2026-08-23,第7回投票期内已有针对新作角色相对人气的公开预测,预测帖不能代替结果也不能量化动员,verified_logged_in
pixiv_r8_satori_support,2011-02-19,day,Pixiv,JP,jp,domestic_platform_poll_alignment,古明地觉,古明地 さとり,support_art,derivative,7,8,during_vote,https://www.pixiv.net/artworks/16794603,第8回投票末日为觉等六名角色应援,"576赞;194收藏;27752阅览",2026-08-23,投票截止日发布的多角色应援漫画把二创直接接入投票期,当前累计指标不能还原2011年的当日曝光,verified_logged_in
pixiv_r8_eiki_support,2011-02-19,day,Pixiv,JP,jp,domestic_platform_poll_alignment,四季映姬·夜摩仙那度,四季映姫・ヤマザナドゥ,support_art,derivative,7,8,during_vote,https://www.pixiv.net/artworks/16794603,第8回投票末日为映姬等六名角色应援,"576赞;194收藏;27752阅览",2026-08-23,同一作品支持多名角色说明应援供给不能按作品数直接等同单角色票数,当前累计指标不能还原2011年的当日曝光,verified_logged_in
pixiv_r8_koishi_support,2011-02-19,day,Pixiv,JP,jp,domestic_platform_poll_alignment,古明地恋,古明地 こいし,support_art,derivative,7,8,during_vote,https://www.pixiv.net/artworks/16794603,第8回投票末日为恋恋等六名角色应援,"576赞;194收藏;27752阅览",2026-08-23,2011评论只关注恋恋的玩笑显示多角色应援也会被单角色注意力重新聚焦,单条评论不代表受众总体偏好,verified_logged_in
pixiv_r8_nue_support,2011-02-19,day,Pixiv,JP,jp,domestic_platform_poll_alignment,封兽鵺,封獣 ぬえ,support_art,derivative,7,8,during_vote,https://www.pixiv.net/artworks/16794603,第8回投票末日为鵺等六名角色应援,"576赞;194收藏;27752阅览",2026-08-23,早期Pixiv已存在投票末日的多角色应援实践,作品存在不等于受众完成了投票,verified_logged_in
pixiv_r8_nazrin_support,2011-02-19,day,Pixiv,JP,jp,domestic_platform_poll_alignment,娜兹玲,ナズーリン,support_art,derivative,7,8,during_vote,https://www.pixiv.net/artworks/16794603,第8回投票末日为娜兹玲等六名角色应援,"576赞;194收藏;27752阅览",2026-08-23,与第7回X预测相隔一年后仍可见娜兹玲应援作品,不能从两条材料推断稳定支持盘大小,verified_logged_in
pixiv_r8_koishi_focus_comment,2011-02-19,day,Pixiv,JP,jp,domestic_platform_poll_alignment,古明地恋,古明地 こいし,comment_reaction,comment,7,8,post_publish,https://www.pixiv.net/artworks/16794603,五人应援图里我只对恋恋有兴趣,,2026-08-23,评论层显示受众会从群体应援中提取单角色笑点,单条评论只能作质性样本,verified_logged_in
pixiv_easya_early,2015-03-01,day,Pixiv,JP,jp,domestic_platform_poll_alignment,易者,易者,derivative_art,derivative,10,11,inter_round,https://www.pixiv.net/artworks/49042898,易者二创早期样本,,2026-08-23,易者在进入第11回榜单前已有可见二创并非投票后才出现,单件作品不能证明覆盖规模或名次原因,verified_logged_in
x_r11_mokou_lolk_effect,2015-06-01,second,X,JP,jp,domestic_platform_poll_alignment,藤原妹红,藤原 妹紅,result_interpretation,discussion,10,11,post_result,https://x.com/yakumo_midori_/status/605202324164706304,深秘录登场效应被用于解释妹红重返Top10,,2026-08-23,赛后即时把官方新作登场与名次变化联系起来,这是社区解释而非控制其他因素后的因果估计,verified_logged_in
x_r11_seija_rise,2015-06-01,second,X,JP,jp,domestic_platform_poll_alignment,鬼人正邪,鬼人 正邪,result_interpretation,discussion,10,11,post_result,https://x.com/kochi13/status/605216258016092160,正邪布都小伞上涨尚可理解但莲子发生了什么,,2026-08-23,第11回结果后社区明确注意到正邪等角色上涨,帖子未给出完整机制和反事实,verified_logged_in
x_r11_renko_surprise,2015-06-01,second,X,JP,jp,domestic_platform_poll_alignment,宇佐见莲子,宇佐見 蓮子,result_interpretation,discussion,10,11,post_result,https://x.com/kochi13/status/605216258016092160,正邪布都小伞上涨尚可理解但莲子发生了什么,,2026-08-23,同一帖子把莲子作为无法解释的上涨案例保留了不确定性,惊讶不等于发现了传播机制,verified_logged_in
x_r11_seija_parsee_pair,2015-06-02,second,X,JP,jp,domestic_platform_poll_alignment,鬼人正邪,鬼人 正邪,meme_pairing,comment,10,11,post_result,https://x.com/levelerf/status/605689454615920640,下克上后的正邪与嫉妒妖怪帕露西同列27是否形成新组合,,2026-08-23,一设中的下克上与同名次偶合被快速组合成赛后新梗,结果后生成的组合梗不能反向解释投票期票数,verified_logged_in
x_r11_parsee_seija_pair,2015-06-02,second,X,JP,jp,domestic_platform_poll_alignment,水桥帕露西,水橋 パルスィ,meme_pairing,comment,10,11,post_result,https://x.com/levelerf/status/605689454615920640,下克上后的正邪与嫉妒妖怪帕露西同列27是否形成新组合,,2026-08-23,同名次成为跨角色二创关系的触发器,回复样本不代表组合梗已广泛扩散,verified_logged_in
x_r11_overview,2015-06-02,second,X,JP,jp,domestic_platform_poll_alignment,鬼人正邪,鬼人 正邪,result_visualization,discussion,10,11,post_result,https://x.com/chair_RYUCA/status/605422650312257536,第11回个人看点图,"679转发;486赞",2026-08-23,结果可视化本身形成高互动的二次传播入口,当前看到的是帖子累计互动不是投票规模,verified_logged_in
x_r12_easya_last_day,2016-01-16,second,X,JP,jp,domestic_platform_poll_alignment,易者,易者,support_or_mobilization,discussion,11,12,during_vote,https://x.com/augur_bot/status/688013210868408320,投票末日提醒并以易经太极图包装易者,,2026-08-23,角色一设和视觉符号被直接用于投票末日动员,无法识别看帖者是否投票或改变选择,verified_logged_in
x_r12_easya_followup,2016-01-16,second,X,JP,jp,domestic_platform_poll_alignment,易者,易者,support_or_mobilization,discussion,11,12,post_vote,https://x.com/augur_bot/status/688303381190807552,投票后继续以易者身份梗自我包装,,2026-08-23,连续角色扮演说明易者热度不只是一条结果帖,无法把账号连续发帖换算成受众人数,verified_logged_in
x_r12_easya_result,2016-01-21,second,X,JP,jp,domestic_platform_poll_alignment,易者,易者,result_meme,discussion,11,12,post_result,https://x.com/augur_bot/status/690144683004203008,赛后以幸运数字解释易者名次,,2026-08-23,名次数字被吸收为易者占卜梗的一部分,结果梗不能解释结果产生过程,verified_logged_in
x_akyuu_death_2016,2016-08-13,second,X,JP,jp,domestic_platform_poll_alignment,稗田阿求,稗田 阿求,canon_extrapolation,discussion,12,13,long_term_background,https://x.com/Tea_tya_rairen/status/764279935317848064,若幻想乡不是海螺小姐时空阿求不久会死,,2026-08-23,直接证明现实年表死亡梗至少在2016年已公开出现,单帖不足以测量当年普及率,verified_logged_in
x_r13_shingyoku_rise,2017-02-01,second,X,JP,jp,domestic_platform_poll_alignment,神玉,神玉,result_interpretation,discussion,12,13,post_result,https://x.com/nickel495/status/826800952749338625,神玉上升11位且为旧作角色中升幅最大,,2026-08-23,小众旧作角色的变化在第13回已被专门统计,升幅最大按该帖口径仍应与官方全榜复核,verified_logged_in
x_akyuu_death_2017,2017-12-13,second,X,JP,jp,domestic_platform_poll_alignment,稗田阿求,稗田 阿求,canon_extrapolation,discussion,13,14,long_term_background,https://x.com/sidou_nanami/status/940958989092773888,再出约五作阿求就会死,,2026-08-23,现实时间与作品数量被继续用于阿求寿命推算,推算不是官方剧情时间,verified_logged_in
x_r14_doremy_support,2018-01-20,second,X,JP,jp,domestic_platform_poll_alignment,哆来咪·苏伊特,ドレミー・スイート,support_art,derivative,13,14,during_vote,https://x.com/mottle_silver/status/954708420074004481,第14回末日滑入式哆来咪支援图,,2026-08-23,投票末日有明确角色应援且随后名次70到27,时间相邻不等于支援图造成43名跃升,verified_logged_in
x_r14_doremy_rise,2018-01-23,second,X,JP,jp,domestic_platform_poll_alignment,哆来咪·苏伊特,ドレミー・スイート,result_interpretation,discussion,13,14,post_result,https://x.com/_yutoy/status/955735768076464128,哆来咪上涨很厉害,,2026-08-23,赛后社区清楚注意到哆来咪大幅上涨,感叹帖不提供机制识别,verified_logged_in
x_akyuu_death_2018,2018-05-20,second,X,JP,jp,domestic_platform_poll_alignment,稗田阿求,稗田 阿求,canon_extrapolation,derivative,14,15,long_term_background,https://x.com/sidou_nanami/status/998146829056274433,若阿求死时灵梦也会相当大年纪并据此构思二创,,2026-08-23,寿命梗已经被用于二创世界观构思,二创设想不是官方年表,verified_logged_in
x_akyuu_death_2020,2020-03-20,second,X,JP,jp,domestic_platform_poll_alignment,稗田阿求,稗田 阿求,canon_extrapolation,discussion,15,16,long_term_background,https://x.com/908kureha/status/1240952902438416384,比一百天后死的鳄鱼更在意相识十多年的阿求是否会死,,2026-08-23,阿求梗与当时流行死亡叙事发生跨作品关联,单帖互动与覆盖未记录,verified_logged_in
x_akyuu_death_2021,2021-09-10,second,X,JP,jp,domestic_platform_poll_alignment,稗田阿求,稗田 阿求,canon_extrapolation,discussion,16,17,long_term_background,https://x.com/touhouhenkenbot/status/1436144263763410959,2024年前后阿求是否死亡会成为世界观转折点,"44转发;355赞",2026-08-23,高于前述单帖的可见互动证明2024节点在投票前数年已被公开讨论,互动量不能视为支持票,verified_logged_in
bili_mystia_game_release,2021-10-07,day,Bilibili,CN,cn,domestic_platform_poll_alignment,米斯蒂娅·萝蕾拉,ミスティア・ローレライ,game_exposure,derivative,9,10,inter_round,https://www.bilibili.com/video/BV1Nf4y177YE/,东方夜雀食堂正式版测评,"10.1万播放累计快照",2026-08-23,中文平台长期游戏曝光与国区米斯蒂娅第9到10回75到37同期,不能由测评播放量单独归因名次变化,verified_public
bili_yuma_dlc1,2022-04-28,day,Bilibili,CN,cn,domestic_platform_poll_alignment,饕餮尤魔,饕餮尤魔,game_exposure,derivative,9,10,pre_vote,https://www.bilibili.com/video/BV1SS4y1c7cr/,东方夜雀食堂DLC1尤魔Boss战,"2.6万播放累计快照",2026-08-23,尤魔在第10回前已通过中文同人游戏视频获得曝光,首次入榜和持续曝光并存无法构造无曝光反事实,verified_public
x_r18_parsee_38,2022-09-27,second,X,JP,jp,domestic_platform_poll_alignment,水桥帕露西,水橋 パルスィ,result_celebration,derivative,17,18,post_result,https://x.com/rotonoturugi_1/status/1574773819096846337,第18回帕露西38名庆祝,,2026-08-23,中腰部角色也有明确名次庆祝作品,庆祝帖不能说明未发帖支持者的规模,verified_logged_in
bili_kyoko_dlc3,2022-11-18,day,Bilibili,CN,cn,domestic_platform_poll_alignment,幽谷响子,幽谷 響子,game_exposure,derivative,10,11,inter_round,https://www.bilibili.com/video/BV18d4y1b7vw/,东方夜雀食堂DLC3开启视频,"6.2万播放累计快照",2026-08-23,响子获得明确DLC曝光但国区10到11回94到93几乎不变,是曝光并不自动转化为名次跃升的反例,verified_public
x_akyuu_death_2023,2023-08-11,second,X,JP,jp,domestic_platform_poll_alignment,稗田阿求,稗田 阿求,canon_extrapolation,discussion,18,19,long_term_background,https://x.com/aqpaca/status/1689935324343144448,吐槽太多人以阿求今年会死为前提,,2026-08-23,反向吐槽说明该说法在2023年已成为可识别前提,仍不能由单帖判断多数粉丝真实信念,verified_logged_in
x_akyuu_countdown_2024,2024-07-25,second,X,JP,jp,domestic_platform_poll_alignment,稗田阿求,稗田 阿求,countdown_meme,discussion,19,20,pre_vote,https://x.com/3d_Kazu/status/1816399892388155709,距离阿求命日不到两周,,2026-08-23,2024节点在投票前进入倒计时阶段且承接多年旧梗,精确命日是社区推算不是官方剧情,verified_logged_in
x_akyuu_counterview_2024,2024-07-28,second,X,JP,jp,domestic_platform_poll_alignment,稗田阿求,稗田 阿求,counter_interpretation,discussion,19,20,pre_vote,https://x.com/takomokota/status/1817510696353169478,只是考据党讨论粉丝总体并不真认为她会死,,2026-08-23,保留同一社区内部对梗普及度和认真程度的反方意见,单条反方帖也不能代表总体,verified_logged_in
bili_akyuu_funeral,2024-08-06,second,Bilibili,CN,jp,cross_region_observed,稗田阿求,稗田 阿求,meme_video,derivative,19,20,pre_vote,https://www.bilibili.com/video/BV1sSareYEQj/,稗田阿求于2024年8月7日安详逝世,"24.2万播放;6141赞;2345收藏;863分享",2026-08-23,中文平台在日区第20回前集中传播长期寿命梗,当前累计量和时间相邻均不能证明日区新增票数,verified_public
bili_akyuu_result,2024-08-24,second,Bilibili,CN,jp,cross_region_observed,稗田阿求,稗田 阿求,result_meme,derivative,19,20,post_result,https://www.bilibili.com/video/BV1EpWZe2EvU/,阿求排名上升47名真相令人落泪,"1.5万播放累计快照",2026-08-23,日区结果被中文视频迅速吸收进既有寿命梗,发布时间晚于投票结束不能反向解释投票,verified_public
bili_yuma_long_exposure,2024-01-25,day,Bilibili,CN,cn,domestic_platform_poll_alignment,饕餮尤魔,饕餮尤魔,result_visibility,discussion,10,11,post_result,https://www.bilibili.com/video/BV1Xc411e7n2/,第11回中文角色部门TOP191速报,"2.6万播放;823弹幕显示值",2026-08-23,尤魔10到11回76到48与游戏二创持续曝光同期且结果视频提供再传播入口,结果视频不能解释投票前增长,verified_public
bili_kyoko_no_jump,2024-01-25,day,Bilibili,CN,cn,domestic_platform_poll_alignment,幽谷响子,幽谷 響子,result_visibility,discussion,10,11,post_result,https://www.bilibili.com/video/BV1Xc411e7n2/,第11回中文角色部门TOP191速报,"2.6万播放;823弹幕显示值",2026-08-23,响子DLC3曝光后仍为94到93名构成有曝光无跃升反例,榜单结果不能测量游戏玩家与投票者重叠,verified_public
bili_toyohime_top10_meme,2025-08-15,second,Bilibili,CN,jp,cross_region_observed,绵月丰姬,綿月 豊姫,support_meme,derivative,20,21,pre_vote,https://www.bilibili.com/video/BV1gKbxzjEZb/,幻想丰姬人气进入前十,"4.7万播放;13弹幕;1470赞;318收藏;125分享",2026-08-23,中文平台在日区第21回开始日前夜出现丰姬投票梗且她随后119到73,评论尚未完整读取且不能把视频视为46名上涨的原因,verified_public_comments_pending
x_r21_larva_rule,2025-08-30,second,X,JP,jp,domestic_platform_poll_alignment,莉格露·奈特巴格,リグル・ナイトバグ,rule_interpretation,discussion,20,21,post_result,https://x.com/Velno_31/status/1961657279889248518,预测旧权重对莉格露名次影响,,2026-08-23,规则变化如何影响长尾角色被即时讨论,社区估算需与官方复算区分,verified_logged_in
x_r21_rule_counterfactual,2025-08-30,second,X,JP,jp,domestic_platform_poll_alignment,古明地恋,古明地 こいし,rule_counterfactual,discussion,20,21,post_result,https://x.com/iTsumiH2O/status/1961752329176379426,按旧2比1计分重算第21回,,2026-08-23,说明冠军标题对计分权重敏感且回复将其与琪露诺九梗联系,社区帖与官方复算口径必须分开,verified_logged_in
x_r21_ryurei_top100,2025-08-30,second,X,JP,jp,domestic_platform_poll_alignment,宫出口瑞灵,宮出口瑞霊,result_celebration,derivative,20,21,post_result,https://x.com/KKalfa55611932/status/1961789699737133318,瑞灵首次Top100并继续为第22回应援,,2026-08-23,瑞灵118到91且官方支援数8到138与持续应援同时可见,支援数和帖子不能相加或当成票数,verified_logged_in
x_r21_louise_longtail,2025-08-31,second,X,JP,jp,domestic_platform_poll_alignment,露易兹,ルイズ,long_tail_statistics,discussion,20,21,post_result,https://x.com/kuroyuMKW_0906/status/1961817971673952643,第21回长尾露易兹神玉幽玄魔眼等分层统计,,2026-08-23,结果讨论明确覆盖旧作长尾而非只看Top100,分层统计的候选定义仍需与官方表逐项核对,verified_logged_in
x_r21_shingyoku_longtail,2025-08-31,second,X,JP,jp,domestic_platform_poll_alignment,神玉,神玉,long_tail_statistics,discussion,20,21,post_result,https://x.com/kuroyuMKW_0906/status/1961817971673952643,第21回长尾露易兹神玉幽玄魔眼等分层统计,,2026-08-23,神玉在早期第13回与第21回长尾讨论中均被点名,帖子不能填补不存在的逐年社媒全量,verified_logged_in
x_r21_mimaeye_longtail,2025-08-31,second,X,JP,jp,domestic_platform_poll_alignment,幽幻魔眼,ユウゲンマガン,long_tail_statistics,discussion,20,21,post_result,https://x.com/kuroyuMKW_0906/status/1961817971673952643,第21回长尾露易兹神玉幽玄魔眼等分层统计,,2026-08-23,无台词旧作角色也进入赛后分层旁证,长尾微小票差对同票和候选口径敏感,verified_logged_in
x_r21_kikuri_bottom,2025-08-31,second,X,JP,jp,domestic_platform_poll_alignment,菊理,キクリ,long_tail_statistics,discussion,20,21,post_result,https://x.com/kuroyuMKW_0906/status/1961811821289160881,最低位有名Boss菊理讨论,,2026-08-23,最低位角色也能成为统计讨论对象避免幸存者偏差,单帖不代表菊理拥有稳定创作生态,verified_logged_in
bili_koishi_result_f1,2025-08-30,second,Bilibili,CN,jp,cross_region_observed,古明地恋,古明地 こいし,result_meme,derivative,20,21,post_result,https://www.bilibili.com/video/BV1XihezyEVF/,恋恋重新夺得世界第一的F1模板,,2026-08-23,日区结果在中文平台数小时内被模板化,发布时间在结果后不能说明投票期动员,verified_public
bili_koishi_ten_year,2025-08-30,second,Bilibili,CN,jp,cross_region_observed,古明地恋,古明地 こいし,result_meme,derivative,20,21,post_result,https://www.bilibili.com/video/BV1pkhqzMEwo/,十年后恋恋回到第一,,2026-08-23,长期名次历史被压缩成易传播的十年回归叙事,结果后叙事不是夺冠的唯一原因,verified_public
x_r21_fairy_merge_watch,2025-08-30,day,X,JP,jp,domestic_platform_poll_alignment,妖精（女仆妖精、向日葵妖精等）,妖精（メイド妖精・ひまわり妖精 他）,candidate_definition_watch,discussion,20,21,post_result,https://x.com/iTsumiH2O/status/1961752329176379426,一押率与规则讨论牵出合并候选项异常变化,,2026-08-23,妖精合并项171到101需优先核查候选定义和合并口径,没有足够证据前不解释为真实人气暴涨,needs_candidate_definition_audit
bili_mima_return_meme,2025-01-22,day,Bilibili,CN,,unassigned_context,魅魔,魅魔,meme_video,derivative,,,inter_round,https://www.bilibili.com/video/BV1gafhYbEpv/,东方梗指南之魅魔回归,"3.7万播放;24弹幕累计快照",2026-08-23,旧作角色回归梗在第20—21回之间获得中文视频化表达；与第21回年轻/新参问卷结构并置观察,题名命中和当前累计互动不能证明投票动员或回归造成名次变化,verified_public
bili_mima_rank49,2026-05-07,day,Bilibili,CN,jp,cross_region_observed,魅魔,魅魔,result_visibility,discussion,20,21,post_result,https://www.bilibili.com/video/BV1XhdFB4EFw/,东方人物志东方人气排行第49名魅魔,"5456播放;2弹幕累计快照",2026-08-23,旧作角色第21回排名被中文角色志再传播,视频发布时间晚于第21回结果不能解释结果本身,verified_public
bili_daiyou_lecture,2020-02-12,day,Bilibili,CN,,unassigned_context,大妖精,大妖精,character_lecture,derivative,,,inter_round,https://www.bilibili.com/video/BV1g7411V7sR/,道中大酱大妖精浅谈角色外貌与行为,"4.6万播放;660弹幕累计快照",2026-08-23,低一设角色通过人物讲解和道中Boss符号获得中文可见性,播放和弹幕不能替代角色投票或官方支持数,verified_public
bili_koakuma_lecture,2020-02-22,day,Bilibili,CN,,unassigned_context,小恶魔,小悪魔,character_lecture,derivative,,,inter_round,https://www.bilibili.com/video/BV1Q7411w71h/,尽职的恶魔小恶魔浅谈东方人物角色外貌与行为,"4.0万播放;630弹幕累计快照",2026-08-23,有限一设被人物讲解和红魔馆二创语汇补全,官方设定稀少与二创热度不能混写为同一指标,verified_public
bili_renko_lecture,2024-02-08,day,Bilibili,CN,,unassigned_context,宇佐见莲子,宇佐見蓮子,character_lecture,derivative,,,inter_round,https://www.bilibili.com/video/BV11Z421z7du/,现世的天才宇佐见莲子浅谈东方人物角色外貌与行为,"5.1万播放;416弹幕累计快照",2026-08-23,秘封角色讲解与长期线下/同人社群盘并存,不能由视频互动推出第21回角色票,verified_public
bili_renko_secret_club,2021-09-24,day,Bilibili,CN,,unassigned_context,宇佐见莲子,宇佐見蓮子,group_lecture,derivative,,,inter_round,https://www.bilibili.com/video/BV1Uv41137JL/,为什么我们喜欢秘封组,"5.2万播放;259弹幕累计快照",2026-08-23,秘封整体关系与音乐/同人生态是莲子梅莉的慢变量旁证,组合内容不能拆成单角色支持量,verified_public
bili_merry_lecture,2024-01-31,day,Bilibili,CN,,unassigned_context,玛艾露贝莉·赫恩,マエリベリー・ハーン,character_lecture,derivative,,,inter_round,https://www.bilibili.com/video/BV1uB421r7FJ/,窥幻的少女梅莉浅谈东方人物角色外貌与行为,"3.9万播放;332弹幕累计快照",2026-08-23,秘封角色讲解承接既有关系型社群,不能由当前播放量反推某届票数,verified_public
bili_yomotsu_setting_lecture,2023-08-17,day,Bilibili,CN,,unassigned_context,豫母都日狭美,豫母都日狭美,character_lecture,derivative,,,inter_round,https://www.bilibili.com/video/BV1Rj411B7Q5/,东方兽王园新角色日狭美角色设计与设定详解,"3.1万播放;977弹幕累计快照",2026-08-23,新作角色的官方设定在中文社区有集中讲解节点,新角色曝光与新人票不能等同,verified_public
bili_yomotsu_rank52,2023-10-02,day,Bilibili,CN,jp,cross_region_observed,豫母都日狭美,豫母都日狭美,result_visibility,discussion,18,19,post_result,https://www.bilibili.com/video/BV1Jh4y167Qu/,得知日狭美人气投票位居52名,"820播放累计快照",2026-08-23,明确把日狭美名次作为中文视频主题，可与第19回结果做时间配对,结果反应晚于投票不能证明视频造成名次,verified_public
bili_maki_five_boss,2024-06-08,day,Bilibili,CN,,unassigned_context,杖刀偶磨弓,杖刀偶磨弓,meme_video,derivative,,,inter_round,https://www.bilibili.com/video/BV1jZ421g7Qs/,最忠诚5面杖刀偶磨弓LNNNN,"1.3万播放;2弹幕累计快照",2026-08-23,五面Boss和LNN梗把阵营设定转为可传播笑点,梗视频不是投票期应援且不能代表角色支持盘,verified_public
bili_tatsu_r22_support,2026-08-21,day,Bilibili,CN,jp,cross_region_observed,饭纲丸龙,飯綱丸龍,support_video,derivative,21,22,during_vote,https://www.bilibili.com/video/BV1K5by6CEht/,饭纲丸大人需要你的一票,"5266播放;65弹幕累计快照",2026-08-23,第22回进行中出现明确投票动员语义；仅作为进行中供给记录,第22回无完整结果，不能并入历史名次或与往届票数相加,verified_public
tieba_yamashan_r22_support,2026-08-22,day,Tieba,CN,jp,cross_region_observed,驹草山如,駒草山如,support_thread,discussion,21,22,during_vote,https://tieba.baidu.com/p/10962352809,第22回东方人气投票应援楼&抽奖,"回复1;其他可见数字6/1（页面未标注字段）",2026-08-23,中文贴吧在投票进行期以应援抽奖和角色音乐/醉蝶华二创记忆动员山如；评论把低人气、道中曲和漫画出场并置,第22回未结束；贴吧回复与投票票数无可比换算；其他数字字段未标注,verified_public
tieba_satori_r22_support,2026-08-22,day,Tieba,CN,jp,cross_region_observed,古明地觉,古明地さとり,support_thread,discussion,21,22,during_vote,https://tieba.baidu.com/p/10964667162,请给古明地觉投下宝贵的票🤝,"回复6;其他可见数字27/3（页面未标注字段）",2026-08-23,标题是直接投票应援；正文用第6—21回连续梦碎称呼制造长期失败梗，说明历史名次记忆进入本届动员,第22回未结束；连续梗是叙事材料而非因果证据；部分楼层需登录,verified_public
tieba_vote_translation_r22_tool,2026-08-22,day,Tieba,CN,jp,cross_region_observed,全角色,,translation_tool,discussion,21,22,during_vote,https://tieba.baidu.com/p/10963038584,【工具】东方人气投票中文翻译脚本插件,"回复10;其他可见数字27/9（页面未标注字段）",2026-08-23,工具帖把日区投票的姓名/曲名/作品名翻译成中文，评论出现看不懂日文、片假名困扰和投票仍可猜出的分层体验,第22回未结束；工具采用thbwiki译名不等于官方投票口径；回复受登录展示限制,verified_public
tieba_koishi_r22_discussion,2026-08-22,day,Tieba,CN,jp,cross_region_observed,古明地恋,古明地こいし,discussion_thread,discussion,21,22,during_vote,https://tieba.baidu.com/p/10962283358,东方Project，2026人气投票已经开始,"回复22;其他可见数字7/2（页面未标注字段）",2026-08-23,300英雄吧把第21回恋恋第一与游戏出场率倒数并置，形成跨作品玩家对人气与使用率脱钩的讨论；首层评论又批评觉恋技能组,第22回未结束；300英雄玩家不是投票总体；评论串其余楼层需贴吧登录,verified_public
tieba_rise_prediction_mokou,2026-08-23,day,Tieba,CN,jp,cross_region_observed,藤原妹红,藤原 妹紅,prediction_thread,discussion,21,22,during_vote,https://tieba.baidu.com/p/10966525817,大胆预测名次飙升：尼古丁猫与妹红叼烟二创,"帖子回复9;妹红楼层显示5",2026-08-24,贴吧把投票期外部流行梗和妹红既有叼烟二创联系为上涨预测,第22回未结束且预测不能证明票数变化,verified_logged_in
tieba_rise_prediction_ushizaki,2026-08-23,day,Tieba,CN,jp,cross_region_observed,牛崎润美,牛崎 潤美,prediction_thread,discussion,21,22,during_vote,https://tieba.baidu.com/p/10966525817,大胆预测名次飙升：投票前牛来让河边老牛重回视野,"帖子回复9;润美楼层显示9",2026-08-24,小众角色被明确放入投票前新内容曝光与中文再发现的预测链,帖中牛来所指作品仍需单独核实且第22回无结果,verified_logged_in
tieba_kagerou_r22_support,2026-08-23,day,Tieba,CN,jp,cross_region_observed,今泉影狼,今泉 影狼,support_thread,discussion,21,22,during_vote,https://tieba.baidu.com/p/10965823106,投票今泉影狼喵我什么都不会做的,"回复1;其他可见数字1（页面未标注字段）",2026-08-24,猫化语尾和无行动自嘲构成极简角色应援,正文图像不作文本推断且第22回未结束,verified_logged_in
tieba_hifuu_r22_support,2026-08-23,day,Tieba,CN,jp,cross_region_observed,宇佐见莲子,宇佐見 蓮子,support_thread,derivative,21,22,during_vote,https://tieba.baidu.com/p/10964871856,喝醉后命令把票投给秘封并让莲子梅莉到你家,"回复1;其他可见数字15/1（页面未标注字段）",2026-08-24,啤酒付丧神能力与秘封到访反转梗把组合关系直接接入应援,组合应援不能拆成莲子单角色支持量且第22回未结束,verified_logged_in
tieba_hifuu_r22_support_merry,2026-08-23,day,Tieba,CN,jp,cross_region_observed,玛艾露贝莉·赫恩,マエリベリー・ハーン,support_thread,derivative,21,22,during_vote,https://tieba.baidu.com/p/10964871856,喝醉后命令把票投给秘封并让莲子梅莉到你家,"回复1;其他可见数字15/1（页面未标注字段）",2026-08-24,同一组合应援同时提及梅莉并由回复还有这好事完成轻喜剧反转,同帖双角色记录用于覆盖审计但作品/回复数不可重复计为独立热度,verified_logged_in
jmpd_r4_marisa,2005-12-28,day,Japanese blog,JP,jp,domestic_platform_poll_alignment,雾雨魔理沙,霧雨 魔理沙,result_interpretation,analysis,4,5,post_result,https://exemptyjmpd.blog.fc2.com/blog-entry-358.html,第4回结果分析：魔理沙连续强势（含EX规则可视作三连冠）,个人赛后观察；无互动量快照,2026-08-24,作者把魔理沙的连续高位作为第4回最醒目的结果叙事,单篇博客为事后解释且未控制规则与投票者构成,verified_public_web
jmpd_r4_reimu,2005-12-28,day,Japanese blog,JP,jp,domestic_platform_poll_alignment,博丽灵梦,博麗 霊夢,result_interpretation,analysis,4,5,post_result,https://exemptyjmpd.blog.fc2.com/blog-entry-358.html,第4回结果分析：灵梦大幅上升,个人赛后观察；无互动量快照,2026-08-24,作者明确指出灵梦排名改善但未给出可检验的单一原因,单篇博客为事后解释且未控制规则与投票者构成,verified_public_web
jmpd_r4_yuyuko,2005-12-28,day,Japanese blog,JP,jp,domestic_platform_poll_alignment,西行寺幽幽子,西行寺 幽々子,result_interpretation,analysis,4,5,post_result,https://exemptyjmpd.blog.fc2.com/blog-entry-358.html,第4回结果分析：幽幽子第4位，作者认为可能进入稳定区间,个人赛后观察；无互动量快照,2026-08-24,这是对名次所处区间的描述性解释，不是稳定粉丝盘的测量,单篇博客为事后解释且未控制规则与投票者构成,verified_public_web
jmpd_r4_aya,2005-12-28,day,Japanese blog,JP,jp,domestic_platform_poll_alignment,射命丸文,射命丸 文,result_interpretation,analysis,4,5,post_result,https://exemptyjmpd.blog.fc2.com/blog-entry-358.html,第4回新角色文第8位；作者预测《文花帖》后续可能继续提高其人气,个人赛后观察；无互动量快照,2026-08-24,文花帖预期被写成赛后解释与预测，不能视为后来上升的唯一原因,预测与因果均未被该文单独验证,verified_public_web
jmpd_r4_komachi,2005-12-28,day,Japanese blog,JP,jp,domestic_platform_poll_alignment,小野塚小町,小野塚 小町,result_interpretation,analysis,4,5,post_result,https://exemptyjmpd.blog.fc2.com/blog-entry-358.html,第4回新角色小町第23位；作者认为名次偏低,个人赛后观察；无互动量快照,2026-08-24,记录作者对小町名次的主观惊讶,单篇博客且没有投票者调查或曝光量数据,verified_public_web
jmpd_r4_eiki,2005-12-28,day,Japanese blog,JP,jp,domestic_platform_poll_alignment,四季映姬·夜摩仙那度,四季映姫・ヤマザナドゥ,result_table_mention,analysis,4,5,post_result,https://exemptyjmpd.blog.fc2.com/blog-entry-358.html,第4回新角色映姬第25位，列入新角色名次观察,个人赛后观察；无互动量快照,2026-08-24,仅表示作者将映姬纳入新角色结果表的讨论,表格出现不等于角色机制或投票动员证据,verified_public_web
jmpd_r4_medicine,2005-12-28,day,Japanese blog,JP,jp,domestic_platform_poll_alignment,梅蒂欣·梅兰可莉,メディスン・メランコリー,result_table_mention,analysis,4,5,post_result,https://exemptyjmpd.blog.fc2.com/blog-entry-358.html,第4回新角色梅蒂欣第34位，列入新角色名次观察,个人赛后观察；无互动量快照,2026-08-24,仅表示作者将梅蒂欣纳入新角色结果表的讨论,表格出现不等于角色机制或投票动员证据,verified_public_web
jmpd_r5_reimu,2008-02-18,day,Japanese blog,JP,jp,domestic_platform_poll_alignment,博丽灵梦,博麗 霊夢,result_interpretation,analysis,5,6,post_result,https://exemptyjmpd.blog.fc2.com/blog-entry-1375.html,第5回按作品拆分分析：灵梦与魔理沙为主人公组，灵梦摆脱“拿不到第一”的形象,个人赛后观察；无互动量快照,2026-08-24,文章把主人公组的名次变化与长期印象并置,单篇博客为事后观察，未控制投票者构成与其他曝光,verified_public_web
jmpd_r5_marisa,2008-02-18,day,Japanese blog,JP,jp,domestic_platform_poll_alignment,雾雨魔理沙,霧雨 魔理沙,result_interpretation,analysis,5,6,post_result,https://exemptyjmpd.blog.fc2.com/blog-entry-1375.html,第5回按作品拆分分析：魔理沙仍保持强势,个人赛后观察；无互动量快照,2026-08-24,作者把魔理沙视为主人公组的持续高位基线,单篇博客为事后观察，未控制投票者构成与其他曝光,verified_public_web
jmpd_r5_sakuya,2008-02-18,day,Japanese blog,JP,jp,domestic_platform_poll_alignment,十六夜咲夜,十六夜 咲夜,result_table_mention,analysis,5,6,post_result,https://exemptyjmpd.blog.fc2.com/blog-entry-1375.html,第5回红魔乡组表格列出咲夜并比较组内名次,按作品拆分的赛后结果表；无互动量快照,2026-08-24,仅表示红魔乡组角色被纳入作者的排名观察,表格出现不等于角色机制或投票动员证据,verified_public_web
jmpd_r5_remilia,2008-02-18,day,Japanese blog,JP,jp,domestic_platform_poll_alignment,蕾米莉亚·斯卡蕾特,レミリア・スカーレット,result_table_mention,analysis,5,6,post_result,https://exemptyjmpd.blog.fc2.com/blog-entry-1375.html,第5回红魔乡组表格列出蕾米莉亚并比较组内名次,按作品拆分的赛后结果表；无互动量快照,2026-08-24,仅表示红魔乡组角色被纳入作者的排名观察,表格出现不等于角色机制或投票动员证据,verified_public_web
jmpd_r5_flandre,2008-02-18,day,Japanese blog,JP,jp,domestic_platform_poll_alignment,芙兰朵露·斯卡蕾特,フランドール・スカーレット,result_table_mention,analysis,5,6,post_result,https://exemptyjmpd.blog.fc2.com/blog-entry-1375.html,第5回红魔乡组表格列出芙兰朵露并比较组内名次,按作品拆分的赛后结果表；无互动量快照,2026-08-24,仅表示红魔乡组角色被纳入作者的排名观察,表格出现不等于角色机制或投票动员证据,verified_public_web
jmpd_r5_patchouli,2008-02-18,day,Japanese blog,JP,jp,domestic_platform_poll_alignment,帕秋莉·诺蕾姬,パチュリー・ノーレッジ,result_table_mention,analysis,5,6,post_result,https://exemptyjmpd.blog.fc2.com/blog-entry-1375.html,第5回红魔乡组表格列出帕秋莉并比较组内名次,按作品拆分的赛后结果表；无互动量快照,2026-08-24,仅表示红魔乡组角色被纳入作者的排名观察,表格出现不等于角色机制或投票动员证据,verified_public_web
jmpd_r5_cirno,2008-02-18,day,Japanese blog,JP,jp,domestic_platform_poll_alignment,琪露诺,チルノ,result_table_mention,analysis,5,6,post_result,https://exemptyjmpd.blog.fc2.com/blog-entry-1375.html,第5回红魔乡组表格列出琪露诺并比较组内名次,按作品拆分的赛后结果表；无互动量快照,2026-08-24,仅表示红魔乡组角色被纳入作者的排名观察,表格出现不等于角色机制或投票动员证据,verified_public_web
jmpd_r5_meiling,2008-02-18,day,Japanese blog,JP,jp,domestic_platform_poll_alignment,红美铃,紅 美鈴,result_table_mention,analysis,5,6,post_result,https://exemptyjmpd.blog.fc2.com/blog-entry-1375.html,第5回红魔乡组表格列出美铃并比较组内名次,按作品拆分的赛后结果表；无互动量快照,2026-08-24,仅表示红魔乡组角色被纳入作者的排名观察,表格出现不等于角色机制或投票动员证据,verified_public_web
jmpd_r5_rumia,2008-02-18,day,Japanese blog,JP,jp,domestic_platform_poll_alignment,露米娅,ルーミア,result_table_mention,analysis,5,6,post_result,https://exemptyjmpd.blog.fc2.com/blog-entry-1375.html,第5回红魔乡组表格列出露米娅并比较组内名次,按作品拆分的赛后结果表；无互动量快照,2026-08-24,仅表示红魔乡组角色被纳入作者的排名观察,表格出现不等于角色机制或投票动员证据,verified_public_web
jmpd_r5_little_devil,2008-02-18,day,Japanese blog,JP,jp,domestic_platform_poll_alignment,小恶魔,小悪魔,result_table_mention,analysis,5,6,post_result,https://exemptyjmpd.blog.fc2.com/blog-entry-1375.html,第5回红魔乡组表格列出小恶魔并比较组内名次,按作品拆分的赛后结果表；无互动量快照,2026-08-24,仅表示红魔乡组角色被纳入作者的排名观察,表格出现不等于角色机制或投票动员证据,verified_public_web
jmpd_r5_daiyousei,2008-02-18,day,Japanese blog,JP,jp,domestic_platform_poll_alignment,大妖精,大妖精,result_table_mention,analysis,5,6,post_result,https://exemptyjmpd.blog.fc2.com/blog-entry-1375.html,第5回红魔乡组表格列出大妖精并比较组内名次,按作品拆分的赛后结果表；无互动量快照,2026-08-24,仅表示红魔乡组角色被纳入作者的排名观察,表格出现不等于角色机制或投票动员证据,verified_public_web
jmpd_r5_yuyuko,2008-02-18,day,Japanese blog,JP,jp,domestic_platform_poll_alignment,西行寺幽幽子,西行寺 幽々子,result_table_mention,analysis,5,6,post_result,https://exemptyjmpd.blog.fc2.com/blog-entry-1375.html,第5回妖々梦组表格列出幽幽子并比较组内名次,按作品拆分的赛后结果表；无互动量快照,2026-08-24,仅表示妖々梦组角色被纳入作者的排名观察,表格出现不等于角色机制或投票动员证据,verified_public_web
jmpd_r5_yukari,2008-02-18,day,Japanese blog,JP,jp,domestic_platform_poll_alignment,八云紫,八雲 紫,result_table_mention,analysis,5,6,post_result,https://exemptyjmpd.blog.fc2.com/blog-entry-1375.html,第5回妖々梦组表格列出紫并比较组内名次,按作品拆分的赛后结果表；无互动量快照,2026-08-24,仅表示妖々梦组角色被纳入作者的排名观察,表格出现不等于角色机制或投票动员证据,verified_public_web
jmpd_r5_alice,2008-02-18,day,Japanese blog,JP,jp,domestic_platform_poll_alignment,爱丽丝·玛格特洛依德,アリス・マーガトロイド,result_table_mention,analysis,5,6,post_result,https://exemptyjmpd.blog.fc2.com/blog-entry-1375.html,第5回妖々梦组表格列出爱丽丝并比较组内名次,按作品拆分的赛后结果表；无互动量快照,2026-08-24,仅表示妖々梦组角色被纳入作者的排名观察,表格出现不等于角色机制或投票动员证据,verified_public_web
jmpd_r5_youmu,2008-02-18,day,Japanese blog,JP,jp,domestic_platform_poll_alignment,魂魄妖梦,魂魄 妖夢,result_table_mention,analysis,5,6,post_result,https://exemptyjmpd.blog.fc2.com/blog-entry-1375.html,第5回妖々梦组表格列出妖梦并比较组内名次,按作品拆分的赛后结果表；无互动量快照,2026-08-24,仅表示妖々梦组角色被纳入作者的排名观察,表格出现不等于角色机制或投票动员证据,verified_public_web
jmpd_r5_layti,2008-02-18,day,Japanese blog,JP,jp,domestic_platform_poll_alignment,蕾蒂·霍瓦特洛克,レティ・ホワイトロック,result_table_mention,analysis,5,6,post_result,https://exemptyjmpd.blog.fc2.com/blog-entry-1375.html,第5回妖々梦组表格列出蕾蒂并比较组内名次,按作品拆分的赛后结果表；无互动量快照,2026-08-24,仅表示妖々梦组角色被纳入作者的排名观察,表格出现不等于角色机制或投票动员证据,verified_public_web
jmpd_r5_lilywhite,2008-02-18,day,Japanese blog,JP,jp,domestic_platform_poll_alignment,莉莉霍瓦特（莉莉白）,リリーホワイト,result_table_mention,analysis,5,6,post_result,https://exemptyjmpd.blog.fc2.com/blog-entry-1375.html,第5回妖々梦组表格列出莉莉白并比较组内名次,按作品拆分的赛后结果表；无互动量快照,2026-08-24,仅表示妖々梦组角色被纳入作者的排名观察,表格出现不等于角色机制或投票动员证据,verified_public_web
jmpd_r5_lunasa,2008-02-18,day,Japanese blog,JP,jp,domestic_platform_poll_alignment,露娜萨·普莉兹姆利巴,ルナサ・プリズムリバー,result_table_mention,analysis,5,6,post_result,https://exemptyjmpd.blog.fc2.com/blog-entry-1375.html,第5回妖々梦组表格列出露娜萨并比较组内名次,按作品拆分的赛后结果表；无互动量快照,2026-08-24,仅表示妖々梦组角色被纳入作者的排名观察,表格出现不等于角色机制或投票动员证据,verified_public_web
jmpd_r5_merlin,2008-02-18,day,Japanese blog,JP,jp,domestic_platform_poll_alignment,梅露兰·普莉兹姆利巴,メルラン・プリズムリバー,result_table_mention,analysis,5,6,post_result,https://exemptyjmpd.blog.fc2.com/blog-entry-1375.html,第5回妖々梦组表格列出梅露兰并比较组内名次,按作品拆分的赛后结果表；无互动量快照,2026-08-24,仅表示妖々梦组角色被纳入作者的排名观察,表格出现不等于角色机制或投票动员证据,verified_public_web
jmpd_r5_lilica,2008-02-18,day,Japanese blog,JP,jp,domestic_platform_poll_alignment,莉莉卡·普莉兹姆利巴,リリカ・プリズムリバー,result_table_mention,analysis,5,6,post_result,https://exemptyjmpd.blog.fc2.com/blog-entry-1375.html,第5回妖々梦组表格列出莉莉卡并比较组内名次,按作品拆分的赛后结果表；无互动量快照,2026-08-24,仅表示妖々梦组角色被纳入作者的排名观察,表格出现不等于角色机制或投票动员证据,verified_public_web
jmpd_r5_suika,2008-02-18,day,Japanese blog,JP,jp,domestic_platform_poll_alignment,伊吹萃香,伊吹 萃香,result_table_mention,analysis,5,6,post_result,https://exemptyjmpd.blog.fc2.com/blog-entry-1375.html,第5回萃梦想组表格列出萃香并比较组内名次,按作品拆分的赛后结果表；无互动量快照,2026-08-24,仅表示萃梦想组角色被纳入作者的排名观察,表格出现不等于角色机制或投票动员证据,verified_public_web
jmpd_r5_mokou,2008-02-18,day,Japanese blog,JP,jp,domestic_platform_poll_alignment,藤原妹红,藤原 妹紅,result_table_mention,analysis,5,6,post_result,https://exemptyjmpd.blog.fc2.com/blog-entry-1375.html,第5回永夜抄组表格列出妹红并比较组内名次,按作品拆分的赛后结果表；无互动量快照,2026-08-24,仅表示永夜抄组角色被纳入作者的排名观察,表格出现不等于角色机制或投票动员证据,verified_public_web
jmpd_r5_keine,2008-02-18,day,Japanese blog,JP,jp,domestic_platform_poll_alignment,上白泽慧音,上白沢 慧音,result_table_mention,analysis,5,6,post_result,https://exemptyjmpd.blog.fc2.com/blog-entry-1375.html,第5回永夜抄组表格列出慧音并比较组内名次,按作品拆分的赛后结果表；无互动量快照,2026-08-24,仅表示永夜抄组角色被纳入作者的排名观察,表格出现不等于角色机制或投票动员证据,verified_public_web
jmpd_r5_reisen,2008-02-18,day,Japanese blog,JP,jp,domestic_platform_poll_alignment,铃仙·优昙华院·因幡,鈴仙・優曇華院・イナバ,result_table_mention,analysis,5,6,post_result,https://exemptyjmpd.blog.fc2.com/blog-entry-1375.html,第5回永夜抄组表格列出铃仙并比较组内名次,按作品拆分的赛后结果表；无互动量快照,2026-08-24,仅表示永夜抄组角色被纳入作者的排名观察,表格出现不等于角色机制或投票动员证据,verified_public_web
jmpd_r5_kaguya,2008-02-18,day,Japanese blog,JP,jp,domestic_platform_poll_alignment,蓬莱山辉夜,蓬莱山 輝夜,result_table_mention,analysis,5,6,post_result,https://exemptyjmpd.blog.fc2.com/blog-entry-1375.html,第5回永夜抄组表格列出辉夜并比较组内名次,按作品拆分的赛后结果表；无互动量快照,2026-08-24,仅表示永夜抄组角色被纳入作者的排名观察,表格出现不等于角色机制或投票动员证据,verified_public_web
jmpd_r5_eirin,2008-02-18,day,Japanese blog,JP,jp,domestic_platform_poll_alignment,八意永琳,八意 永琳,result_table_mention,analysis,5,6,post_result,https://exemptyjmpd.blog.fc2.com/blog-entry-1375.html,第5回永夜抄组表格列出永琳并比较组内名次,按作品拆分的赛后结果表；无互动量快照,2026-08-24,仅表示永夜抄组角色被纳入作者的排名观察,表格出现不等于角色机制或投票动员证据,verified_public_web
jmpd_r5_mystia,2008-02-18,day,Japanese blog,JP,jp,domestic_platform_poll_alignment,米斯蒂娅·萝蕾拉,ミスティア・ローレライ,result_table_mention,analysis,5,6,post_result,https://exemptyjmpd.blog.fc2.com/blog-entry-1375.html,第5回永夜抄组表格列出米斯蒂娅并比较组内名次,按作品拆分的赛后结果表；无互动量快照,2026-08-24,仅表示永夜抄组角色被纳入作者的排名观察,表格出现不等于角色机制或投票动员证据,verified_public_web
jmpd_r5_tewi,2008-02-18,day,Japanese blog,JP,jp,domestic_platform_poll_alignment,因幡天为（因幡帝）,因幡 てゐ,result_table_mention,analysis,5,6,post_result,https://exemptyjmpd.blog.fc2.com/blog-entry-1375.html,第5回永夜抄组表格列出因幡帝并比较组内名次,按作品拆分的赛后结果表；无互动量快照,2026-08-24,仅表示永夜抄组角色被纳入作者的排名观察,表格出现不等于角色机制或投票动员证据,verified_public_web
jmpd_r5_riggle,2008-02-18,day,Japanese blog,JP,jp,domestic_platform_poll_alignment,莉格露·奈特巴格,リグル・ナイトバグ,result_table_mention,analysis,5,6,post_result,https://exemptyjmpd.blog.fc2.com/blog-entry-1375.html,第5回永夜抄组表格列出莉格露并比较组内名次,按作品拆分的赛后结果表；无互动量快照,2026-08-24,仅表示永夜抄组角色被纳入作者的排名观察,表格出现不等于角色机制或投票动员证据,verified_public_web
jmpd_r5_aya,2008-02-18,day,Japanese blog,JP,jp,domestic_platform_poll_alignment,射命丸文,射命丸 文,result_interpretation,analysis,5,6,post_result,https://exemptyjmpd.blog.fc2.com/blog-entry-1375.html,第5回花映塚组表格列出文并讨论其新角色时代的高位,个人赛后观察；无互动量快照,2026-08-24,文是作者按作品拆分分析中明确讨论的花映塚高位角色,单篇博客为事后观察，不能证明后续名次由该文所述因素造成,verified_public_web
jmpd_r5_eiki,2008-02-18,day,Japanese blog,JP,jp,domestic_platform_poll_alignment,四季映姬·夜摩仙那度,四季映姫・ヤマザナドゥ,result_table_mention,analysis,5,6,post_result,https://exemptyjmpd.blog.fc2.com/blog-entry-1375.html,第5回花映塚组表格列出映姬并比较组内名次,按作品拆分的赛后结果表；无互动量快照,2026-08-24,仅表示花映塚组角色被纳入作者的排名观察,表格出现不等于角色机制或投票动员证据,verified_public_web
jmpd_r5_yuuka,2008-02-18,day,Japanese blog,JP,jp,domestic_platform_poll_alignment,风见幽香,風見 幽香,result_table_mention,analysis,5,6,post_result,https://exemptyjmpd.blog.fc2.com/blog-entry-1375.html,第5回花映塚组表格列出幽香并比较组内名次,按作品拆分的赛后结果表；无互动量快照,2026-08-24,仅表示花映塚组角色被纳入作者的排名观察,表格出现不等于角色机制或投票动员证据,verified_public_web
jmpd_r5_komachi,2008-02-18,day,Japanese blog,JP,jp,domestic_platform_poll_alignment,小野塚小町,小野塚 小町,result_table_mention,analysis,5,6,post_result,https://exemptyjmpd.blog.fc2.com/blog-entry-1375.html,第5回花映塚组表格列出小町并比较组内名次,按作品拆分的赛后结果表；无互动量快照,2026-08-24,仅表示花映塚组角色被纳入作者的排名观察,表格出现不等于角色机制或投票动员证据,verified_public_web
jmpd_r5_medicine,2008-02-18,day,Japanese blog,JP,jp,domestic_platform_poll_alignment,梅蒂欣·梅兰可莉,メディスン・メランコリー,result_table_mention,analysis,5,6,post_result,https://exemptyjmpd.blog.fc2.com/blog-entry-1375.html,第5回花映塚组表格列出梅蒂欣并比较组内名次,按作品拆分的赛后结果表；无互动量快照,2026-08-24,仅表示花映塚组角色被纳入作者的排名观察,表格出现不等于角色机制或投票动员证据,verified_public_web
jmpd_r5_sanae,2008-02-18,day,Japanese blog,JP,jp,domestic_platform_poll_alignment,东风谷早苗,東風谷 早苗,result_interpretation,analysis,5,6,post_result,https://exemptyjmpd.blog.fc2.com/blog-entry-1375.html,第5回风神录组表格列出早苗并讨论新作角色组内表现,个人赛后观察；无互动量快照,2026-08-24,文章将早苗作为风神录新作组的核心角色观察,单篇博客为事后观察，不能证明新作出场以外的独立因果,verified_public_web
jmpd_r5_suwako,2008-02-18,day,Japanese blog,JP,jp,domestic_platform_poll_alignment,洩矢诹访子,洩矢 諏訪子,result_table_mention,analysis,5,6,post_result,https://exemptyjmpd.blog.fc2.com/blog-entry-1375.html,第5回风神录组表格列出诹访子并比较组内名次,按作品拆分的赛后结果表；无互动量快照,2026-08-24,仅表示风神录组角色被纳入作者的排名观察,表格出现不等于角色机制或投票动员证据,verified_public_web
jmpd_r5_hina,2008-02-18,day,Japanese blog,JP,jp,domestic_platform_poll_alignment,键山雏,鍵山 雛,result_table_mention,analysis,5,6,post_result,https://exemptyjmpd.blog.fc2.com/blog-entry-1375.html,第5回风神录组表格列出雏并比较组内名次,按作品拆分的赛后结果表；无互动量快照,2026-08-24,仅表示风神录组角色被纳入作者的排名观察,表格出现不等于角色机制或投票动员证据,verified_public_web
jmpd_r5_nitori,2008-02-18,day,Japanese blog,JP,jp,domestic_platform_poll_alignment,河城荷取,河城 にとり,result_table_mention,analysis,5,6,post_result,https://exemptyjmpd.blog.fc2.com/blog-entry-1375.html,第5回风神录组表格列出荷取并比较组内名次,按作品拆分的赛后结果表；无互动量快照,2026-08-24,仅表示风神录组角色被纳入作者的排名观察,表格出现不等于角色机制或投票动员证据,verified_public_web
jmpd_r5_momiji,2008-02-18,day,Japanese blog,JP,jp,domestic_platform_poll_alignment,犬走椛,犬走 椛,result_table_mention,analysis,5,6,post_result,https://exemptyjmpd.blog.fc2.com/blog-entry-1375.html,第5回风神录组表格列出椛并比较组内名次,按作品拆分的赛后结果表；无互动量快照,2026-08-24,仅表示风神录组角色被纳入作者的排名观察,表格出现不等于角色机制或投票动员证据,verified_public_web
jmpd_r5_kanako,2008-02-18,day,Japanese blog,JP,jp,domestic_platform_poll_alignment,八坂神奈子,八坂 神奈子,result_table_mention,analysis,5,6,post_result,https://exemptyjmpd.blog.fc2.com/blog-entry-1375.html,第5回风神录组表格列出神奈子并比较组内名次,按作品拆分的赛后结果表；无互动量快照,2026-08-24,仅表示风神录组角色被纳入作者的排名观察,表格出现不等于角色机制或投票动员证据,verified_public_web
jmpd_r5_shizuha,2008-02-18,day,Japanese blog,JP,jp,domestic_platform_poll_alignment,秋静叶,秋 静葉,result_table_mention,analysis,5,6,post_result,https://exemptyjmpd.blog.fc2.com/blog-entry-1375.html,第5回风神录组表格列出静叶并比较组内名次,按作品拆分的赛后结果表；无互动量快照,2026-08-24,仅表示风神录组角色被纳入作者的排名观察,表格出现不等于角色机制或投票动员证据,verified_public_web
jmpd_r5_minoriko,2008-02-18,day,Japanese blog,JP,jp,domestic_platform_poll_alignment,秋穰子,秋 穣子,result_table_mention,analysis,5,6,post_result,https://exemptyjmpd.blog.fc2.com/blog-entry-1375.html,第5回风神录组表格列出穰子并比较组内名次,按作品拆分的赛后结果表；无互动量快照,2026-08-24,仅表示风神录组角色被纳入作者的排名观察,表格出现不等于角色机制或投票动员证据,verified_public_web
jmpd_r5_rinnosuke,2008-02-18,day,Japanese blog,JP,jp,domestic_platform_poll_alignment,森近霖之助,森近 霖之助,result_table_mention,analysis,5,6,post_result,https://exemptyjmpd.blog.fc2.com/blog-entry-1375.html,第5回书籍/音乐CD组表格列出霖之助并比较出版物角色名次,按作品拆分的赛后结果表；无互动量快照,2026-08-24,仅表示出版物角色被纳入作者的排名观察,表格出现不等于角色机制或投票动员证据,verified_public_web
jmpd_r5_akyuu,2008-02-18,day,Japanese blog,JP,jp,domestic_platform_poll_alignment,稗田阿求,稗田 阿求,result_table_mention,analysis,5,6,post_result,https://exemptyjmpd.blog.fc2.com/blog-entry-1375.html,第5回书籍/音乐CD组表格列出阿求并比较出版物角色名次,按作品拆分的赛后结果表；无互动量快照,2026-08-24,仅表示出版物角色被纳入作者的排名观察,表格出现不等于角色机制或投票动员证据,verified_public_web
jmpd_r5_renko,2008-02-18,day,Japanese blog,JP,jp,domestic_platform_poll_alignment,宇佐见莲子,宇佐見 蓮子,result_table_mention,analysis,5,6,post_result,https://exemptyjmpd.blog.fc2.com/blog-entry-1375.html,第5回书籍/音乐CD组表格列出莲子并比较秘封角色名次,按作品拆分的赛后结果表；无互动量快照,2026-08-24,仅表示秘封角色被纳入作者的排名观察,表格出现不等于角色机制或投票动员证据,verified_public_web
jmpd_r5_merry,2008-02-18,day,Japanese blog,JP,jp,domestic_platform_poll_alignment,玛艾露贝莉·赫恩,マエリベリー・ハーン,result_table_mention,analysis,5,6,post_result,https://exemptyjmpd.blog.fc2.com/blog-entry-1375.html,第5回书籍/音乐CD组表格列出梅莉并比较秘封角色名次,按作品拆分的赛后结果表；无互动量快照,2026-08-24,仅表示秘封角色被纳入作者的排名观察,表格出现不等于角色机制或投票动员证据,verified_public_web
nix_r6_sanae,2009-01-31,day,Japanese blog,JP,jp,domestic_platform_poll_alignment,东风谷早苗,東風谷 早苗,result_interpretation,analysis,6,7,post_result,https://nix-in-desertis.blog.jp/archives/51569916.html,第6回分析：早苗大幅上升,个人赛后观察；无互动量快照,2026-08-24,作者把早苗列为本届最明显的上升角色之一,单篇博客为事后观察，不能证明上升由单一曝光造成,verified_public_web
nix_r6_yuuka,2009-01-31,day,Japanese blog,JP,jp,domestic_platform_poll_alignment,风见幽香,風見 幽香,result_interpretation,analysis,6,7,post_result,https://nix-in-desertis.blog.jp/archives/51569916.html,第6回分析：幽香大幅上升,个人赛后观察；无互动量快照,2026-08-24,作者把幽香列为上升幅度显著的角色,单篇博客为事后观察，不能证明二创、原作或投票结构的独立贡献,verified_public_web
nix_r6_mokou,2009-01-31,day,Japanese blog,JP,jp,domestic_platform_poll_alignment,藤原妹红,藤原 妹紅,result_interpretation,analysis,6,7,post_result,https://nix-in-desertis.blog.jp/archives/51569916.html,第6回分析：妹红大幅上升,个人赛后观察；无互动量快照,2026-08-24,作者把妹红列为上升幅度显著的角色,单篇博客为事后观察，不能证明上升由单一曝光造成,verified_public_web
nix_r6_aya,2009-01-31,day,Japanese blog,JP,jp,domestic_platform_poll_alignment,射命丸文,射命丸 文,result_interpretation,analysis,6,7,post_result,https://nix-in-desertis.blog.jp/archives/51569916.html,第6回分析：文名次明显下降，作者联系角色池扩大与一押率特点,个人赛后观察；无互动量快照,2026-08-24,这是对下降的结构性解释，保留角色池变化和一押率两个候选机制,单篇博客与事后解释不能区分各机制的实际贡献,verified_public_web
nix_r6_yuyuko,2009-01-31,day,Japanese blog,JP,jp,domestic_platform_poll_alignment,西行寺幽幽子,西行寺 幽々子,result_interpretation,analysis,6,7,post_result,https://nix-in-desertis.blog.jp/archives/51569916.html,第6回分析：幽幽子下降被解释为角色数量增加造成的自然下降,个人赛后观察；无互动量快照,2026-08-24,作者将幽々子与角色池扩张联系为描述性解释,不能从单篇文章识别候选池扩张的独立因果效应,verified_public_web
nix_r6_alice,2009-01-31,day,Japanese blog,JP,jp,domestic_platform_poll_alignment,爱丽丝·玛格特洛依德,アリス・マーガトロイド,result_interpretation,analysis,6,7,post_result,https://nix-in-desertis.blog.jp/archives/51569916.html,第6回分析：爱丽丝下降被解释为角色数量增加造成的自然下降,个人赛后观察；无互动量快照,2026-08-24,作者把爱丽丝作为角色池扩张后的自然回落例子,不能从单篇文章识别候选池扩张的独立因果效应,verified_public_web
nix_r6_remilia,2009-01-31,day,Japanese blog,JP,jp,domestic_platform_poll_alignment,蕾米莉亚·斯卡蕾特,レミリア・スカーレット,result_interpretation,analysis,6,7,post_result,https://nix-in-desertis.blog.jp/archives/51569916.html,第6回分析：蕾米莉亚基本维持，作者联系《绯想天》出场,个人赛后观察；无互动量快照,2026-08-24,社区分析把格斗作出场作为维持高位的可能解释,属于事后观察且未有曝光量或反事实对照,verified_public_web
nix_r6_yukari,2009-01-31,day,Japanese blog,JP,jp,domestic_platform_poll_alignment,八云紫,八雲 紫,result_interpretation,analysis,6,7,post_result,https://nix-in-desertis.blog.jp/archives/51569916.html,第6回分析：八云紫基本维持，作者联系《绯想天》出场,个人赛后观察；无互动量快照,2026-08-24,社区分析把格斗作出场作为维持高位的可能解释,属于事后观察且未有曝光量或反事实对照,verified_public_web
nix_r6_eirin,2009-01-31,day,Japanese blog,JP,jp,domestic_platform_poll_alignment,八意永琳,八意 永琳,result_interpretation,analysis,6,7,post_result,https://nix-in-desertis.blog.jp/archives/51569916.html,第6回分析：永琳与永远亭组整体下降,个人赛后观察；无互动量快照,2026-08-24,作者将永远亭组作为群体下降现象观察,群体解释不能拆成单角色票数或因果贡献,verified_public_web
nix_r6_reisen,2009-01-31,day,Japanese blog,JP,jp,domestic_platform_poll_alignment,铃仙·优昙华院·因幡,鈴仙・優曇華院・イナバ,result_interpretation,analysis,6,7,post_result,https://nix-in-desertis.blog.jp/archives/51569916.html,第6回分析：铃仙随永远亭组整体下降,个人赛后观察；无互动量快照,2026-08-24,铃仙被放在永远亭组的共同趋势中讨论,群体解释不能拆成单角色票数或因果贡献,verified_public_web
nix_r6_suwako,2009-01-31,day,Japanese blog,JP,jp,domestic_platform_poll_alignment,洩矢诹访子,洩矢 諏訪子,result_interpretation,analysis,6,7,post_result,https://nix-in-desertis.blog.jp/archives/51569916.html,第6回分析：诹访子未如预期上升,个人赛后观察；无互动量快照,2026-08-24,记录作者对风神录角色表现与预期不符的观察,预期是个人基准，不能代表社区总体预期,verified_public_web
nix_r6_nitori,2009-01-31,day,Japanese blog,JP,jp,domestic_platform_poll_alignment,河城荷取,河城 にとり,result_interpretation,analysis,6,7,post_result,https://nix-in-desertis.blog.jp/archives/51569916.html,第6回分析：荷取未如预期上升,个人赛后观察；无互动量快照,2026-08-24,记录作者对风神录角色表现与预期不符的观察,预期是个人基准，不能代表社区总体预期,verified_public_web
nix_r6_kanako,2009-01-31,day,Japanese blog,JP,jp,domestic_platform_poll_alignment,八坂神奈子,八坂 神奈子,result_interpretation,analysis,6,7,post_result,https://nix-in-desertis.blog.jp/archives/51569916.html,第6回分析：神奈子基本维持,个人赛后观察；无互动量快照,2026-08-24,神奈子被列为风神录组中相对稳定者,单篇博客无法识别稳定的投票者构成或曝光原因,verified_public_web
nix_r6_hina,2009-01-31,day,Japanese blog,JP,jp,domestic_platform_poll_alignment,键山雏,鍵山 雛,result_interpretation,analysis,6,7,post_result,https://nix-in-desertis.blog.jp/archives/51569916.html,第6回分析：雏基本维持,个人赛后观察；无互动量快照,2026-08-24,雏被列为风神录组中相对稳定者,单篇博客无法识别稳定的投票者构成或曝光原因,verified_public_web
nix_r6_momiji,2009-01-31,day,Japanese blog,JP,jp,domestic_platform_poll_alignment,犬走椛,犬走 椛,result_interpretation,analysis,6,7,post_result,https://nix-in-desertis.blog.jp/archives/51569916.html,第6回分析：椛基本维持,个人赛后观察；无互动量快照,2026-08-24,椛被列为风神录组中相对稳定者,单篇博客无法识别稳定的投票者构成或曝光原因,verified_public_web
nix_r6_shizuha,2009-01-31,day,Japanese blog,JP,jp,domestic_platform_poll_alignment,秋静叶,秋 静葉,result_interpretation,analysis,6,7,post_result,https://nix-in-desertis.blog.jp/archives/51569916.html,第6回分析：秋姐妹略有上升，含静叶,个人赛后观察；无互动量快照,2026-08-24,秋姐妹被作为小幅上升群体观察,群体观察不能拆成单角色票数或因果贡献,verified_public_web
nix_r6_minoriko,2009-01-31,day,Japanese blog,JP,jp,domestic_platform_poll_alignment,秋穰子,秋 穣子,result_interpretation,analysis,6,7,post_result,https://nix-in-desertis.blog.jp/archives/51569916.html,第6回分析：秋姐妹略有上升，含穰子,个人赛后观察；无互动量快照,2026-08-24,秋姐妹被作为小幅上升群体观察,群体观察不能拆成单角色票数或因果贡献,verified_public_web
nix_r6_koishi,2009-01-31,day,Japanese blog,JP,jp,domestic_platform_poll_alignment,古明地恋,古明地 こいし,result_interpretation,analysis,6,7,post_result,https://nix-in-desertis.blog.jp/archives/51569916.html,第6回分析：地灵殿组恋、燐、觉的名次出乎作者预期,个人赛后观察；无互动量快照,2026-08-24,恋被纳入地灵殿组的意外名次观察,作者预期并非社区总体预期，不能直接转为原因结论,verified_public_web
nix_r6_rin,2009-01-31,day,Japanese blog,JP,jp,domestic_platform_poll_alignment,火焰猫燐,火焔猫 燐,result_interpretation,analysis,6,7,post_result,https://nix-in-desertis.blog.jp/archives/51569916.html,第6回分析：地灵殿组恋、燐、觉的名次出乎作者预期,个人赛后观察；无互动量快照,2026-08-24,燐被纳入地灵殿组的意外名次观察,作者预期并非社区总体预期，不能直接转为原因结论,verified_public_web
nix_r6_satori,2009-01-31,day,Japanese blog,JP,jp,domestic_platform_poll_alignment,古明地觉,古明地 さとり,result_interpretation,analysis,6,7,post_result,https://nix-in-desertis.blog.jp/archives/51569916.html,第6回分析：地灵殿组恋、燐、觉的名次出乎作者预期,个人赛后观察；无互动量快照,2026-08-24,觉被纳入地灵殿组的意外名次观察,作者预期并非社区总体预期，不能直接转为原因结论,verified_public_web
nix_r6_tenshi,2009-01-31,day,Japanese blog,JP,jp,domestic_platform_poll_alignment,比那名居天子,比那名居 天子,result_interpretation,analysis,6,7,post_result,https://nix-in-desertis.blog.jp/archives/51569916.html,第6回分析：天子、衣玖属于作者认为的合理位置,个人赛后观察；无互动量快照,2026-08-24,天子被放入相对符合预期的名次观察,合理位置是作者判断，不能代表投票者共识,verified_public_web
nix_r6_iku,2009-01-31,day,Japanese blog,JP,jp,domestic_platform_poll_alignment,永江衣玖,永江 衣玖,result_interpretation,analysis,6,7,post_result,https://nix-in-desertis.blog.jp/archives/51569916.html,第6回分析：天子、衣玖属于作者认为的合理位置,个人赛后观察；无互动量快照,2026-08-24,衣玖被放入相对符合预期的名次观察,合理位置是作者判断，不能代表投票者共识,verified_public_web
nix_r6_komachi,2009-01-31,day,Japanese blog,JP,jp,domestic_platform_poll_alignment,小野塚小町,小野塚 小町,result_interpretation,analysis,6,7,post_result,https://nix-in-desertis.blog.jp/archives/51569916.html,第6回评论区补充小町及其名次观点,评论区观点；无互动量快照,2026-08-24,评论区说明小町仍被放在赛后解释语境中,评论样本选择性强，不能代表全体社区,verified_public_web
nix_r6_rinnosuke,2009-01-31,day,Japanese blog,JP,jp,domestic_platform_poll_alignment,森近霖之助,森近 霖之助,result_interpretation,analysis,6,7,post_result,https://nix-in-desertis.blog.jp/archives/51569916.html,第6回评论区补充霖之助观点,评论区观点；无互动量快照,2026-08-24,评论区说明出版物角色也进入赛后比较,评论样本选择性强，不能代表全体社区,verified_public_web
nix_r6_pache,2009-01-31,day,Japanese blog,JP,jp,domestic_platform_poll_alignment,帕秋莉·诺蕾姬,パチュリー・ノーレッジ,result_interpretation,analysis,6,7,post_result,https://nix-in-desertis.blog.jp/archives/51569916.html,第6回一押率分析提到帕秋莉,一押率分析；无互动量快照,2026-08-24,一押率作为偏好分布旁证与总票分开保存,一押率统计受投票规则与样本构成影响，不能直接当作总人气,verified_public_web
nix_r6_youmu,2009-01-31,day,Japanese blog,JP,jp,domestic_platform_poll_alignment,魂魄妖梦,魂魄 妖夢,result_interpretation,analysis,6,7,post_result,https://nix-in-desertis.blog.jp/archives/51569916.html,第6回一押率分析提到妖梦,一押率分析；无互动量快照,2026-08-24,一押率作为偏好分布旁证与总票分开保存,一押率统计受投票规则与样本构成影响，不能直接当作总人气,verified_public_web
nix_r6_rumia,2009-01-31,day,Japanese blog,JP,jp,domestic_platform_poll_alignment,露米娅,ルーミア,result_interpretation,analysis,6,7,post_result,https://nix-in-desertis.blog.jp/archives/51569916.html,第6回一押率分析提到露米娅,一押率分析；无互动量快照,2026-08-24,一押率作为偏好分布旁证与总票分开保存,一押率统计受投票规则与样本构成影响，不能直接当作总人气,verified_public_web
nix_r6_mystia,2009-01-31,day,Japanese blog,JP,jp,domestic_platform_poll_alignment,米斯蒂娅·萝蕾拉,ミスティア・ローレライ,result_interpretation,analysis,6,7,post_result,https://nix-in-desertis.blog.jp/archives/51569916.html,第6回一押率分析提到米斯蒂娅,一押率分析；无互动量快照,2026-08-24,一押率作为偏好分布旁证与总票分开保存,一押率统计受投票规则与样本构成影响，不能直接当作总人气,verified_public_web
nix_r6_layti,2009-01-31,day,Japanese blog,JP,jp,domestic_platform_poll_alignment,蕾蒂·霍瓦特洛克,レティ・ホワイトロック,result_interpretation,analysis,6,7,post_result,https://nix-in-desertis.blog.jp/archives/51569916.html,第6回一押率分析提到蕾蒂,一押率分析；无互动量快照,2026-08-24,一押率作为偏好分布旁证与总票分开保存,一押率统计受投票规则与样本构成影响，不能直接当作总人气,verified_public_web
nix_r6_nitori_fav,2009-01-31,day,Japanese blog,JP,jp,domestic_platform_poll_alignment,河城荷取,河城 にとり,result_interpretation,analysis,6,7,post_result,https://nix-in-desertis.blog.jp/archives/51569916.html,第6回一押率分析提到荷取,一押率分析；无互动量快照,2026-08-24,荷取的一押率被作者作为偏好结构观察,一押率统计受投票规则与样本构成影响，不能直接当作总人气,verified_public_web
nix_r6_seija,2009-01-31,day,Japanese blog,JP,jp,domestic_platform_poll_alignment,鬼人正邪,鬼人 正邪,result_interpretation,analysis,6,7,post_result,https://nix-in-desertis.blog.jp/archives/51569916.html,第6回一押率分析提到正邪,一押率分析；无互动量快照,2026-08-24,正邪的一押率被作者作为偏好结构观察,一押率统计受投票规则与样本构成影响，不能直接当作总人气,verified_public_web
maisan_r8_koishi,2011-03-02,day,Japanese blog,JP,jp,domestic_platform_poll_alignment,古明地恋,古明地 こいし,result_interpretation,analysis,8,9,post_result,https://maisan.hatenablog.com/entry/20110302/1299073638,第8回分析：恋恋点数率上升，作者联系二次创作与固定粉丝,个人赛后分析；无互动量快照,2026-08-24,恋恋被作为上升与二创组合性解释的核心案例,赛后博客解释不能证明二创造成票数增长,verified_public_web
maisan_r8_aya,2011-03-02,day,Japanese blog,JP,jp,domestic_platform_poll_alignment,射命丸文,射命丸 文,result_interpretation,analysis,8,9,post_result,https://maisan.hatenablog.com/entry/20110302/1299073638,第8回分析：文的点数率上升并列入上位角色比较,个人赛后分析；无互动量快照,2026-08-24,文被放在上位角色点数率变化与作品曝光的比较中,不能将赛后解释写成单一传播因果,verified_public_web
maisan_r8_yuuka,2011-03-02,day,Japanese blog,JP,jp,domestic_platform_poll_alignment,风见幽香,風見 幽香,result_interpretation,analysis,8,9,post_result,https://maisan.hatenablog.com/entry/20110302/1299073638,第8回分析：幽香点数率上升,个人赛后分析；无互动量快照,2026-08-24,幽香被列为相对上升的长尾强角色,单篇文章无法识别二创、原作与投票结构的贡献,verified_public_web
maisan_r8_nitori,2011-03-02,day,Japanese blog,JP,jp,domestic_platform_poll_alignment,河城荷取,河城 にとり,result_interpretation,analysis,8,9,post_result,https://maisan.hatenablog.com/entry/20110302/1299073638,第8回分析：荷取点数率上升,个人赛后分析；无互动量快照,2026-08-24,荷取被列为点数率改善的角色之一,单篇文章无法识别二创、原作与投票结构的贡献,verified_public_web
maisan_r8_lunachild,2011-03-02,day,Japanese blog,JP,jp,domestic_platform_poll_alignment,露娜切露德,ルナチャイルド,result_table_mention,analysis,8,9,post_result,https://maisan.hatenablog.com/entry/20110302/1299073638,第8回长尾角色表列出露娜切露德及其点数率,结果表与赛后分析；无互动量快照,2026-08-24,长尾表为早期小众角色覆盖旁证,表格出现不等于角色有明确动员机制,verified_public_web
maisan_r8_yamame,2011-03-02,day,Japanese blog,JP,jp,domestic_platform_poll_alignment,黑谷山女,黒谷 ヤマメ,result_table_mention,analysis,8,9,post_result,https://maisan.hatenablog.com/entry/20110302/1299073638,第8回长尾角色表列出山女及其点数率,结果表与赛后分析；无互动量快照,2026-08-24,长尾表为早期小众角色覆盖旁证,表格出现不等于角色有明确动员机制,verified_public_web
maisan_r8_daiyousei,2011-03-02,day,Japanese blog,JP,jp,domestic_platform_poll_alignment,大妖精,大妖精,result_table_mention,analysis,8,9,post_result,https://maisan.hatenablog.com/entry/20110302/1299073638,第8回长尾角色表列出大妖精及其点数率,结果表与赛后分析；无互动量快照,2026-08-24,长尾表为早期小众角色覆盖旁证,表格出现不等于角色有明确动员机制,verified_public_web
maisan_r8_youmu,2011-03-02,day,Japanese blog,JP,jp,domestic_platform_poll_alignment,魂魄妖梦,魂魄 妖夢,result_interpretation,analysis,8,9,post_result,https://maisan.hatenablog.com/entry/20110302/1299073638,第8回分析：妖梦点数率下降,个人赛后分析；无互动量快照,2026-08-24,妖梦被用于说明上位角色也会因点数分散而相对下降,不能把点数率下降直接解释为角色失宠,verified_public_web
maisan_r8_reisen,2011-03-02,day,Japanese blog,JP,jp,domestic_platform_poll_alignment,铃仙·优昙华院·因幡,鈴仙・優曇華院・イナバ,result_table_mention,analysis,8,9,post_result,https://maisan.hatenablog.com/entry/20110302/1299073638,第8回长尾/上位比较表列出铃仙及其点数率,结果表与赛后分析；无互动量快照,2026-08-24,铃仙被纳入点数率分散与上位比较,表格与分布指标不能拆成动员因果,verified_public_web
maisan_r8_momiji,2011-03-02,day,Japanese blog,JP,jp,domestic_platform_poll_alignment,犬走椛,犬走 椛,result_table_mention,analysis,8,9,post_result,https://maisan.hatenablog.com/entry/20110302/1299073638,第8回长尾角色表列出椛及其点数率,结果表与赛后分析；无互动量快照,2026-08-24,椛被纳入早期长尾角色覆盖,表格出现不等于角色有明确动员机制,verified_public_web
maisan_r8_lilywhite,2011-03-02,day,Japanese blog,JP,jp,domestic_platform_poll_alignment,莉莉霍瓦特（莉莉白）,リリーホワイト,result_table_mention,analysis,8,9,post_result,https://maisan.hatenablog.com/entry/20110302/1299073638,第8回长尾角色表列出莉莉白及其点数率,结果表与赛后分析；无互动量快照,2026-08-24,莉莉白被纳入早期长尾角色覆盖,表格出现不等于角色有明确动员机制,verified_public_web
maisan_r8_shizuha,2011-03-02,day,Japanese blog,JP,jp,domestic_platform_poll_alignment,秋静叶,秋 静葉,result_table_mention,analysis,8,9,post_result,https://maisan.hatenablog.com/entry/20110302/1299073638,第8回长尾角色表列出秋静叶及其点数率,结果表与赛后分析；无互动量快照,2026-08-24,秋静叶被纳入早期长尾角色覆盖,表格出现不等于角色有明确动员机制,verified_public_web
maisan_r8_minoriko,2011-03-02,day,Japanese blog,JP,jp,domestic_platform_poll_alignment,秋穰子,秋 穣子,result_table_mention,analysis,8,9,post_result,https://maisan.hatenablog.com/entry/20110302/1299073638,第8回长尾角色表列出秋穰子及其点数率,结果表与赛后分析；无互动量快照,2026-08-24,秋穰子被纳入早期长尾角色覆盖,表格出现不等于角色有明确动员机制,verified_public_web
maisan_r8_lilica,2011-03-02,day,Japanese blog,JP,jp,domestic_platform_poll_alignment,莉莉卡·普莉兹姆利巴,リリカ・プリズムリバー,result_table_mention,analysis,8,9,post_result,https://maisan.hatenablog.com/entry/20110302/1299073638,第8回长尾角色表列出莉莉卡及其点数率,结果表与赛后分析；无互动量快照,2026-08-24,莉莉卡被纳入早期长尾角色覆盖,表格出现不等于角色有明确动员机制,verified_public_web
maisan_r8_little_devil,2011-03-02,day,Japanese blog,JP,jp,domestic_platform_poll_alignment,小恶魔,小悪魔,result_table_mention,analysis,8,9,post_result,https://maisan.hatenablog.com/entry/20110302/1299073638,第8回长尾角色表列出小恶魔及其点数率,结果表与赛后分析；无互动量快照,2026-08-24,小恶魔被纳入早期长尾角色覆盖,表格出现不等于角色有明确动员机制,verified_public_web
maisan_r8_sanae,2011-03-03,day,Japanese blog,JP,jp,domestic_platform_poll_alignment,东风谷早苗,東風谷 早苗,result_interpretation,analysis,8,9,post_result,https://maisan.hatenablog.com/entry/20110303/1299164438,第8回分析：早苗点数率下降,个人赛后分析；无互动量快照,2026-08-24,早苗被作为新作出场后回落与票数分散的观察对象,赛后分析无法将回落归因于单一事件,verified_public_web
maisan_r8_koakuma,2011-03-03,day,Japanese blog,JP,jp,domestic_platform_poll_alignment,小恶魔,小悪魔,result_table_mention,analysis,8,9,post_result,https://maisan.hatenablog.com/entry/20110303/1299164438,第8回长尾表再次列出小恶魔,结果表与赛后分析；无互动量快照,2026-08-24,同一角色多篇表格出现只计作来源覆盖，不合并为人气量,同一来源重复出现不能解释为独立社群规模,verified_public_web
maisan_r8_kogasa,2011-03-03,day,Japanese blog,JP,jp,domestic_platform_poll_alignment,多多良小伞,多々良 小傘,result_interpretation,analysis,8,9,post_result,https://maisan.hatenablog.com/entry/20110303/1299164438,第8回分析：小伞被列入下降角色观察,个人赛后分析；无互动量快照,2026-08-24,小伞被用于说明新作/二创曝光与名次变化并不总同向,单篇文章无法识别曝光与投票的独立效应,verified_public_web
maisan_r8_byakuren,2011-03-03,day,Japanese blog,JP,jp,domestic_platform_poll_alignment,圣白莲,聖 白蓮,result_interpretation,analysis,8,9,post_result,https://maisan.hatenablog.com/entry/20110303/1299164438,第8回分析：白莲名次/点数率下降,个人赛后分析；无互动量快照,2026-08-24,白莲被放入新作后角色回落与票数分散的解释,赛后分析无法证明曝光减少造成下降,verified_public_web
maisan_r8_suwako,2011-03-03,day,Japanese blog,JP,jp,domestic_platform_poll_alignment,洩矢诹访子,洩矢 諏訪子,result_interpretation,analysis,8,9,post_result,https://maisan.hatenablog.com/entry/20110303/1299164438,第8回分析：诹访子下降,个人赛后分析；无互动量快照,2026-08-24,诹访子被纳入下降角色的分布观察,单篇文章无法识别票数分散与角色曝光的相对贡献,verified_public_web
maisan_r8_eiki,2011-03-03,day,Japanese blog,JP,jp,domestic_platform_poll_alignment,四季映姬·夜摩仙那度,四季映姫・ヤマザナドゥ,result_interpretation,analysis,8,9,post_result,https://maisan.hatenablog.com/entry/20110303/1299164438,第8回分析：映姬下降,个人赛后分析；无互动量快照,2026-08-24,映姬被纳入下降角色的分布观察,单篇文章无法识别票数分散与角色曝光的相对贡献,verified_public_web
maisan_r8_marisa,2011-03-03,day,Japanese blog,JP,jp,domestic_platform_poll_alignment,雾雨魔理沙,霧雨 魔理沙,result_interpretation,analysis,8,9,post_result,https://maisan.hatenablog.com/entry/20110303/1299164438,第8回分析：魔理沙下降,个人赛后分析；无互动量快照,2026-08-24,魔理沙被用于说明头部角色也受票数分散影响,赛后解释不能证明角色基础盘发生同幅度变化,verified_public_web
maisan_r8_mokou,2011-03-03,day,Japanese blog,JP,jp,domestic_platform_poll_alignment,藤原妹红,藤原 妹紅,result_interpretation,analysis,8,9,post_result,https://maisan.hatenablog.com/entry/20110303/1299164438,第8回分析：妹红下降,个人赛后分析；无互动量快照,2026-08-24,妹红被用于说明头部角色也受票数分散影响,赛后解释不能证明角色基础盘发生同幅度变化,verified_public_web
maisan_r8_yukari,2011-03-03,day,Japanese blog,JP,jp,domestic_platform_poll_alignment,八云紫,八雲 紫,result_interpretation,analysis,8,9,post_result,https://maisan.hatenablog.com/entry/20110303/1299164438,第8回分析：紫下降,个人赛后分析；无互动量快照,2026-08-24,紫被用于说明出版物/新作曝光与名次并非简单线性,赛后解释不能证明曝光变化造成名次变化,verified_public_web
maisan_r8_kanako,2011-03-03,day,Japanese blog,JP,jp,domestic_platform_poll_alignment,八坂神奈子,八坂 神奈子,result_interpretation,analysis,8,9,post_result,https://maisan.hatenablog.com/entry/20110303/1299164438,第8回分析：神奈子下降,个人赛后分析；无互动量快照,2026-08-24,神奈子被纳入风神录组下降观察,群体与个体机制未被该文区分,verified_public_web
maisan_r8_nazrin,2011-03-03,day,Japanese blog,JP,jp,domestic_platform_poll_alignment,娜兹玲,ナズーリン,result_interpretation,analysis,8,9,post_result,https://maisan.hatenablog.com/entry/20110303/1299164438,第8回分析：娜兹玲下降,个人赛后分析；无互动量快照,2026-08-24,娜兹玲被作为星莲船组名次变化的观察对象,赛后解释不能证明角色曝光或投票者流失,verified_public_web
maisan_r8_renko,2011-03-05,day,Japanese blog,JP,jp,domestic_platform_poll_alignment,宇佐见莲子,宇佐見 蓮子,result_table_mention,analysis,8,9,post_result,https://maisan.hatenablog.com/entry/20110305/1299335889,第8回书籍角色表列出莲子并讨论秘封组的固定受众,结果表与社群分析；无互动量快照,2026-08-24,秘封角色以组合性、固定粉丝与同人活动进入讨论,组合性不能换算为单角色票数,verified_public_web
maisan_r8_merry,2011-03-05,day,Japanese blog,JP,jp,domestic_platform_poll_alignment,玛艾露贝莉·赫恩,マエリベリー・ハーン,result_table_mention,analysis,8,9,post_result,https://maisan.hatenablog.com/entry/20110305/1299335889,第8回书籍角色表列出梅莉并讨论秘封组的固定受众,结果表与社群分析；无互动量快照,2026-08-24,秘封角色以组合性、固定粉丝与同人活动进入讨论,组合性不能换算为单角色票数,verified_public_web
maisan_r8_akyuu,2011-03-05,day,Japanese blog,JP,jp,domestic_platform_poll_alignment,稗田阿求,稗田 阿求,result_table_mention,analysis,8,9,post_result,https://maisan.hatenablog.com/entry/20110305/1299335889,第8回书籍角色表列出阿求并讨论出版物角色的受众分布,结果表与社群分析；无互动量快照,2026-08-24,阿求进入早期书籍角色与长期设定受众的覆盖,表格与群体分析不能证明死亡梗当时已形成,verified_public_web
maisan_r8_kasen,2011-03-05,day,Japanese blog,JP,jp,domestic_platform_poll_alignment,茨木华扇,茨木 華扇,result_table_mention,analysis,8,9,post_result,https://maisan.hatenablog.com/entry/20110305/1299335889,第8回书籍角色表列出华扇并讨论出版物角色的可组合性,结果表与社群分析；无互动量快照,2026-08-24,华扇在单行本与书籍角色讨论中获得早期覆盖,群体分析不能直接解释后续第9回跃升,verified_public_web
maisan_r8_toyohime,2011-03-05,day,Japanese blog,JP,jp,domestic_platform_poll_alignment,绵月丰姬,綿月 豊姫,result_table_mention,analysis,8,9,post_result,https://maisan.hatenablog.com/entry/20110305/1299335889,第8回书籍角色表列出丰姬,结果表与社群分析；无互动量快照,2026-08-24,丰姬被纳入早期月都出版物角色覆盖,表格出现不等于角色有明确投票动员,verified_public_web
maisan_r8_yorihime,2011-03-05,day,Japanese blog,JP,jp,domestic_platform_poll_alignment,绵月依姬,綿月 依姫,result_table_mention,analysis,8,9,post_result,https://maisan.hatenablog.com/entry/20110305/1299335889,第8回书籍角色表列出依姬,结果表与社群分析；无互动量快照,2026-08-24,依姬被纳入早期月都出版物角色覆盖,表格出现不等于角色有明确投票动员,verified_public_web
maisan_r8_torikoko,2011-03-05,day,Japanese blog,JP,jp,domestic_platform_poll_alignment,无名的读书妖怪（朱鹭子）,無名の読書妖怪,result_table_mention,analysis,8,9,post_result,https://maisan.hatenablog.com/entry/20110305/1299335889,第8回书籍角色表列出朱鹭子,结果表与社群分析；无互动量快照,2026-08-24,朱鹭子被纳入书籍角色长尾覆盖,表格出现不等于角色有明确投票动员,verified_public_web
nix_r9_alice,2012-02-29,day,Japanese blog,JP,jp,domestic_platform_poll_alignment,爱丽丝·玛格特洛依德,アリス・マーガトロイド,result_interpretation,analysis,9,10,post_result,https://nix-in-desertis.blog.jp/archives/52053112.html,第9回分析：爱丽丝第2名，作者联系にがもん式MMD模型、Niconico与Sweet Magic,个人赛后分析；无互动量快照,2026-08-24,这是当前早期材料中把角色名次与MMD模型/视频传播明确联系的案例,该联系来自单篇博客与评论观察，不能证明MMD造成名次提升,verified_public_web
nix_r9_youmu,2012-02-29,day,Japanese blog,JP,jp,domestic_platform_poll_alignment,魂魄妖梦,魂魄 妖夢,result_interpretation,analysis,9,10,post_result,https://nix-in-desertis.blog.jp/archives/52053112.html,第9回分析：妖梦13位升至8位，作者联系《神灵庙》出场,个人赛后分析；无互动量快照,2026-08-24,新作出场被写成名次上升的时间相邻解释,没有反事实，不能识别出场与其他因素的相对作用,verified_public_web
nix_r9_sanae,2012-02-29,day,Japanese blog,JP,jp,domestic_platform_poll_alignment,东风谷早苗,東風谷 早苗,result_interpretation,analysis,9,10,post_result,https://nix-in-desertis.blog.jp/archives/52053112.html,第9回分析：早苗回落,个人赛后分析；无互动量快照,2026-08-24,早苗被用于说明前作新作角色热度并非持续上升,单篇博客不能证明回落原因,verified_public_web
nix_r9_yukari,2012-02-29,day,Japanese blog,JP,jp,domestic_platform_poll_alignment,八云紫,八雲 紫,result_interpretation,analysis,9,10,post_result,https://nix-in-desertis.blog.jp/archives/52053112.html,第9回分析：紫可能受《儚月抄》热度消退与书籍出场减少影响,个人赛后分析；无互动量快照,2026-08-24,作者将出版物曝光衰减作为紫下降的候选解释,属于事后推测且未有作品曝光时间序列,verified_public_web
nix_r9_futo,2012-02-29,day,Japanese blog,JP,jp,domestic_platform_poll_alignment,物部布都,物部 布都,result_interpretation,analysis,9,10,post_result,https://nix-in-desertis.blog.jp/archives/52053112.html,第9回分析：布都第19位，作为神灵庙组上位角色观察,个人赛后分析；无互动量快照,2026-08-24,布都被纳入新作组内部层级比较,新作组内部比较不能等同于单一传播因素造成的排名,verified_public_web
nix_miko,2012-02-29,day,Japanese blog,JP,jp,domestic_platform_poll_alignment,丰聪耳神子,豊聡耳 神子,result_interpretation,analysis,9,10,post_result,https://nix-in-desertis.blog.jp/archives/52053112.html,第9回分析：神子第41位，作为神灵庙组角色观察,个人赛后分析；无互动量快照,2026-08-24,神子被纳入新作组内部层级比较,新作组内部比较不能等同于单一传播因素造成的排名,verified_public_web
nix_seiga,2012-02-29,day,Japanese blog,JP,jp,domestic_platform_poll_alignment,霍青娥,霍 青娥,result_interpretation,analysis,9,10,post_result,https://nix-in-desertis.blog.jp/archives/52053112.html,第9回分析：青娥等神灵庙组角色被比较,个人赛后分析；无互动量快照,2026-08-24,青娥被纳入神灵庙新作组的层级讨论,新作组内部比较不能等同于单一传播因素造成的排名,verified_public_web
nix_kasen,2012-02-29,day,Japanese blog,JP,jp,domestic_platform_poll_alignment,茨木华扇,茨木 華扇,result_interpretation,analysis,9,10,post_result,https://nix-in-desertis.blog.jp/archives/52053112.html,第9回分析：华扇62位升至26位，联系单行本发行,个人赛后分析；无互动量快照,2026-08-24,单行本发行与华扇跃升在时间上相邻，是可检验但尚未识别的事件假说,缺乏发行曝光量与反事实，不能写成因果证明,verified_public_web
nix_suika,2012-02-29,day,Japanese blog,JP,jp,domestic_platform_poll_alignment,伊吹萃香,伊吹 萃香,result_interpretation,analysis,9,10,post_result,https://nix-in-desertis.blog.jp/archives/52053112.html,第9回分析：萃香28位降至36位，作者表示原因不明,个人赛后分析；无互动量快照,2026-08-24,保留作者对原因不明的明确表述，避免过度解释,该文没有提供机制证据,verified_public_web
nix_nazrin,2012-02-29,day,Japanese blog,JP,jp,domestic_platform_poll_alignment,娜兹玲,ナズーリン,result_interpretation,analysis,9,10,post_result,https://nix-in-desertis.blog.jp/archives/52053112.html,第9回分析：娜兹玲跌落,个人赛后分析；无互动量快照,2026-08-24,娜兹玲被作为星莲船组下降案例,单篇博客不能识别出场、二创与投票结构的相对贡献,verified_public_web
nix_rumia,2012-02-29,day,Japanese blog,JP,jp,domestic_platform_poll_alignment,露米娅,ルーミア,result_interpretation,analysis,9,10,post_result,https://nix-in-desertis.blog.jp/archives/52053112.html,第9回分析：露米娅重新成为一面Boss第一,个人赛后分析；无互动量快照,2026-08-24,记录作者对露米娅在关卡位置层面的结果观察,关卡层级与角色总人气不是同一指标,verified_public_web
nix_toramari,2012-02-29,day,Japanese blog,JP,jp,domestic_platform_poll_alignment,寅丸星,寅丸 星,result_interpretation,analysis,9,10,post_result,https://nix-in-desertis.blog.jp/archives/52053112.html,第9回分析：寅丸星下降并联系出场不足,个人赛后分析；无互动量快照,2026-08-24,出场不足被作者作为下降候选解释,出场与票数之间没有反事实或曝光量测量,verified_public_web
nix_hata,2012-02-29,day,Japanese blog,JP,jp,domestic_platform_poll_alignment,姬海棠果,姫海棠 はたて,result_interpretation,analysis,9,10,post_result,https://nix-in-desertis.blog.jp/archives/52053112.html,第9回分析：姬海棠果下降并联系出场不足,个人赛后分析；无互动量快照,2026-08-24,出场不足被作者作为下降候选解释,出场与票数之间没有反事实或曝光量测量,verified_public_web
nix_r9_eirin,2012-02-29,day,Japanese blog,JP,jp,domestic_platform_poll_alignment,八意永琳,八意 永琳,result_interpretation,analysis,9,10,post_result,https://nix-in-desertis.blog.jp/archives/52053112.html,第9回分析：永琳下降并联系出场不足,个人赛后分析；无互动量快照,2026-08-24,出场不足被作者作为下降候选解释,出场与票数之间没有反事实或曝光量测量,verified_public_web
nix_r9_rinnosuke,2012-02-29,day,Japanese blog,JP,jp,domestic_platform_poll_alignment,森近霖之助,森近 霖之助,result_interpretation,analysis,9,10,post_result,https://nix-in-desertis.blog.jp/archives/52053112.html,第9回分析：霖之助下降并联系出场不足,个人赛后分析；无互动量快照,2026-08-24,出场不足被作者作为下降候选解释,出场与票数之间没有反事实或曝光量测量,verified_public_web
nix_momiji_comment,2012-02-29,day,Japanese blog,JP,jp,domestic_platform_poll_alignment,犬走椛,犬走 椛,comment_reaction,discussion,9,10,post_result,https://nix-in-desertis.blog.jp/archives/52053112.html,第9回评论区有人追问椛急升原因不明,评论区样本；无互动量快照,2026-08-24,评论区保留“原因不明”的反应，说明社区并非都接受单一解释,评论样本选择性强，不能代表社区总体,verified_public_web
nix_kasen_comment,2012-02-29,day,Japanese blog,JP,jp,domestic_platform_poll_alignment,茨木华扇,茨木 華扇,comment_reaction,discussion,9,10,post_result,https://nix-in-desertis.blog.jp/archives/52053112.html,第9回评论区有人表示华扇上升出乎意料；作者回复认为Pixiv效果也很大,评论区样本；无互动量快照,2026-08-24,评论与作者回复把Pixiv创作传播列为华扇跃升的社区解释候选,评论和回复不是因果识别，也没有Pixiv历年时间序列,verified_public_web
amateru_r6_questionnaire,2009-01-26,day,Japanese blog,JP,jp,domestic_platform_poll_alignment,全角色,,questionnaire_analysis,analysis,6,7,post_result,https://amateru.hatenadiary.org/entry/20090126/1232903022,第6回问卷/社群结构分析：第3—6回角色投票者从4942增至22087，并讨论Niconico、MAD与新用户流入,角色问卷样本：第3回4942；第4回4426；第5回12220；第6回22087,2026-08-24,提供届次级投票者与入坑时间分布，帮助把角色名次变化放回社区扩张背景,问卷为自愿回答且非总体人口普查；届次级结构不能拆成单角色因果,verified_public_web
dentsubo_r3_context,2004-10,month,Japanese blog,JP,jp,domestic_platform_poll_alignment,全角色,,community_analysis,discussion,3,4,post_result,https://www.dentsubo.net/~nosuke/diary/diary.php?y=2004&m=10&d=30&n=10&x=10,第3回投票期附近（页面含2004-10-24日记）提到为何某首曲在东方人气投票音乐部门排高，并记录当年投票语境,音乐部门反应；无互动量快照,2026-08-24,补足第3回当年日本社区存在投票讨论的届次级入口，但不冒充角色级证据,正文主要讨论音乐，不能据此推断咲夜或其他角色人气,verified_public_web
bilibili_r17_mimi,2025-10-03,day,Bilibili,CN,,unassigned_context,咪咪号,ミミちゃん,participatory_derivative,derivative,,,inter_round,https://www.bilibili.com/video/BV1VCHxzvE7z/,[咪咪号24h] 咪咪号轻型运载火箭,839播放；0弹幕快照,2026-08-25,咪咪号主题接力/创作活动显示旧作角色仍有参与式二创入口,当前累计量与搜索结果不是全站时间序列；作品存在不等于投票支持,verified_logged_in_search
bilibili_r17_orange,2023-01-03,day,Bilibili,CN,,unassigned_context,奥莲姬,オレンジ,derivative_music,derivative,,,inter_round,https://www.bilibili.com/video/BV1sK41127D7/,杂鱼戒卫-奥莲姬角色曲及相关改曲【东方project/旧作】,971播放；25弹幕快照,2026-08-25,旧作一面Boss角色曲合集补足奥莲姬中文社区旁证,合集指标不能换算角色票数或作品总量,verified_logged_in_search
bilibili_r16_miyoi,2019-12-01,day,Bilibili,CN,,unassigned_context,奥野田美宵,奥野田 美宵,derivative_music,derivative,,,inter_round,https://www.bilibili.com/video/BV1RJ411B7yY/,【东方醉蝶华-奥野田美宵】金鲸泉的生命之水【东方风自作曲】,2.8万播放；69弹幕快照,2026-08-25,醉蝶华角色的早期印象曲样本，补足美宵在中文音乐二创中的时间点,当前累计量不能还原上传期曝光或投票动员,verified_logged_in_search
bilibili_r17_chang_e,2019-09-15,day,Bilibili,CN,,unassigned_context,嫦娥,嫦娥,MMD_derivative,derivative,,,inter_round,https://www.bilibili.com/video/BV1iJ411A7hs/,【東方MMD】嫦娥啊你看到了吧2015-2019,8.5万播放；506弹幕快照,2026-08-25,标题直接承接嫦娥长期梗与2015—2019时间段，体现设定/二创记忆的持续化,梗化二创不能等同角色投票支持或官方新设定,verified_logged_in_search
bilibili_r17_rikako,2022-11-27,day,Bilibili,CN,,unassigned_context,朝仓理香子,朝仓理香子,derivative_music,derivative,,,inter_round,https://www.bilibili.com/video/BV1824y1C7aT/,科学魔法使-朝仓理香子角色曲及相关改曲【东方project/旧作】,1396播放；43弹幕快照,2026-08-25,旧作角色曲合集补足梦时空科学家角色的中文社区旁证,合集指标不能换算角色票数或作品总量,verified_logged_in_search
bilibili_r17_kongara,2022-11-06,day,Bilibili,CN,,unassigned_context,矜羯罗,矜羯罗,derivative_music,derivative,,,inter_round,https://www.bilibili.com/video/BV1dP4y117Zg/,星幽剑士-矜羯罗角色曲及相关改曲【东方project/旧作】,2611播放；67弹幕快照,2026-08-25,旧作灵异传角色曲合集补足矜羯罗旁证,合集指标不能换算角色票数或作品总量,verified_logged_in_search
bilibili_r18_little_rabbit,2024-04-01,day,Bilibili,CN,,unassigned_context,小兔姬,小兔姬,gameplay_derivative,derivative,,,inter_round,https://www.bilibili.com/video/BV1dD421L7eh/,【来自1997年的电子斗蛐蛐】小兔姬VS小兔姬,370播放；0弹幕快照,2026-08-24,旧作角色仍有实况/对战类二创记录，补充角色层社群存在性,当前累计量与搜索结果不是全站时间序列；作品存在不等于投票支持,verified_logged_in_search
bilibili_r17_rika,2017-05-15,day,Bilibili,CN,,unassigned_context,里香,里香,derivative_animation,derivative,,,inter_round,https://www.bilibili.com/video/BV1gx411v7re/,【东方手书动画·23】里香的暑假,3.6万播放；242弹幕快照,2026-08-24,旧作角色有手书动画传播，作为中文社区旁证,当前累计量与搜索结果不是全站时间序列；作品存在不等于投票支持,verified_logged_in_search
bilibili_r19_genji,2023-09-01,day,Bilibili,CN,,unassigned_context,玄爷,玄爷,canon_reappearance_discussion,discussion,,,inter_round,https://www.bilibili.com/video/BV1f8411z7Sa/,灵梦想起了旧作的玄爷？！《东方兽王园》对战模式对话翻译展示（附吐槽与批注）——《醒东方》23,5.6万播放；657弹幕；3171赞；584投币；1184收藏,2026-08-24,《东方兽王园》对战模式重新唤起旧作玄爷，说明新作文本可带来回溯式讨论,指标是2026-08-24观察快照；视频讨论不等于投票动员或角色票数,verified_logged_in_search
bilibili_pair_dream_fantasy,2025-08-03,day,Bilibili,CN,,unassigned_context,梦月;幻月,夢月;幻月,pairing_derivative,derivative,,,inter_round,https://www.bilibili.com/video/BV1QFhVzUEVw/,【夢幻姉妹】夢月と幻月がいちゃつく？だけ,483播放；4弹幕快照（同一作品，不拆分热度单位）,2026-08-24,梦幻姐妹组合二创覆盖两名旧作角色，但仅计为一条作品旁证,组合视频不能拆成两个独立热度单位；作品存在不等于各角色支持,verified_logged_in_search
bilibili_r19_kutaka,2025-03-06,day,Bilibili,CN,,unassigned_context,庭渡久侘歌,庭渡 久侘歌,derivative_series,derivative,,,inter_round,https://www.bilibili.com/video/BV1vzRAYLELv/,一口气看完〈久侘歌小姐她盯上我啦〉连载全集,5.0万播放；124弹幕快照,2026-08-24,连载式二创为久侘歌提供中文社区可见度旁证,累计指标不可换算投票或长期受众规模,verified_logged_in_search
bilibili_r17_eika,2024-09-16,day,Bilibili,CN,,unassigned_context,戎璎花,戎璎花,derivative_music,derivative,,,inter_round,https://www.bilibili.com/video/BV1oP4XeNEjR/,水母石（戎璎花主题曲）,1276播放；0弹幕快照,2026-08-24,角色主题曲上传说明中文社区仍有音乐二创,当前累计量非历年趋势；不等于投票支持,verified_logged_in_search
bilibili_r17_keiki,2019-08-12,day,Bilibili,CN,,unassigned_context,埴安神袿姬,埴安神袿姬,official_music_visibility,derivative,,,inter_round,https://www.bilibili.com/video/BV1i4411Q7Py/,寄世界于偶像 ～ Idoratrize World【袿姬角色曲】,94.4万播放；2517弹幕快照,2026-08-24,高传播角色曲显示袿姬在中文视频社区有显著可见度,角色曲传播不能等同角色票数；当前累计量不能还原上传期曝光,verified_logged_in_search
bilibili_r19_chimi,2025-05-05,day,Bilibili,CN,,unassigned_context,封兽魑魅,封兽魑魅,new_work_music_visibility,derivative,,,inter_round,https://www.bilibili.com/video/BV1ExVizEEg9/,东方锦上京 BGM 森にはお化けがいるよ【封兽魑魅BGM】,5.9万播放；78弹幕快照,2026-08-24,新作角色主题BGM在中文社区形成可见传播,新作音乐传播不能直接换算投票支持,verified_logged_in_search
bilibili_r17_gensui,2024-04-25,day,Bilibili,CN,,unassigned_context,大鲶鱼,大鲶鱼,derivative_music,derivative,,,inter_round,https://www.bilibili.com/video/BV1Gx4y167d5/,太岁星君-大鲶鱼角色曲及相关同人曲,2459播放；98弹幕快照,2026-08-24,旧作角色曲及同人曲合集补充中文社区旁证,合集指标不能拆分为角色支持或单曲热度,verified_logged_in_search
bilibili_r17_layla,2016-11-06,day,Bilibili,CN,,unassigned_context,蕾拉·普莉兹姆利巴,レイラ・プリズムリバー,derivative_animation,derivative,,,inter_round,https://www.bilibili.com/video/BV1Js411x7Uf/,蕾拉的回忆,482播放；0弹幕快照,2026-08-24,较早的角色回忆向视频，补足时间线前端,小样本且当前累计量不能代表历史总传播；不等于投票支持,verified_logged_in_search
bilibili_r17_layla_catalogue,2024-11-08,day,Bilibili,CN,,unassigned_context,蕾拉·普莉兹姆利巴,レイラ・プリズムリバー,derivative_catalogue,derivative,,,inter_round,https://www.bilibili.com/video/BV1vfDRYUEuV/,蕾拉·普莉兹姆利巴角色曲及相关同人创作,1524播放；47弹幕快照,2026-08-24,角色曲与同人创作目录型视频，显示持续性兴趣,目录视频不能换算角色票数或作品总量,verified_logged_in_search
bilibili_r17_backdancers,2024-05-26,day,Bilibili,CN,,unassigned_context,尔子田里乃;丁礼田舞,爾子田里乃;丁礼田 舞,derivative_music,derivative,,,inter_round,https://www.bilibili.com/video/BV1hn4y1R75v/,最癫狂5面，尔子田里乃and丁礼田舞LNNN,5.6万播放；10弹幕快照,2026-08-24,五面Boss与疯狂背景舞者梗把两名天空璋角色绑定在同一二创语境,组合视频只计一条事件旁证；播放与弹幕不能拆成两个角色支持量,verified_logged_in_search
bilibili_r19_threheaded,2023-08-13,day,Bilibili,CN,,unassigned_context,三头慧之子,三头慧之子,official_music_visibility,derivative,,,inter_round,https://www.bilibili.com/video/BV1NV411G7g7/,【东方兽王园BGM】勇敢で有閑な妖獣【三头慧之子角色曲】,9.7万播放；174弹幕快照,2026-08-24,新作角色曲在中文视频社区留下较高传播快照,角色曲传播不等于投票支持或角色长期热度,verified_logged_in_search
bilibili_r17_beben,2024-07-14,day,Bilibili,CN,,unassigned_context,九十九弁弁;九十九八桥,九十九弁弁;九十九 八桥,derivative_music,derivative,,,inter_round,https://www.bilibili.com/video/BV1zZ421K7oF/,年幼的付丧神-九十九弁弁＆九十九八桥角色曲及相关同人曲【东方project】,3217播放；42弹幕快照,2026-08-24,付丧神姐妹角色曲合集为两名角色提供共同二创旁证,组合视频只计一条事件旁证；合集指标不能拆成角色支持,verified_logged_in_search
bilibili_r15_kana,2022-02-15,day,Bilibili,CN,,unassigned_context,卡娜·安娜贝拉尔,カナ・アナベラル,derivative_mmd,derivative,,,inter_round,https://www.bilibili.com/video/BV1Da411k7B6/,【东方/MMD】Lap tap love【卡娜·安娜贝拉尔】,2156播放；1弹幕快照,2026-08-24,明确点名旧作角色的MMD样本，补足卡娜的中文社区可见度,当前累计量不是跨年趋势；MMD存在不等于投票支持,verified_logged_in_search
bilibili_r14_iris,2022-07-01,day,Bilibili,CN,,unassigned_context,依莉斯,イリス,fan_share,derivative,,,inter_round,https://www.bilibili.com/video/BV1mY4y1n7VY/,请将此视频转发给你喜欢伊莉丝的朋友,1231播放；2弹幕快照,2026-08-24,标题以伊莉丝旧译/异写呼吁转发，作为依莉斯别名映射后的角色旁证,标题别名已按fun.xlsx映射；转发呼吁不是投票支持量,verified_logged_in_search
bilibili_r17_chiyuri,2022-11-26,day,Bilibili,CN,,unassigned_context,北白河千百合,北白河 千百合,derivative_music,derivative,,,inter_round,https://www.bilibili.com/video/BV1p44y1D7YK/,折凳战神-北白河千百合角色曲及相关改曲【东方project/旧作】,1604播放；56弹幕快照,2026-08-24,旧作角色曲与改曲合集显示千百合在中文社区有明确音乐旁证,合集指标不能换算票数或作品总量,verified_logged_in_search
bilibili_r19_chupacabra,2023-08-16,day,Bilibili,CN,,unassigned_context,天火人血枪,天火人血枪,derivative_music,derivative,,,inter_round,https://www.bilibili.com/video/BV1vu4y197p5/,[东方/融合爵士乐/城市流行] 吸血怪獣チュパカブラ（天火人血枪主题曲）,3769播放；1弹幕快照,2026-08-24,兽王园新作角色曲在中文社区的音乐旁证,角色曲传播不等于投票支持,verified_logged_in_search
bilibili_r22_larva,2026-08-23,day,Bilibili,CN,,unassigned_context,爱塔妮缇拉尔瓦,エタニティラルバ,official_game_visibility,discussion,,,inter_round,https://www.bilibili.com/video/BV1rn8x6SELm/,【東方LostWord】爱塔妮缇拉尔瓦符卡动画先行版预览,1170播放；1弹幕快照,2026-08-24,当前手游内容为天空璋角色提供即时可见度,进行中内容不能回填已完成投票届数或当作长期趋势,verified_logged_in_search
bilibili_r17_mismaru,2021-05-04,day,Bilibili,CN,,unassigned_context,玉造魅须丸,玉造魅须丸,official_music_visibility,derivative,,,inter_round,https://www.bilibili.com/video/BV1jA41157Nc/,【东方虹龙洞BGM】神代矿石【玉造魅须丸角色曲】,14.8万播放；229弹幕快照,2026-08-24,虹龙洞发布期的角色曲传播为中文社区旁证,当前累计量不能还原上传期曝光或投票动员,verified_logged_in_search
bilibili_r15_ringo,2017-03-06,day,Bilibili,CN,,unassigned_context,铃瑚;清兰,鈴瑚;清蘭,derivative_animation,derivative,,,inter_round,https://www.bilibili.com/video/BV1Mx411C7Fu/,【东方手书】铃瑚和清兰的胃袋连接手书【注意】,1.6万播放；484弹幕快照,2026-08-24,月兔组合手书把铃瑚与清兰绑定在共同二创语境,组合视频只计一条事件旁证；不能拆为两名角色支持量,verified_logged_in_search
bilibili_r22_kurumi_support,2026-08-22,day,Bilibili,CN,,unassigned_context,胡桃,くるみ,poll_support_art,discussion,,,during_vote,https://www.bilibili.com/video/BV12s8m6xEZD/,【东方/应援作品】今年可以投胡桃一票吗【bilibilionly同人扶持计划】,1082播放；1弹幕快照,2026-08-24,明确使用“投胡桃一票”的中文应援话语，但未指定国区或日区届次,进行中第22回语境不能与已完成届数结果比较；应援作品不等于实际投票,verified_logged_in_search
bilibili_r17_sariel,2022-11-07,day,Bilibili,CN,,unassigned_context,萨丽爱尔,サリエル,derivative_music,derivative,,,inter_round,https://www.bilibili.com/video/BV15D4y1t7p5/,死之天使-萨丽艾尔角色曲及相关改曲【东方project/旧作】,4128播放；86弹幕快照,2026-08-24,旧作一面Boss角色曲及改曲合集补足萨丽爱尔旁证,合集指标不能换算角色票数或作品总量,verified_logged_in_search
bilibili_r17_elly,2022-04-23,day,Bilibili,CN,,unassigned_context,艾丽,エリー,derivative_music,derivative,,,inter_round,https://www.bilibili.com/video/BV1J34y1e79p/,梦幻门番-艾丽角色曲道中曲及相关改曲【东方project/旧作】,7672播放；103弹幕快照,2026-08-24,旧作角色曲与道中曲合集补足艾丽的中文社区旁证,合集指标不能换算角色票数或作品总量,verified_logged_in_search
bilibili_r17_sara,2023-03-09,day,Bilibili,CN,,unassigned_context,萨拉,サラ,derivative_music,derivative,,,inter_round,https://www.bilibili.com/video/BV1n24y1b7Jj/,魔界的看守者-萨拉角色曲及相关改曲【东方project/旧作】,1323播放；23弹幕快照,2026-08-24,旧作角色曲合集补足萨拉的中文社区旁证,合集指标不能换算角色票数或作品总量,verified_logged_in_search
bilibili_r17_snow_ma,2023-05-25,day,Bilibili,CN,,unassigned_context,雪;舞,雪;舞,derivative_music,derivative,,,inter_round,https://www.bilibili.com/video/BV1aP411Q743/,禁忌双子-雪＆舞角色曲及相关收录曲【东方project/旧作】,1631播放；69弹幕快照,2026-08-24,禁忌双子组合音乐为雪与舞同时提供旧作二创旁证,组合视频只计一条事件旁证；不能拆为两名角色支持量,verified_logged_in_search
bilibili_r17_youki,2023-02-11,day,Bilibili,CN,,unassigned_context,魂魄妖忌,魂魄妖忌,derivative_mmd,derivative,,,inter_round,https://www.bilibili.com/video/BV1ev4y147aF/,不妙！少年庭师魂魄妖忌竟是女孩子？【东方MMD】,20.9万播放；560弹幕快照,2026-08-24,妖忌性别反转梗的高传播MMD旁证，记录二设梗而非官方设定,二设性别梗不能作为一设事实，也不能等同投票支持,verified_logged_in_search
