platform,community,poll_alignment,video_id,url,published_date,duration,title,author,metric_1_current,metric_2_current,metric_3_current,metric_4_current,metric_5_current,observed_at,content_type,mentioned_rounds,source_page,coverage_note
Niconico,JP,JP_poll,sm45354054,https://www.nicovideo.jp/watch/sm45354054,2025/8/30,20:50,第21回東方Project人気投票 人妖部門（速報版）,まーき,"2,625",555,52,10,0,2026-08-23,result_summary,21,https://www.nicovideo.jp/tag/%E6%9D%B1%E6%96%B9Project%E4%BA%BA%E6%B0%97%E6%8A%95%E7%A5%A8?page=1,"Exact Niconico tag page; header reported 204 videos, 197 cards were publicly rendered across pages 1-7 at observation time."
Niconico,JP,JP_poll,sm45625489,https://www.nicovideo.jp/watch/sm45625489,2025/11/15,48:59,【東方MMD】もこたんと第20回東方人気投票_後編（完結編）,アルルナ,2.7万,435,108,16,0,2026-08-23,meme_or_derivative,20,https://www.nicovideo.jp/tag/%E6%9D%B1%E6%96%B9Project%E4%BA%BA%E6%B0%97%E6%8A%95%E7%A5%A8?page=1,"Exact Niconico tag page; header reported 204 videos, 197 cards were publicly rendered across pages 1-7 at observation time."
Niconico,JP,JP_poll,sm34582340,https://www.nicovideo.jp/watch/sm34582340,2019/2/5,29:54,第15回 東方Project 人気投票 音楽部門 TOP100,yuke,5.1万,"5,145",56,515,0,2026-08-23,music_result,15,https://www.nicovideo.jp/tag/%E6%9D%B1%E6%96%B9Project%E4%BA%BA%E6%B0%97%E6%8A%95%E7%A5%A8?page=1,"Exact Niconico tag page; header reported 204 videos, 197 cards were publicly rendered across pages 1-7 at observation time."
Niconico,JP,JP_poll,sm30520641,https://www.nicovideo.jp/watch/sm30520641,2017/1/28,8:19,第13回 東方Project 人気投票 音楽部門 TOP50外おすすめ,yuke,3.7万,"1,792",45,186,0,2026-08-23,music_result,13,https://www.nicovideo.jp/tag/%E6%9D%B1%E6%96%B9Project%E4%BA%BA%E6%B0%97%E6%8A%95%E7%A5%A8?page=1,"Exact Niconico tag page; header reported 204 videos, 197 cards were publicly rendered across pages 1-7 at observation time."
Niconico,JP,JP_poll,sm9579934,https://www.nicovideo.jp/watch/sm9579934,2010/2/2,1:39,成人式で配られたＤＶＤが弾幕を撃ってきた件,Pesot.jp/,31.6万,"8,196",85,"3,029",0,2026-08-23,other_tagged,,https://www.nicovideo.jp/tag/%E6%9D%B1%E6%96%B9Project%E4%BA%BA%E6%B0%97%E6%8A%95%E7%A5%A8?page=1,"Exact Niconico tag page; header reported 204 videos, 197 cards were publicly rendered across pages 1-7 at observation time."
Niconico,JP,JP_poll,sm45723779,https://www.nicovideo.jp/watch/sm45723779,2025/12/13,,【東方MMD】もこたんと第20回東方人気投票_フルver,アルルナ,1.1万,358,55,8,"1,000",2026-08-23,meme_or_derivative,20,https://www.nicovideo.jp/tag/%E6%9D%B1%E6%96%B9Project%E4%BA%BA%E6%B0%97%E6%8A%95%E7%A5%A8?page=1,"Exact Niconico tag page; header reported 204 videos, 197 cards were publicly rendered across pages 1-7 at observation time."
Niconico,JP,JP_poll,sm32746740,https://www.nicovideo.jp/watch/sm32746740,2018/2/16,10:12,【東方MMD】2018版 東方キャラ141人を人気順に並べてみた第14回人気投票結果,すし太郎,5.2万,"2,201",17,604,0,2026-08-23,result_summary,14,https://www.nicovideo.jp/tag/%E6%9D%B1%E6%96%B9Project%E4%BA%BA%E6%B0%97%E6%8A%95%E7%A5%A8?page=1,"Exact Niconico tag page; header reported 204 videos, 197 cards were publicly rendered across pages 1-7 at observation time."
Niconico,JP,JP_poll,sm41217045,https://www.nicovideo.jp/watch/sm41217045,2022/10/11,10:20,【東方MMD】2022版 東方キャラ137人を人気順に並べてみた第18回人気投票結果,すし太郎,1.6万,756,321,107,0,2026-08-23,result_summary,18,https://www.nicovideo.jp/tag/%E6%9D%B1%E6%96%B9Project%E4%BA%BA%E6%B0%97%E6%8A%95%E7%A5%A8?page=1,"Exact Niconico tag page; header reported 204 videos, 197 cards were publicly rendered across pages 1-7 at observation time."
Niconico,JP,JP_poll,sm42829518,https://www.nicovideo.jp/watch/sm42829518,2023/9/30,21:34,第19回東方Project人気投票 人妖部門（速報版）,まーき,"4,730","1,201",75,15,0,2026-08-23,result_summary,19,https://www.nicovideo.jp/tag/%E6%9D%B1%E6%96%B9Project%E4%BA%BA%E6%B0%97%E6%8A%95%E7%A5%A8?page=1,"Exact Niconico tag page; header reported 204 videos, 197 cards were publicly rendered across pages 1-7 at observation time."
Niconico,JP,JP_poll,sm32651985,https://www.nicovideo.jp/watch/sm32651985,2018/1/28,17:30,第14回 東方Project 人気投票 音楽部門 TOP50,yuke,5.2万,"3,690",30,403,0,2026-08-23,music_result,14,https://www.nicovideo.jp/tag/%E6%9D%B1%E6%96%B9Project%E4%BA%BA%E6%B0%97%E6%8A%95%E7%A5%A8?page=1,"Exact Niconico tag page; header reported 204 videos, 197 cards were publicly rendered across pages 1-7 at observation time."
Niconico,JP,JP_poll,sm30496418,https://www.nicovideo.jp/watch/sm30496418,2017/1/24,13:20,第13回 東方Project 人気投票 音楽部門 TOP50,yuke,5.9万,"3,927",17,547,0,2026-08-23,music_result,13,https://www.nicovideo.jp/tag/%E6%9D%B1%E6%96%B9Project%E4%BA%BA%E6%B0%97%E6%8A%95%E7%A5%A8?page=1,"Exact Niconico tag page; header reported 204 videos, 197 cards were publicly rendered across pages 1-7 at observation time."
Niconico,JP,JP_poll,sm44108322,https://www.nicovideo.jp/watch/sm44108322,2024/9/16,28:39,【第16回東方ニコ童祭】東方Project人気投票の詳細結果を分析しよう！（第20回・人妖部門編）,くまちゃ,700,43,9,7,0,2026-08-23,longitudinal_or_analysis,16|20,https://www.nicovideo.jp/tag/%E6%9D%B1%E6%96%B9Project%E4%BA%BA%E6%B0%97%E6%8A%95%E7%A5%A8?page=1,"Exact Niconico tag page; header reported 204 videos, 197 cards were publicly rendered across pages 1-7 at observation time."
Niconico,JP,JP_poll,sm27976492,https://www.nicovideo.jp/watch/sm27976492,2016/1/10,9:20,【東方MMD】狐と狸の利害なき投票考察【第12回人気投票】,doku,7.9万,993,41,360,"3,800",2026-08-23,longitudinal_or_analysis,12,https://www.nicovideo.jp/tag/%E6%9D%B1%E6%96%B9Project%E4%BA%BA%E6%B0%97%E6%8A%95%E7%A5%A8?page=1,"Exact Niconico tag page; header reported 204 videos, 197 cards were publicly rendered across pages 1-7 at observation time."
Niconico,JP,JP_poll,sm26183443,https://www.nicovideo.jp/watch/sm26183443,2015/5/5,1:24,ショートコント第XX話『3位の女』,仄グレー,"7,156",42,4,18,0,2026-08-23,meme_or_derivative,,https://www.nicovideo.jp/tag/%E6%9D%B1%E6%96%B9Project%E4%BA%BA%E6%B0%97%E6%8A%95%E7%A5%A8?page=1,"Exact Niconico tag page; header reported 204 videos, 197 cards were publicly rendered across pages 1-7 at observation time."
Niconico,JP,JP_poll,sm41128599,https://www.nicovideo.jp/watch/sm41128599,2022/9/24,26:10,第18回東方Project人気投票 人妖部門（速報版）,まーき,"6,494","1,404",87,21,0,2026-08-23,result_summary,18,https://www.nicovideo.jp/tag/%E6%9D%B1%E6%96%B9Project%E4%BA%BA%E6%B0%97%E6%8A%95%E7%A5%A8?page=1,"Exact Niconico tag page; header reported 204 videos, 197 cards were publicly rendered across pages 1-7 at observation time."
Niconico,JP,JP_poll,sm44016733,https://www.nicovideo.jp/watch/sm44016733,2024/8/24,21:16,第20回東方Project人気投票 人妖部門（速報版）,まーき,"3,408",663,63,9,0,2026-08-23,result_summary,20,https://www.nicovideo.jp/tag/%E6%9D%B1%E6%96%B9Project%E4%BA%BA%E6%B0%97%E6%8A%95%E7%A5%A8?page=1,"Exact Niconico tag page; header reported 204 videos, 197 cards were publicly rendered across pages 1-7 at observation time."
Niconico,JP,JP_poll,sm45208895,https://www.nicovideo.jp/watch/sm45208895,2025/7/21,23:32,【第17回東方ニコ童祭】第20回東方Project人気投票Ex 弾幕部門TOP30,まーき,517,57,19,8,0,2026-08-23,result_summary,17|20,https://www.nicovideo.jp/tag/%E6%9D%B1%E6%96%B9Project%E4%BA%BA%E6%B0%97%E6%8A%95%E7%A5%A8?page=1,"Exact Niconico tag page; header reported 204 videos, 197 cards were publicly rendered across pages 1-7 at observation time."
Niconico,JP,JP_poll,sm45334718,https://www.nicovideo.jp/watch/sm45334718,2025/8/25,23:22,【第2回～第20回東方Project人気投票】歴代順位急上昇曲ランキングメドレー Top50,ひみのゆり,229,2,7,1,0,2026-08-23,music_result,2|20,https://www.nicovideo.jp/tag/%E6%9D%B1%E6%96%B9Project%E4%BA%BA%E6%B0%97%E6%8A%95%E7%A5%A8?page=1,"Exact Niconico tag page; header reported 204 videos, 197 cards were publicly rendered across pages 1-7 at observation time."
Niconico,JP,JP_poll,sm37440994,https://www.nicovideo.jp/watch/sm37440994,2020/8/30,3:07,【東方MMD紙芝居】半人半霊と亡霊,左上哀歌,"3,548",119,44,20,0,2026-08-23,meme_or_derivative,,https://www.nicovideo.jp/tag/%E6%9D%B1%E6%96%B9Project%E4%BA%BA%E6%B0%97%E6%8A%95%E7%A5%A8?page=1,"Exact Niconico tag page; header reported 204 videos, 197 cards were publicly rendered across pages 1-7 at observation time."
Niconico,JP,JP_poll,sm40867262,https://www.nicovideo.jp/watch/sm40867262,2022/8/3,11:16,第17回 東方Project人気投票 人妖部門 女性票ランキング,さんけん,872,37,15,4,0,2026-08-23,result_summary,17,https://www.nicovideo.jp/tag/%E6%9D%B1%E6%96%B9Project%E4%BA%BA%E6%B0%97%E6%8A%95%E7%A5%A8?page=1,"Exact Niconico tag page; header reported 204 videos, 197 cards were publicly rendered across pages 1-7 at observation time."
Niconico,JP,JP_poll,sm41162872,https://www.nicovideo.jp/watch/sm41162872,2022/10/2,3:09,【東方MMD】霊夢と魔理沙、二人の絆,もみじ秋,"5,001",160,149,26,0,2026-08-23,meme_or_derivative,,https://www.nicovideo.jp/tag/%E6%9D%B1%E6%96%B9Project%E4%BA%BA%E6%B0%97%E6%8A%95%E7%A5%A8?page=1,"Exact Niconico tag page; header reported 204 videos, 197 cards were publicly rendered across pages 1-7 at observation time."
Niconico,JP,JP_poll,sm37052582,https://www.nicovideo.jp/watch/sm37052582,2020/6/18,40:28,【第16回東方Project人気投票】各キャラのポイント・得票率グラフおよびランキング,KSG,"8,257","1,029",5,62,0,2026-08-23,longitudinal_or_analysis,16,https://www.nicovideo.jp/tag/%E6%9D%B1%E6%96%B9Project%E4%BA%BA%E6%B0%97%E6%8A%95%E7%A5%A8?page=1,"Exact Niconico tag page; header reported 204 videos, 197 cards were publicly rendered across pages 1-7 at observation time."
Niconico,JP,JP_poll,sm34574727,https://www.nicovideo.jp/watch/sm34574727,2019/2/3,5:39,第1回～第15回 東方Project人気投票 人妖部門 順位推移グラフ,さんけん,"6,697",307,3,28,0,2026-08-23,longitudinal_or_analysis,1|15,https://www.nicovideo.jp/tag/%E6%9D%B1%E6%96%B9Project%E4%BA%BA%E6%B0%97%E6%8A%95%E7%A5%A8?page=1,"Exact Niconico tag page; header reported 204 videos, 197 cards were publicly rendered across pages 1-7 at observation time."
Niconico,JP,JP_poll,sm41135238,https://www.nicovideo.jp/watch/sm41135238,2022/9/26,6:09,【東方MMD】人気投票にサニーが物申すようです・・・,JIN,"3,054",178,82,20,0,2026-08-23,meme_or_derivative,,https://www.nicovideo.jp/tag/%E6%9D%B1%E6%96%B9Project%E4%BA%BA%E6%B0%97%E6%8A%95%E7%A5%A8?page=1,"Exact Niconico tag page; header reported 204 videos, 197 cards were publicly rendered across pages 1-7 at observation time."
Niconico,JP,JP_poll,sm34604445,https://www.nicovideo.jp/watch/sm34604445,2019/2/9,10:13,【東方MMD】2019版 東方キャラ140?人を人気順に並べてみた第15回人気投票結果,すし太郎,4.9万,"2,668",25,572,0,2026-08-23,result_summary,15,https://www.nicovideo.jp/tag/%E6%9D%B1%E6%96%B9Project%E4%BA%BA%E6%B0%97%E6%8A%95%E7%A5%A8?page=1,"Exact Niconico tag page; header reported 204 videos, 197 cards were publicly rendered across pages 1-7 at observation time."
Niconico,JP,JP_poll,sm28111558,https://www.nicovideo.jp/watch/sm28111558,2016/1/30,5:00,【東方MMD】2016版 東方キャラ136人を人気順に並べてみた第12回人気投票結果,すし太郎,5.5万,"3,562",10,644,,2026-08-23,result_summary,12,https://www.nicovideo.jp/tag/%E6%9D%B1%E6%96%B9Project%E4%BA%BA%E6%B0%97%E6%8A%95%E7%A5%A8?page=1,"Exact Niconico tag page; header reported 204 videos, 197 cards were publicly rendered across pages 1-7 at observation time."
Niconico,JP,JP_poll,sm44007846,https://www.nicovideo.jp/watch/sm44007846,2024/8/22,13:37,【第19回東方Project人気投票】各キャラのポイント・得票率・偏差値のグラフとランキング,KSG,485,23,16,5,,2026-08-23,longitudinal_or_analysis,19,https://www.nicovideo.jp/tag/%E6%9D%B1%E6%96%B9Project%E4%BA%BA%E6%B0%97%E6%8A%95%E7%A5%A8?page=1,"Exact Niconico tag page; header reported 204 videos, 197 cards were publicly rendered across pages 1-7 at observation time."
Niconico,JP,JP_poll,sm30311879,https://www.nicovideo.jp/watch/sm30311879,2016/12/27,13:40,【日中比較】东方Project人气投票 第五回 ランキング,KSG,"7,544",493,1,30,,2026-08-23,longitudinal_or_analysis,,https://www.nicovideo.jp/tag/%E6%9D%B1%E6%96%B9Project%E4%BA%BA%E6%B0%97%E6%8A%95%E7%A5%A8?page=1,"Exact Niconico tag page; header reported 204 videos, 197 cards were publicly rendered across pages 1-7 at observation time."
Niconico,JP,JP_poll,sm44133399,https://www.nicovideo.jp/watch/sm44133399,2024/9/22,38:23,【第20回東方Project人気投票】各キャラのポイント・得票率・偏差値のグラフとランキング,KSG,843,70,15,9,,2026-08-23,longitudinal_or_analysis,20,https://www.nicovideo.jp/tag/%E6%9D%B1%E6%96%B9Project%E4%BA%BA%E6%B0%97%E6%8A%95%E7%A5%A8?page=1,"Exact Niconico tag page; header reported 204 videos, 197 cards were publicly rendered across pages 1-7 at observation time."
Niconico,JP,JP_poll,sm29736671,https://www.nicovideo.jp/watch/sm29736671,2016/9/28,5:57,ゆっくりが中国版東方人気投票の超翻訳を紹介,もち･｡・,"2,377",75,0,15,,2026-08-23,other_tagged,,https://www.nicovideo.jp/tag/%E6%9D%B1%E6%96%B9Project%E4%BA%BA%E6%B0%97%E6%8A%95%E7%A5%A8?page=1,"Exact Niconico tag page; header reported 204 videos, 197 cards were publicly rendered across pages 1-7 at observation time."
Niconico,JP,JP_poll,sm44288592,https://www.nicovideo.jp/watch/sm44288592,2024/11/4,13:33,第20回東方project人気投票メドレー　*200~101位+α*,ひみのゆり,570,5,17,5,,2026-08-23,music_result,20,https://www.nicovideo.jp/tag/%E6%9D%B1%E6%96%B9Project%E4%BA%BA%E6%B0%97%E6%8A%95%E7%A5%A8?page=1,"Exact Niconico tag page; header reported 204 videos, 197 cards were publicly rendered across pages 1-7 at observation time."
Niconico,JP,JP_poll,sm42830450,https://www.nicovideo.jp/watch/sm42830450,2023/10/1,6:39,第1回～第19回 東方Project人気投票 人妖部門 順位推移グラフ,さんけん,"1,076",43,15,3,,2026-08-23,longitudinal_or_analysis,1|19,https://www.nicovideo.jp/tag/%E6%9D%B1%E6%96%B9Project%E4%BA%BA%E6%B0%97%E6%8A%95%E7%A5%A8?page=1,"Exact Niconico tag page; header reported 204 videos, 197 cards were publicly rendered across pages 1-7 at observation time."
Niconico,JP,JP_poll,sm28157836,https://www.nicovideo.jp/watch/sm28157836,2016/2/6,15:22,第十二回東方人気投票についての分析と考察,ぶくれしゅち/あざばて。,"3,465",220,0,20,0,2026-08-23,longitudinal_or_analysis,,https://www.nicovideo.jp/tag/%E6%9D%B1%E6%96%B9Project%E4%BA%BA%E6%B0%97%E6%8A%95%E7%A5%A8?page=2,"Exact Niconico tag page; header reported 204 videos, 197 cards were publicly rendered across pages 1-7 at observation time."
Niconico,JP,JP_poll,sm37028137,https://www.nicovideo.jp/watch/sm37028137,2020/6/14,24:40,第16回東方Project人気投票 人妖部門（速報版）,まーき,2.3万,"3,155",14,128,0,2026-08-23,result_summary,16,https://www.nicovideo.jp/tag/%E6%9D%B1%E6%96%B9Project%E4%BA%BA%E6%B0%97%E6%8A%95%E7%A5%A8?page=2,"Exact Niconico tag page; header reported 204 videos, 197 cards were publicly rendered across pages 1-7 at observation time."
Niconico,JP,JP_poll,sm30572487,https://www.nicovideo.jp/watch/sm30572487,2017/2/5,6:35,【目で見る】第13回東方Project人気投票【順位/得票俯瞰】,さいはて,"4,647",228,0,30,0,2026-08-23,other_tagged,13,https://www.nicovideo.jp/tag/%E6%9D%B1%E6%96%B9Project%E4%BA%BA%E6%B0%97%E6%8A%95%E7%A5%A8?page=2,"Exact Niconico tag page; header reported 204 videos, 197 cards were publicly rendered across pages 1-7 at observation time."
Niconico,JP,JP_poll,sm37028831,https://www.nicovideo.jp/watch/sm37028831,2020/6/14,6:21,日中比較 第16回 東方Project人気投票 人妖部門順位推移グラフ,さんけん,"3,116",149,3,8,0,2026-08-23,longitudinal_or_analysis,16,https://www.nicovideo.jp/tag/%E6%9D%B1%E6%96%B9Project%E4%BA%BA%E6%B0%97%E6%8A%95%E7%A5%A8?page=2,"Exact Niconico tag page; header reported 204 videos, 197 cards were publicly rendered across pages 1-7 at observation time."
Niconico,JP,JP_poll,sm43863692,https://www.nicovideo.jp/watch/sm43863692,2024/6/2,0:33,【東方MMD】もしも人気投票でレミリアが一位だったら 【再現MMD】,らいふ,399,9,16,5,0,2026-08-23,meme_or_derivative,,https://www.nicovideo.jp/tag/%E6%9D%B1%E6%96%B9Project%E4%BA%BA%E6%B0%97%E6%8A%95%E7%A5%A8?page=2,"Exact Niconico tag page; header reported 204 videos, 197 cards were publicly rendered across pages 1-7 at observation time."
Niconico,JP,JP_poll,sm44010983,https://www.nicovideo.jp/watch/sm44010983,2024/8/23,2:58,東方人気投票ｷﾀ━(ﾟ∀ﾟ)━ !!【ゆっくり茶番】,お～るからいか！,90,1,0,0,0,2026-08-23,other_tagged,,https://www.nicovideo.jp/tag/%E6%9D%B1%E6%96%B9Project%E4%BA%BA%E6%B0%97%E6%8A%95%E7%A5%A8?page=2,"Exact Niconico tag page; header reported 204 videos, 197 cards were publicly rendered across pages 1-7 at observation time."
Niconico,JP,JP_poll,sm44020349,https://www.nicovideo.jp/watch/sm44020349,2024/8/25,6:48,【完全版】第1～20回東方Project人気投票（2003 - 2024）,OnlyFanza,516,2,3,2,0,2026-08-23,other_tagged,,https://www.nicovideo.jp/tag/%E6%9D%B1%E6%96%B9Project%E4%BA%BA%E6%B0%97%E6%8A%95%E7%A5%A8?page=2,"Exact Niconico tag page; header reported 204 videos, 197 cards were publicly rendered across pages 1-7 at observation time."
Niconico,JP,JP_poll,sm43998117,https://www.nicovideo.jp/watch/sm43998117,2024/8/20,11:54,第19回東方project人気投票メドレー　*200~101位+α*,ひみのゆり,592,7,16,4,0,2026-08-23,music_result,19,https://www.nicovideo.jp/tag/%E6%9D%B1%E6%96%B9Project%E4%BA%BA%E6%B0%97%E6%8A%95%E7%A5%A8?page=2,"Exact Niconico tag page; header reported 204 videos, 197 cards were publicly rendered across pages 1-7 at observation time."
Niconico,JP,JP_poll,sm28065986,https://www.nicovideo.jp/watch/sm28065986,2016/1/23,28:52,投票キャラの相関で見る第12回東方Project人気投票,Ｒ－Ｇ,"8,583","1,007",2,49,0,2026-08-23,other_tagged,12,https://www.nicovideo.jp/tag/%E6%9D%B1%E6%96%B9Project%E4%BA%BA%E6%B0%97%E6%8A%95%E7%A5%A8?page=2,"Exact Niconico tag page; header reported 204 videos, 197 cards were publicly rendered across pages 1-7 at observation time."
Niconico,JP,JP_poll,sm44017779,https://www.nicovideo.jp/watch/sm44017779,2024/8/24,1:00,【東方MMD】東方Project2024人気投票　結果,らいふ,688,30,14,2,0,2026-08-23,result_summary,,https://www.nicovideo.jp/tag/%E6%9D%B1%E6%96%B9Project%E4%BA%BA%E6%B0%97%E6%8A%95%E7%A5%A8?page=2,"Exact Niconico tag page; header reported 204 videos, 197 cards were publicly rendered across pages 1-7 at observation time."
Niconico,JP,JP_poll,sm41990178,https://www.nicovideo.jp/watch/sm41990178,2023/3/26,14:25,第18回東方Project人気投票Ex ベストライバル部門（速報版）,まーき,888,135,16,4,0,2026-08-23,result_summary,18,https://www.nicovideo.jp/tag/%E6%9D%B1%E6%96%B9Project%E4%BA%BA%E6%B0%97%E6%8A%95%E7%A5%A8?page=2,"Exact Niconico tag page; header reported 204 videos, 197 cards were publicly rendered across pages 1-7 at observation time."
Niconico,JP,JP_poll,sm38200464,https://www.nicovideo.jp/watch/sm38200464,2021/1/31,15:22,第16回東方Project人気投票Ex ベストパートナー部門（速報版）,まーき,"3,477",458,31,17,0,2026-08-23,result_summary,16,https://www.nicovideo.jp/tag/%E6%9D%B1%E6%96%B9Project%E4%BA%BA%E6%B0%97%E6%8A%95%E7%A5%A8?page=2,"Exact Niconico tag page; header reported 204 videos, 197 cards were publicly rendered across pages 1-7 at observation time."
Niconico,JP,JP_poll,sm44016890,https://www.nicovideo.jp/watch/sm44016890,2024/8/24,1:19,第20回東方Project人気投票で最推しの順位が上がってて嬉しい,ちゃーしゅー,131,3,4,0,0,2026-08-23,support_or_campaign,20,https://www.nicovideo.jp/tag/%E6%9D%B1%E6%96%B9Project%E4%BA%BA%E6%B0%97%E6%8A%95%E7%A5%A8?page=2,"Exact Niconico tag page; header reported 204 videos, 197 cards were publicly rendered across pages 1-7 at observation time."
Niconico,JP,JP_poll,sm30478520,https://www.nicovideo.jp/watch/sm30478520,2017/1/22,20:28,【東方】第13回東方Project人気投票 人妖部門 TOP100,,5万,"6,260",4,470,0,2026-08-23,result_summary,13,https://www.nicovideo.jp/tag/%E6%9D%B1%E6%96%B9Project%E4%BA%BA%E6%B0%97%E6%8A%95%E7%A5%A8?page=2,"Exact Niconico tag page; header reported 204 videos, 197 cards were publicly rendered across pages 1-7 at observation time."
Niconico,JP,JP_poll,sm32553640,https://www.nicovideo.jp/watch/sm32553640,2018/1/8,3:56,総統!東方人気投票の宣伝をして下さい!,S・G・M,"1,123",30,1,1,0,2026-08-23,other_tagged,,https://www.nicovideo.jp/tag/%E6%9D%B1%E6%96%B9Project%E4%BA%BA%E6%B0%97%E6%8A%95%E7%A5%A8?page=2,"Exact Niconico tag page; header reported 204 videos, 197 cards were publicly rendered across pages 1-7 at observation time."
Niconico,JP,JP_poll,sm43604143,https://www.nicovideo.jp/watch/sm43604143,2024/4/1,0:04,ホン・メイリン死去,nonogamer9,119,1,2,0,0,2026-08-23,other_tagged,,https://www.nicovideo.jp/tag/%E6%9D%B1%E6%96%B9Project%E4%BA%BA%E6%B0%97%E6%8A%95%E7%A5%A8?page=2,"Exact Niconico tag page; header reported 204 videos, 197 cards were publicly rendered across pages 1-7 at observation time."
Niconico,JP,JP_poll,sm41133283,https://www.nicovideo.jp/watch/sm41133283,2022/9/25,30:58,第18回東方Project人気投票 音楽部門ランキング TOP50（速報版）,インプ,"2,823",230,31,9,0,2026-08-23,music_result,18,https://www.nicovideo.jp/tag/%E6%9D%B1%E6%96%B9Project%E4%BA%BA%E6%B0%97%E6%8A%95%E7%A5%A8?page=2,"Exact Niconico tag page; header reported 204 videos, 197 cards were publicly rendered across pages 1-7 at observation time."
Niconico,JP,JP_poll,sm41574651,https://www.nicovideo.jp/watch/sm41574651,2022/12/29,1:26,【東方ロストワード】正邪はピンクにされるしベストライバル部門が設立されるししっちゃかめっちゃか【東方人気投票】,八咫ガラス,"3,850",61,141,10,0,2026-08-23,other_tagged,,https://www.nicovideo.jp/tag/%E6%9D%B1%E6%96%B9Project%E4%BA%BA%E6%B0%97%E6%8A%95%E7%A5%A8?page=2,"Exact Niconico tag page; header reported 204 videos, 197 cards were publicly rendered across pages 1-7 at observation time."
Niconico,JP,JP_poll,sm28052888,https://www.nicovideo.jp/watch/sm28052888,2016/1/21,21:04,【東方】第12回東方Project人気投票 キャラ部門 TOP100,,11.1万,1.8万,5,"1,120",0,2026-08-23,result_summary,12,https://www.nicovideo.jp/tag/%E6%9D%B1%E6%96%B9Project%E4%BA%BA%E6%B0%97%E6%8A%95%E7%A5%A8?page=2,"Exact Niconico tag page; header reported 204 videos, 197 cards were publicly rendered across pages 1-7 at observation time."
Niconico,JP,JP_poll,sm26388801,https://www.nicovideo.jp/watch/sm26388801,2015/6/1,20:35,【東方】第11回東方Project人気投票 キャラ部門 TOP100,,12.7万,2.1万,12,"1,292",0,2026-08-23,result_summary,11,https://www.nicovideo.jp/tag/%E6%9D%B1%E6%96%B9Project%E4%BA%BA%E6%B0%97%E6%8A%95%E7%A5%A8?page=2,"Exact Niconico tag page; header reported 204 videos, 197 cards were publicly rendered across pages 1-7 at observation time."
Niconico,JP,JP_poll,sm42866237,https://www.nicovideo.jp/watch/sm42866237,2023/10/9,30:19,第19回東方Project人気投票人妖部門TOP100！,すたっく,905,39,10,5,0,2026-08-23,result_summary,19,https://www.nicovideo.jp/tag/%E6%9D%B1%E6%96%B9Project%E4%BA%BA%E6%B0%97%E6%8A%95%E7%A5%A8?page=2,"Exact Niconico tag page; header reported 204 videos, 197 cards were publicly rendered across pages 1-7 at observation time."
Niconico,JP,JP_poll,sm26395783,https://www.nicovideo.jp/watch/sm26395783,2015/6/2,23:25,【第11回東方Project人気投票】各キャラのグラフとランキング,KSG,3.8万,"3,800",2,183,,2026-08-23,longitudinal_or_analysis,11,https://www.nicovideo.jp/tag/%E6%9D%B1%E6%96%B9Project%E4%BA%BA%E6%B0%97%E6%8A%95%E7%A5%A8?page=2,"Exact Niconico tag page; header reported 204 videos, 197 cards were publicly rendered across pages 1-7 at observation time."
Niconico,JP,JP_poll,sm42841785,https://www.nicovideo.jp/watch/sm42841785,2023/10/3,25:29,第19回東方Project人気投票 音楽部門 TOP10,ゲスト,917,10,11,1,0,2026-08-23,music_result,19,https://www.nicovideo.jp/tag/%E6%9D%B1%E6%96%B9Project%E4%BA%BA%E6%B0%97%E6%8A%95%E7%A5%A8?page=2,"Exact Niconico tag page; header reported 204 videos, 197 cards were publicly rendered across pages 1-7 at observation time."
Niconico,JP,JP_poll,sm35993822,https://www.nicovideo.jp/watch/sm35993822,2019/11/23,37:00,【第11回東方ニコ童祭Ex】Memorial Medley 8th.【第8回東方人気投票メドレー200～1位+α】,ひみのゆり,"3,383",40,4,37,0,2026-08-23,music_result,11|8,https://www.nicovideo.jp/tag/%E6%9D%B1%E6%96%B9Project%E4%BA%BA%E6%B0%97%E6%8A%95%E7%A5%A8?page=2,"Exact Niconico tag page; header reported 204 videos, 197 cards were publicly rendered across pages 1-7 at observation time."
Niconico,JP,JP_poll,sm39429588,https://www.nicovideo.jp/watch/sm39429588,2021/10/3,25:50,第17回東方Project人気投票 人妖部門（速報版）,まーき,"8,781","2,295",87,32,,2026-08-23,result_summary,17,https://www.nicovideo.jp/tag/%E6%9D%B1%E6%96%B9Project%E4%BA%BA%E6%B0%97%E6%8A%95%E7%A5%A8?page=2,"Exact Niconico tag page; header reported 204 videos, 197 cards were publicly rendered across pages 1-7 at observation time."
Niconico,JP,JP_poll,sm42829422,https://www.nicovideo.jp/watch/sm42829422,2023/9/30,0:21,【ゆっくり茶番劇】第19回東方project人気投票1位おめでとう魔理沙！,ロゼ,167,7,3,0,,2026-08-23,other_tagged,19,https://www.nicovideo.jp/tag/%E6%9D%B1%E6%96%B9Project%E4%BA%BA%E6%B0%97%E6%8A%95%E7%A5%A8?page=2,"Exact Niconico tag page; header reported 204 videos, 197 cards were publicly rendered across pages 1-7 at observation time."
Niconico,JP,JP_poll,sm42834382,https://www.nicovideo.jp/watch/sm42834382,2023/10/1,0:50,【ゆっくり茶番劇】霊夢が東方人気投票1位の魔理沙にプレゼントを渡す！,ロゼ,105,1,1,0,,2026-08-23,other_tagged,,https://www.nicovideo.jp/tag/%E6%9D%B1%E6%96%B9Project%E4%BA%BA%E6%B0%97%E6%8A%95%E7%A5%A8?page=2,"Exact Niconico tag page; header reported 204 videos, 197 cards were publicly rendered across pages 1-7 at observation time."
Niconico,JP,JP_poll,sm40872449,https://www.nicovideo.jp/watch/sm40872449,2022/8/4,14:20,【日中比較】东方Project人气投票 第⑩回 ランキング,KSG,966,73,24,8,,2026-08-23,longitudinal_or_analysis,,https://www.nicovideo.jp/tag/%E6%9D%B1%E6%96%B9Project%E4%BA%BA%E6%B0%97%E6%8A%95%E7%A5%A8?page=2,"Exact Niconico tag page; header reported 204 videos, 197 cards were publicly rendered across pages 1-7 at observation time."
Niconico,JP,JP_poll,sm42702184,https://www.nicovideo.jp/watch/sm42702184,2023/9/1,7:28,【もうすぐ人気投票】第18回東方人気投票スターサファイア投票コメントまとめ！【東方】,しレナ”ふみ,93,1,7,0,,2026-08-23,other_tagged,18,https://www.nicovideo.jp/tag/%E6%9D%B1%E6%96%B9Project%E4%BA%BA%E6%B0%97%E6%8A%95%E7%A5%A8?page=2,"Exact Niconico tag page; header reported 204 videos, 197 cards were publicly rendered across pages 1-7 at observation time."
Niconico,JP,JP_poll,sm36906214,https://www.nicovideo.jp/watch/sm36906214,2020/5/22,7:08,【東方人気投票】ミイラ取りがミイラ【岡崎夢美】,諸星　一,389,6,1,3,,2026-08-23,other_tagged,,https://www.nicovideo.jp/tag/%E6%9D%B1%E6%96%B9Project%E4%BA%BA%E6%B0%97%E6%8A%95%E7%A5%A8?page=2,"Exact Niconico tag page; header reported 204 videos, 197 cards were publicly rendered across pages 1-7 at observation time."
Niconico,JP,JP_poll,sm28203264,https://www.nicovideo.jp/watch/sm28203264,2016/2/12,8:42,【目で見る】第12回東方Project人気投票【順位/得票俯瞰】,さいはて,"5,104",363,2,25,,2026-08-23,other_tagged,12,https://www.nicovideo.jp/tag/%E6%9D%B1%E6%96%B9Project%E4%BA%BA%E6%B0%97%E6%8A%95%E7%A5%A8?page=2,"Exact Niconico tag page; header reported 204 videos, 197 cards were publicly rendered across pages 1-7 at observation time."
Niconico,JP,JP_poll,sm32917093,https://www.nicovideo.jp/watch/sm32917093,2018/3/20,20:56,第14回東方Project人気投票 道中曲 TOP30,インプ,"2,803",86,0,12,,2026-08-23,result_summary,14,https://www.nicovideo.jp/tag/%E6%9D%B1%E6%96%B9Project%E4%BA%BA%E6%B0%97%E6%8A%95%E7%A5%A8?page=3,"Exact Niconico tag page; header reported 204 videos, 197 cards were publicly rendered across pages 1-7 at observation time."
Niconico,JP,JP_poll,sm29077380,https://www.nicovideo.jp/watch/sm29077380,2016/6/25,4:33,【第８回東方ニコ童祭】椛と人気と九十九姉妹と【東方MMD】,大和武蔵長門陸奥伊勢日向,1.4万,184,10,45,,2026-08-23,meme_or_derivative,,https://www.nicovideo.jp/tag/%E6%9D%B1%E6%96%B9Project%E4%BA%BA%E6%B0%97%E6%8A%95%E7%A5%A8?page=3,"Exact Niconico tag page; header reported 204 videos, 197 cards were publicly rendered across pages 1-7 at observation time."
Niconico,JP,JP_poll,sm41480082,https://www.nicovideo.jp/watch/sm41480082,2022/12/8,12:15,コメントから推測しろ！東方原曲クイズ！【第18回東方人気投票記念】(Youtubeからの転載),すたっく,165,2,3,0,,2026-08-23,other_tagged,18,https://www.nicovideo.jp/tag/%E6%9D%B1%E6%96%B9Project%E4%BA%BA%E6%B0%97%E6%8A%95%E7%A5%A8?page=3,"Exact Niconico tag page; header reported 204 videos, 197 cards were publicly rendered across pages 1-7 at observation time."
Niconico,JP,JP_poll,sm41305441,https://www.nicovideo.jp/watch/sm41305441,2022/10/31,19:41,【東方自作アレンジ】第18回東方人気投票メドレー音楽部門ベスト100+α(速報版),ひみのゆり,"1,442",15,36,14,,2026-08-23,music_result,18,https://www.nicovideo.jp/tag/%E6%9D%B1%E6%96%B9Project%E4%BA%BA%E6%B0%97%E6%8A%95%E7%A5%A8?page=3,"Exact Niconico tag page; header reported 204 videos, 197 cards were publicly rendered across pages 1-7 at observation time."
Niconico,JP,JP_poll,sm39435430,https://www.nicovideo.jp/watch/sm39435430,2021/10/5,27:24,第17回東方Project人気投票 音楽部門ランキング TOP100～51（速報版）,インプ,"1,616",134,16,4,,2026-08-23,music_result,17,https://www.nicovideo.jp/tag/%E6%9D%B1%E6%96%B9Project%E4%BA%BA%E6%B0%97%E6%8A%95%E7%A5%A8?page=3,"Exact Niconico tag page; header reported 204 videos, 197 cards were publicly rendered across pages 1-7 at observation time."
Niconico,JP,JP_poll,sm39453076,https://www.nicovideo.jp/watch/sm39453076,2021/10/9,27:56,【2021】第17回東方人気投票　音楽部門TOP10【東方原曲ランキング】,チロル,"1,767",62,14,10,0,2026-08-23,music_result,17,https://www.nicovideo.jp/tag/%E6%9D%B1%E6%96%B9Project%E4%BA%BA%E6%B0%97%E6%8A%95%E7%A5%A8?page=3,"Exact Niconico tag page; header reported 204 videos, 197 cards were publicly rendered across pages 1-7 at observation time."
Niconico,JP,JP_poll,sm41512255,https://www.nicovideo.jp/watch/sm41512255,2022/12/16,12:15,コメントから推測しろ！東方原曲クイズEX！(視聴者への挑戦状)【第18回東方人気投票記念】（youtubeからの転載）,すたっく,89,2,2,0,0,2026-08-23,other_tagged,18,https://www.nicovideo.jp/tag/%E6%9D%B1%E6%96%B9Project%E4%BA%BA%E6%B0%97%E6%8A%95%E7%A5%A8?page=3,"Exact Niconico tag page; header reported 204 videos, 197 cards were publicly rendered across pages 1-7 at observation time."
Niconico,JP,JP_poll,sm39449342,https://www.nicovideo.jp/watch/sm39449342,2021/10/8,0:47,【東方Project人気投票2021】人妖部門TOP10（原曲：U.N.オーエンは彼女なのか？＆亡き王女の為のセプテット）【ゆっくり】,（無名のゆっくり）,644,1,3,3,0,2026-08-23,result_summary,,https://www.nicovideo.jp/tag/%E6%9D%B1%E6%96%B9Project%E4%BA%BA%E6%B0%97%E6%8A%95%E7%A5%A8?page=3,"Exact Niconico tag page; header reported 204 videos, 197 cards were publicly rendered across pages 1-7 at observation time."
Niconico,JP,JP_poll,sm41629952,https://www.nicovideo.jp/watch/sm41629952,2023/1/9,29:20,第18回東方Project人気投票 音楽部門ランキング TOP100～51,インプ,951,22,11,5,0,2026-08-23,music_result,18,https://www.nicovideo.jp/tag/%E6%9D%B1%E6%96%B9Project%E4%BA%BA%E6%B0%97%E6%8A%95%E7%A5%A8?page=3,"Exact Niconico tag page; header reported 204 videos, 197 cards were publicly rendered across pages 1-7 at observation time."
Niconico,JP,JP_poll,sm37125419,https://www.nicovideo.jp/watch/sm37125419,2020/7/2,1:58,妖夢人気投票一位おめでとー[船堀編]【陽月（ひのづき）より】,ヒの月,956,14,0,1,0,2026-08-23,other_tagged,,https://www.nicovideo.jp/tag/%E6%9D%B1%E6%96%B9Project%E4%BA%BA%E6%B0%97%E6%8A%95%E7%A5%A8?page=3,"Exact Niconico tag page; header reported 204 videos, 197 cards were publicly rendered across pages 1-7 at observation time."
Niconico,JP,JP_poll,sm41701410,https://www.nicovideo.jp/watch/sm41701410,2023/1/25,1:10,お燐とジェガンが第18回東方人気投票Exの告知をお知らせする動画,インサイト,255,2,1,0,0,2026-08-23,other_tagged,18,https://www.nicovideo.jp/tag/%E6%9D%B1%E6%96%B9Project%E4%BA%BA%E6%B0%97%E6%8A%95%E7%A5%A8?page=3,"Exact Niconico tag page; header reported 204 videos, 197 cards were publicly rendered across pages 1-7 at observation time."
Niconico,JP,JP_poll,sm39573409,https://www.nicovideo.jp/watch/sm39573409,2021/11/3,10:10,【第17回東方人気投票メドレー】誰の物でもない音楽【音楽部門200～101位+α】,ひみのゆり,"1,485",8,13,7,0,2026-08-23,music_result,17,https://www.nicovideo.jp/tag/%E6%9D%B1%E6%96%B9Project%E4%BA%BA%E6%B0%97%E6%8A%95%E7%A5%A8?page=3,"Exact Niconico tag page; header reported 204 videos, 197 cards were publicly rendered across pages 1-7 at observation time."
Niconico,JP,JP_poll,sm41185029,https://www.nicovideo.jp/watch/sm41185029,2022/10/6,36:55,【第18回東方Project人気投票】各キャラのポイントと得票率・偏差値のグラフならびにランキング,KSG,"2,588",306,45,15,0,2026-08-23,longitudinal_or_analysis,18,https://www.nicovideo.jp/tag/%E6%9D%B1%E6%96%B9Project%E4%BA%BA%E6%B0%97%E6%8A%95%E7%A5%A8?page=3,"Exact Niconico tag page; header reported 204 videos, 197 cards were publicly rendered across pages 1-7 at observation time."
Niconico,JP,JP_poll,sm28077119,https://www.nicovideo.jp/watch/sm28077119,2016/1/25,9:27,総統閣下は第12回東方projectの人気投票の結果を聞いて……,S・G・M,"4,813",307,0,20,,2026-08-23,result_summary,12,https://www.nicovideo.jp/tag/%E6%9D%B1%E6%96%B9Project%E4%BA%BA%E6%B0%97%E6%8A%95%E7%A5%A8?page=3,"Exact Niconico tag page; header reported 204 videos, 197 cards were publicly rendered across pages 1-7 at observation time."
Niconico,JP,JP_poll,sm40064725,https://www.nicovideo.jp/watch/sm40064725,2022/2/19,,第17回東方Project人気投票 音楽部門ランキング TOP250（正式版）,インプ,"1,366",16,18,12,,2026-08-23,music_result,17,https://www.nicovideo.jp/tag/%E6%9D%B1%E6%96%B9Project%E4%BA%BA%E6%B0%97%E6%8A%95%E7%A5%A8?page=3,"Exact Niconico tag page; header reported 204 videos, 197 cards were publicly rendered across pages 1-7 at observation time."
Niconico,JP,JP_poll,sm35131496,https://www.nicovideo.jp/watch/sm35131496,2019/5/16,29:28,第15回東方Project人気投票 総合ランキング TOP50,インプ,"4,103",332,1,25,,2026-08-23,result_summary,15,https://www.nicovideo.jp/tag/%E6%9D%B1%E6%96%B9Project%E4%BA%BA%E6%B0%97%E6%8A%95%E7%A5%A8?page=3,"Exact Niconico tag page; header reported 204 videos, 197 cards were publicly rendered across pages 1-7 at observation time."
Niconico,JP,JP_poll,sm41131743,https://www.nicovideo.jp/watch/sm41131743,2022/9/25,2:26,第1回～第18回 東方Project人気投票 歴代TOP140【動くグラフ最新版】,iTsumi,868,29,12,4,,2026-08-23,longitudinal_or_analysis,1|18,https://www.nicovideo.jp/tag/%E6%9D%B1%E6%96%B9Project%E4%BA%BA%E6%B0%97%E6%8A%95%E7%A5%A8?page=3,"Exact Niconico tag page; header reported 204 videos, 197 cards were publicly rendered across pages 1-7 at observation time."
Niconico,JP,JP_poll,sm41137924,https://www.nicovideo.jp/watch/sm41137924,2022/9/26,4:15,#亡き王女の為のセプテット #フランドール  #東方project フラン版亡き王女の為のセプテット,YTおろユナVT,198,1,1,0,,2026-08-23,other_tagged,,https://www.nicovideo.jp/tag/%E6%9D%B1%E6%96%B9Project%E4%BA%BA%E6%B0%97%E6%8A%95%E7%A5%A8?page=3,"Exact Niconico tag page; header reported 204 videos, 197 cards were publicly rendered across pages 1-7 at observation time."
Niconico,JP,JP_poll,sm41137909,https://www.nicovideo.jp/watch/sm41137909,2022/9/26,0:57,東方project人気投票人妖投票1位結果発表！1位フランドール・スカーレット,YTおろユナVT,229,2,3,0,,2026-08-23,result_summary,,https://www.nicovideo.jp/tag/%E6%9D%B1%E6%96%B9Project%E4%BA%BA%E6%B0%97%E6%8A%95%E7%A5%A8?page=3,"Exact Niconico tag page; header reported 204 videos, 197 cards were publicly rendered across pages 1-7 at observation time."
Niconico,JP,JP_poll,sm39444283,https://www.nicovideo.jp/watch/sm39444283,2021/10/7,30:58,第17回東方Project人気投票 音楽部門ランキング TOP50（速報版）,インプ,"2,874",332,30,16,,2026-08-23,music_result,17,https://www.nicovideo.jp/tag/%E6%9D%B1%E6%96%B9Project%E4%BA%BA%E6%B0%97%E6%8A%95%E7%A5%A8?page=3,"Exact Niconico tag page; header reported 204 videos, 197 cards were publicly rendered across pages 1-7 at observation time."
Niconico,JP,JP_poll,sm34571451,https://www.nicovideo.jp/watch/sm34571451,2019/2/3,23:25,第15回東方Project人気投票 人妖部門（速報版）,まーき,1.9万,"3,328",3,107,,2026-08-23,result_summary,15,https://www.nicovideo.jp/tag/%E6%9D%B1%E6%96%B9Project%E4%BA%BA%E6%B0%97%E6%8A%95%E7%A5%A8?page=3,"Exact Niconico tag page; header reported 204 videos, 197 cards were publicly rendered across pages 1-7 at observation time."
Niconico,JP,JP_poll,sm39432088,https://www.nicovideo.jp/watch/sm39432088,2021/10/4,2:17,【動くグラフ最新版】第1回～第17回 東方Project人気投票 歴代TOP60,iTsumi,"1,342",11,12,2,,2026-08-23,longitudinal_or_analysis,1|17,https://www.nicovideo.jp/tag/%E6%9D%B1%E6%96%B9Project%E4%BA%BA%E6%B0%97%E6%8A%95%E7%A5%A8?page=3,"Exact Niconico tag page; header reported 204 videos, 197 cards were publicly rendered across pages 1-7 at observation time."
Niconico,JP,JP_poll,sm39990706,https://www.nicovideo.jp/watch/sm39990706,2022/2/4,25:42,第17回東方Project人気投票 人妖部門（確定版）,まーき,"1,739",33,13,6,,2026-08-23,other_tagged,17,https://www.nicovideo.jp/tag/%E6%9D%B1%E6%96%B9Project%E4%BA%BA%E6%B0%97%E6%8A%95%E7%A5%A8?page=3,"Exact Niconico tag page; header reported 204 videos, 197 cards were publicly rendered across pages 1-7 at observation time."
Niconico,JP,JP_poll,sm39430387,https://www.nicovideo.jp/watch/sm39430387,2021/10/4,6:17,第17回東方Project人気投票 人妖部門順位推移グラフ,さんけん,"1,385",79,16,4,,2026-08-23,longitudinal_or_analysis,17,https://www.nicovideo.jp/tag/%E6%9D%B1%E6%96%B9Project%E4%BA%BA%E6%B0%97%E6%8A%95%E7%A5%A8?page=3,"Exact Niconico tag page; header reported 204 videos, 197 cards were publicly rendered across pages 1-7 at observation time."
Niconico,JP,JP_poll,sm39455854,https://www.nicovideo.jp/watch/sm39455854,2021/10/9,38:36,【第17回東方Project人気投票】各キャラのポイントと得票率のグラフおよびランキング,KSG,"2,912",291,34,14,,2026-08-23,longitudinal_or_analysis,17,https://www.nicovideo.jp/tag/%E6%9D%B1%E6%96%B9Project%E4%BA%BA%E6%B0%97%E6%8A%95%E7%A5%A8?page=3,"Exact Niconico tag page; header reported 204 videos, 197 cards were publicly rendered across pages 1-7 at observation time."
Niconico,JP,JP_poll,sm40923356,https://www.nicovideo.jp/watch/sm40923356,2022/8/14,17:59,第10回 中国版 東方Project人気投票 人妖部門ランキング TOP100,Darkhan,294,1,4,0,,2026-08-23,result_summary,10,https://www.nicovideo.jp/tag/%E6%9D%B1%E6%96%B9Project%E4%BA%BA%E6%B0%97%E6%8A%95%E7%A5%A8?page=3,"Exact Niconico tag page; header reported 204 videos, 197 cards were publicly rendered across pages 1-7 at observation time."
Niconico,JP,JP_poll,sm39355468,https://www.nicovideo.jp/watch/sm39355468,2021/9/19,0:43,【東方人気投票支援】かわいいなかわい蛮奇ちゃんかわいい,in石器,504,12,31,4,,2026-08-23,support_or_campaign,,https://www.nicovideo.jp/tag/%E6%9D%B1%E6%96%B9Project%E4%BA%BA%E6%B0%97%E6%8A%95%E7%A5%A8?page=3,"Exact Niconico tag page; header reported 204 videos, 197 cards were publicly rendered across pages 1-7 at observation time."
Niconico,JP,JP_poll,sm39367663,https://www.nicovideo.jp/watch/sm39367663,2021/9/21,4:07,【東方人気投票支援】蛮奇ちゃんのえろ絵が描きてえ！,in石器,586,17,24,5,,2026-08-23,support_or_campaign,,https://www.nicovideo.jp/tag/%E6%9D%B1%E6%96%B9Project%E4%BA%BA%E6%B0%97%E6%8A%95%E7%A5%A8?page=3,"Exact Niconico tag page; header reported 204 videos, 197 cards were publicly rendered across pages 1-7 at observation time."
Niconico,JP,JP_poll,sm40742190,https://www.nicovideo.jp/watch/sm40742190,2022/7/9,29:34,【第14回東方ニコ童祭】東方Project人気投票の詳細結果を分析しよう！（第17回編）,くまちゃ,539,5,10,3,,2026-08-23,longitudinal_or_analysis,14|17,https://www.nicovideo.jp/tag/%E6%9D%B1%E6%96%B9Project%E4%BA%BA%E6%B0%97%E6%8A%95%E7%A5%A8?page=3,"Exact Niconico tag page; header reported 204 videos, 197 cards were publicly rendered across pages 1-7 at observation time."
Niconico,JP,JP_poll,sm39926503,https://www.nicovideo.jp/watch/sm39926503,2022/1/21,6:17,第17回東方Project人気投票 人妖部門順位推移グラフ（修正版）,さんけん,"1,146",91,12,2,,2026-08-23,longitudinal_or_analysis,17,https://www.nicovideo.jp/tag/%E6%9D%B1%E6%96%B9Project%E4%BA%BA%E6%B0%97%E6%8A%95%E7%A5%A8?page=3,"Exact Niconico tag page; header reported 204 videos, 197 cards were publicly rendered across pages 1-7 at observation time."
Niconico,JP,JP_poll,sm39977948,https://www.nicovideo.jp/watch/sm39977948,2022/2/1,30:58,第17回東方Project人気投票 総合ランキング TOP50,インプ,836,94,13,4,,2026-08-23,result_summary,17,https://www.nicovideo.jp/tag/%E6%9D%B1%E6%96%B9Project%E4%BA%BA%E6%B0%97%E6%8A%95%E7%A5%A8?page=3,"Exact Niconico tag page; header reported 204 videos, 197 cards were publicly rendered across pages 1-7 at observation time."
Niconico,JP,JP_poll,sm30494294,https://www.nicovideo.jp/watch/sm30494294,2017/1/24,5:20,第13回東方Project人気投票、結果報告会！！,スラ,"6,287",321,0,20,,2026-08-23,result_summary,13,https://www.nicovideo.jp/tag/%E6%9D%B1%E6%96%B9Project%E4%BA%BA%E6%B0%97%E6%8A%95%E7%A5%A8?page=3,"Exact Niconico tag page; header reported 204 videos, 197 cards were publicly rendered across pages 1-7 at observation time."
Niconico,JP,JP_poll,sm37185292,https://www.nicovideo.jp/watch/sm37185292,2020/7/13,30:12,第16回東方Project人気投票 総合ランキング TOP50,インプ,"2,457",174,8,13,,2026-08-23,result_summary,16,https://www.nicovideo.jp/tag/%E6%9D%B1%E6%96%B9Project%E4%BA%BA%E6%B0%97%E6%8A%95%E7%A5%A8?page=4,"Exact Niconico tag page; header reported 204 videos, 197 cards were publicly rendered across pages 1-7 at observation time."
Niconico,JP,JP_poll,sm39824619,https://www.nicovideo.jp/watch/sm39824619,2021/12/30,32:24,【東方自作アレンジ】第17回東方人気投票 TOP15オリジナルアレンジメドレー,hikane,688,11,13,8,,2026-08-23,music_result,17,https://www.nicovideo.jp/tag/%E6%9D%B1%E6%96%B9Project%E4%BA%BA%E6%B0%97%E6%8A%95%E7%A5%A8?page=4,"Exact Niconico tag page; header reported 204 videos, 197 cards were publicly rendered across pages 1-7 at observation time."
Niconico,JP,JP_poll,sm39451237,https://www.nicovideo.jp/watch/sm39451237,2021/10/9,8:20,【2021】 第17回東方人気投票 人妖部門TOP10【東方キャラランキング】,チロル,825,33,5,5,,2026-08-23,result_summary,17,https://www.nicovideo.jp/tag/%E6%9D%B1%E6%96%B9Project%E4%BA%BA%E6%B0%97%E6%8A%95%E7%A5%A8?page=4,"Exact Niconico tag page; header reported 204 videos, 197 cards were publicly rendered across pages 1-7 at observation time."
Niconico,JP,JP_poll,sm39459656,https://www.nicovideo.jp/watch/sm39459656,2021/10/11,26:31,【2021】第17回東方人気投票　音楽部門TOP20~11【東方原曲ランキング】,チロル,"1,000",32,9,2,,2026-08-23,music_result,17,https://www.nicovideo.jp/tag/%E6%9D%B1%E6%96%B9Project%E4%BA%BA%E6%B0%97%E6%8A%95%E7%A5%A8?page=4,"Exact Niconico tag page; header reported 204 videos, 197 cards were publicly rendered across pages 1-7 at observation time."
Niconico,JP,JP_poll,sm37506256,https://www.nicovideo.jp/watch/sm37506256,2020/9/12,30:00,第16回東方Project人気投票 音楽部門ランキング TOP50,インプ,"2,457",77,10,15,0,2026-08-23,music_result,16,https://www.nicovideo.jp/tag/%E6%9D%B1%E6%96%B9Project%E4%BA%BA%E6%B0%97%E6%8A%95%E7%A5%A8?page=4,"Exact Niconico tag page; header reported 204 videos, 197 cards were publicly rendered across pages 1-7 at observation time."
Niconico,JP,JP_poll,sm35366096,https://www.nicovideo.jp/watch/sm35366096,2019/7/7,16:34,【第11回東方ニコ童祭】パチュリーが紅魔館の人気を気にしているようです。～霊夢篇～,CARVO-RENE,"3,124",94,1,6,0,2026-08-23,other_tagged,11,https://www.nicovideo.jp/tag/%E6%9D%B1%E6%96%B9Project%E4%BA%BA%E6%B0%97%E6%8A%95%E7%A5%A8?page=4,"Exact Niconico tag page; header reported 204 videos, 197 cards were publicly rendered across pages 1-7 at observation time."
Niconico,JP,JP_poll,sm38606455,https://www.nicovideo.jp/watch/sm38606455,2021/4/19,2:47,【ランキング動画】　第二回東方キャラ人気投票ランキング　【振り返り】,ひさし鰤,165,4,1,0,0,2026-08-23,result_summary,,https://www.nicovideo.jp/tag/%E6%9D%B1%E6%96%B9Project%E4%BA%BA%E6%B0%97%E6%8A%95%E7%A5%A8?page=4,"Exact Niconico tag page; header reported 204 videos, 197 cards were publicly rendered across pages 1-7 at observation time."
Niconico,JP,JP_poll,sm39463451,https://www.nicovideo.jp/watch/sm39463451,2021/10/11,10:00,【2021】第17回東方人気投票　人妖部門TOP20～11【東方キャラランキング】,チロル,635,23,3,3,0,2026-08-23,result_summary,17,https://www.nicovideo.jp/tag/%E6%9D%B1%E6%96%B9Project%E4%BA%BA%E6%B0%97%E6%8A%95%E7%A5%A8?page=4,"Exact Niconico tag page; header reported 204 videos, 197 cards were publicly rendered across pages 1-7 at observation time."
Niconico,JP,JP_poll,sm22666583,https://www.nicovideo.jp/watch/sm22666583,2014/1/13,3:35,【東方】中国版東方Wikiの人気投票から見た各キャラの男女別人気,無投票落選,"3,193",88,0,10,0,2026-08-23,other_tagged,,https://www.nicovideo.jp/tag/%E6%9D%B1%E6%96%B9Project%E4%BA%BA%E6%B0%97%E6%8A%95%E7%A5%A8?page=4,"Exact Niconico tag page; header reported 204 videos, 197 cards were publicly rendered across pages 1-7 at observation time."
Niconico,JP,JP_poll,sm32722377,https://www.nicovideo.jp/watch/sm32722377,2018/2/11,36:56,第14回東方Project人気投票分析,総督D,1.4万,"1,034",2,88,0,2026-08-23,longitudinal_or_analysis,14,https://www.nicovideo.jp/tag/%E6%9D%B1%E6%96%B9Project%E4%BA%BA%E6%B0%97%E6%8A%95%E7%A5%A8?page=4,"Exact Niconico tag page; header reported 204 videos, 197 cards were publicly rendered across pages 1-7 at observation time."
Niconico,JP,JP_poll,sm17225262,https://www.nicovideo.jp/watch/sm17225262,2012/3/12,3:43,【東方人気投票】星組会議【MMDドラマ】,フィルロッソ,7.7万,"2,152",7,741,0,2026-08-23,meme_or_derivative,,https://www.nicovideo.jp/tag/%E6%9D%B1%E6%96%B9Project%E4%BA%BA%E6%B0%97%E6%8A%95%E7%A5%A8?page=4,"Exact Niconico tag page; header reported 204 videos, 197 cards were publicly rendered across pages 1-7 at observation time."
Niconico,JP,JP_poll,sm39518007,https://www.nicovideo.jp/watch/sm39518007,2021/10/22,27:56,第17回東方Project人気投票 音楽部門ランキング TOP200～151（速報版）,インプ,509,31,8,1,0,2026-08-23,music_result,17,https://www.nicovideo.jp/tag/%E6%9D%B1%E6%96%B9Project%E4%BA%BA%E6%B0%97%E6%8A%95%E7%A5%A8?page=4,"Exact Niconico tag page; header reported 204 videos, 197 cards were publicly rendered across pages 1-7 at observation time."
Niconico,JP,JP_poll,sm39518189,https://www.nicovideo.jp/watch/sm39518189,2021/10/22,27:50,第17回東方Project人気投票 音楽部門ランキング TOP150～101（速報版）,インプ,609,34,8,1,,2026-08-23,music_result,17,https://www.nicovideo.jp/tag/%E6%9D%B1%E6%96%B9Project%E4%BA%BA%E6%B0%97%E6%8A%95%E7%A5%A8?page=4,"Exact Niconico tag page; header reported 204 videos, 197 cards were publicly rendered across pages 1-7 at observation time."
Niconico,JP,JP_poll,sm34579201,https://www.nicovideo.jp/watch/sm34579201,2019/2/4,47:30,【第15回東方Project人気投票】各キャラのポイント数・得票率のグラフおよびランキング,KSG,1.3万,"1,552",2,69,,2026-08-23,longitudinal_or_analysis,15,https://www.nicovideo.jp/tag/%E6%9D%B1%E6%96%B9Project%E4%BA%BA%E6%B0%97%E6%8A%95%E7%A5%A8?page=4,"Exact Niconico tag page; header reported 204 videos, 197 cards were publicly rendered across pages 1-7 at observation time."
Niconico,JP,JP_poll,sm37074826,https://www.nicovideo.jp/watch/sm37074826,2020/6/22,8:36,第16回東方Project人気投票 音楽部門 TOP50,まーき,"5,684",256,10,19,,2026-08-23,music_result,16,https://www.nicovideo.jp/tag/%E6%9D%B1%E6%96%B9Project%E4%BA%BA%E6%B0%97%E6%8A%95%E7%A5%A8?page=4,"Exact Niconico tag page; header reported 204 videos, 197 cards were publicly rendered across pages 1-7 at observation time."
Niconico,JP,JP_poll,sm38314935,https://www.nicovideo.jp/watch/sm38314935,2021/2/22,,第16回東方Project人気投票 音楽部門ランキング TOP200,インプ,895,3,10,6,,2026-08-23,music_result,16,https://www.nicovideo.jp/tag/%E6%9D%B1%E6%96%B9Project%E4%BA%BA%E6%B0%97%E6%8A%95%E7%A5%A8?page=4,"Exact Niconico tag page; header reported 204 videos, 197 cards were publicly rendered across pages 1-7 at observation time."
Niconico,JP,JP_poll,sm39357112,https://www.nicovideo.jp/watch/sm39357112,2021/9/19,1:21,ジェガンがお燐を第17回東方Project人気投票のために褒めちぎる動画,インサイト,578,6,0,1,,2026-08-23,other_tagged,17,https://www.nicovideo.jp/tag/%E6%9D%B1%E6%96%B9Project%E4%BA%BA%E6%B0%97%E6%8A%95%E7%A5%A8?page=4,"Exact Niconico tag page; header reported 204 videos, 197 cards were publicly rendered across pages 1-7 at observation time."
Niconico,JP,JP_poll,sm38951706,https://www.nicovideo.jp/watch/sm38951706,2021/6/28,2:28,【第13回東方ニコ童祭】】紅魔館取り壊しの答え【わざと遅刻組】,世界平和モララー,670,7,6,3,,2026-08-23,other_tagged,13,https://www.nicovideo.jp/tag/%E6%9D%B1%E6%96%B9Project%E4%BA%BA%E6%B0%97%E6%8A%95%E7%A5%A8?page=4,"Exact Niconico tag page; header reported 204 videos, 197 cards were publicly rendered across pages 1-7 at observation time."
Niconico,JP,JP_poll,sm27975831,https://www.nicovideo.jp/watch/sm27975831,2016/1/10,3:46,つくもExEx【東方手描き】,Akigun,"5,174",107,8,15,,2026-08-23,other_tagged,,https://www.nicovideo.jp/tag/%E6%9D%B1%E6%96%B9Project%E4%BA%BA%E6%B0%97%E6%8A%95%E7%A5%A8?page=4,"Exact Niconico tag page; header reported 204 videos, 197 cards were publicly rendered across pages 1-7 at observation time."
Niconico,JP,JP_poll,sm39334514,https://www.nicovideo.jp/watch/sm39334514,2021/9/14,0:43,お燐とジェガンが第17回東方人気投票のそろそろをお知らせする動画,インサイト,314,2,0,2,,2026-08-23,other_tagged,17,https://www.nicovideo.jp/tag/%E6%9D%B1%E6%96%B9Project%E4%BA%BA%E6%B0%97%E6%8A%95%E7%A5%A8?page=4,"Exact Niconico tag page; header reported 204 videos, 197 cards were publicly rendered across pages 1-7 at observation time."
Niconico,JP,JP_poll,sm38258331,https://www.nicovideo.jp/watch/sm38258331,2021/2/11,14:01,【日中比較】东方Project人气投票 第⑨回 ランキング,KSG,"1,511",132,15,7,,2026-08-23,longitudinal_or_analysis,,https://www.nicovideo.jp/tag/%E6%9D%B1%E6%96%B9Project%E4%BA%BA%E6%B0%97%E6%8A%95%E7%A5%A8?page=4,"Exact Niconico tag page; header reported 204 videos, 197 cards were publicly rendered across pages 1-7 at observation time."
Niconico,JP,JP_poll,sm37134883,https://www.nicovideo.jp/watch/sm37134883,2020/7/4,25:40,第16回東方Project人気投票 音楽部門ランキング TOP100～51（速報版）,インプ,"2,054",108,1,5,,2026-08-23,music_result,16,https://www.nicovideo.jp/tag/%E6%9D%B1%E6%96%B9Project%E4%BA%BA%E6%B0%97%E6%8A%95%E7%A5%A8?page=4,"Exact Niconico tag page; header reported 204 videos, 197 cards were publicly rendered across pages 1-7 at observation time."
Niconico,JP,JP_poll,sm26404723,https://www.nicovideo.jp/watch/sm26404723,2015/6/3,49:57,【第11回東方Project人気投票】順位アップ曲 全曲紹介【音楽部門】,RC,1.9万,"1,493",6,173,,2026-08-23,music_result,11,https://www.nicovideo.jp/tag/%E6%9D%B1%E6%96%B9Project%E4%BA%BA%E6%B0%97%E6%8A%95%E7%A5%A8?page=4,"Exact Niconico tag page; header reported 204 videos, 197 cards were publicly rendered across pages 1-7 at observation time."
Niconico,JP,JP_poll,sm34981602,https://www.nicovideo.jp/watch/sm34981602,2019/4/17,26:24,第15回東方Project人気投票 音楽部門ランキング TOP200～151,インプ,"1,556",28,0,7,,2026-08-23,music_result,15,https://www.nicovideo.jp/tag/%E6%9D%B1%E6%96%B9Project%E4%BA%BA%E6%B0%97%E6%8A%95%E7%A5%A8?page=4,"Exact Niconico tag page; header reported 204 videos, 197 cards were publicly rendered across pages 1-7 at observation time."
Niconico,JP,JP_poll,sm34093314,https://www.nicovideo.jp/watch/sm34093314,2018/10/29,14:05,【日中比較】东方Project人气投票 第七回 ランキング,KSG,"4,661",305,1,18,,2026-08-23,longitudinal_or_analysis,,https://www.nicovideo.jp/tag/%E6%9D%B1%E6%96%B9Project%E4%BA%BA%E6%B0%97%E6%8A%95%E7%A5%A8?page=4,"Exact Niconico tag page; header reported 204 videos, 197 cards were publicly rendered across pages 1-7 at observation time."
Niconico,JP,JP_poll,sm38598832,https://www.nicovideo.jp/watch/sm38598832,2021/4/18,1:43,【ランキング】第一回東方キャラ人気投票ランキング【振り返り】,ひさし鰤,173,4,1,0,,2026-08-23,result_summary,,https://www.nicovideo.jp/tag/%E6%9D%B1%E6%96%B9Project%E4%BA%BA%E6%B0%97%E6%8A%95%E7%A5%A8?page=4,"Exact Niconico tag page; header reported 204 videos, 197 cards were publicly rendered across pages 1-7 at observation time."
Niconico,JP,JP_poll,sm30455431,https://www.nicovideo.jp/watch/sm30455431,2017/1/18,1:43,【第13回東方project人気投票支援】ゆゆ様で泡沫、哀のまほろば,ユウキ,"5,383",122,1,78,,2026-08-23,support_or_campaign,13,https://www.nicovideo.jp/tag/%E6%9D%B1%E6%96%B9Project%E4%BA%BA%E6%B0%97%E6%8A%95%E7%A5%A8?page=4,"Exact Niconico tag page; header reported 204 videos, 197 cards were publicly rendered across pages 1-7 at observation time."
Niconico,JP,JP_poll,sm27956131,https://www.nicovideo.jp/watch/sm27956131,2016/1/8,1:00,【東方MMD】 第12回東方Project人気投票が開催されるそうですよ！,Curly Hamilton,2.1万,194,2,34,,2026-08-23,meme_or_derivative,12,https://www.nicovideo.jp/tag/%E6%9D%B1%E6%96%B9Project%E4%BA%BA%E6%B0%97%E6%8A%95%E7%A5%A8?page=4,"Exact Niconico tag page; header reported 204 videos, 197 cards were publicly rendered across pages 1-7 at observation time."
Niconico,JP,JP_poll,sm38736539,https://www.nicovideo.jp/watch/sm38736539,2021/5/14,3:59,【ランキング】　第五回東方キャラ人気投票ランキング　【振り返り】,ひさし鰤,93,4,1,0,,2026-08-23,result_summary,,https://www.nicovideo.jp/tag/%E6%9D%B1%E6%96%B9Project%E4%BA%BA%E6%B0%97%E6%8A%95%E7%A5%A8?page=4,"Exact Niconico tag page; header reported 204 videos, 197 cards were publicly rendered across pages 1-7 at observation time."
Niconico,JP,JP_poll,sm37079151,https://www.nicovideo.jp/watch/sm37079151,2020/6/23,29:34,第16回東方Project人気投票 音楽部門ランキング TOP200～101（速報版）,インプ,"2,074",201,2,10,,2026-08-23,music_result,16,https://www.nicovideo.jp/tag/%E6%9D%B1%E6%96%B9Project%E4%BA%BA%E6%B0%97%E6%8A%95%E7%A5%A8?page=4,"Exact Niconico tag page; header reported 204 videos, 197 cards were publicly rendered across pages 1-7 at observation time."
Niconico,JP,JP_poll,sm34572580,https://www.nicovideo.jp/watch/sm34572580,2019/2/3,37:13,第15回 東方Project人気投票 音楽部門 ～各ステージの１位～,かなで,"3,131",160,1,23,,2026-08-23,music_result,15,https://www.nicovideo.jp/tag/%E6%9D%B1%E6%96%B9Project%E4%BA%BA%E6%B0%97%E6%8A%95%E7%A5%A8?page=5,"Exact Niconico tag page; header reported 204 videos, 197 cards were publicly rendered across pages 1-7 at observation time."
Niconico,JP,JP_poll,sm32615082,https://www.nicovideo.jp/watch/sm32615082,2018/1/20,7:50,【第14回東方Project人気投票】フランちゃん応援動画,紅月ふらん,"2,807",132,0,7,,2026-08-23,support_or_campaign,14,https://www.nicovideo.jp/tag/%E6%9D%B1%E6%96%B9Project%E4%BA%BA%E6%B0%97%E6%8A%95%E7%A5%A8?page=5,"Exact Niconico tag page; header reported 204 videos, 197 cards were publicly rendered across pages 1-7 at observation time."
Niconico,JP,JP_poll,sm36939558,https://www.nicovideo.jp/watch/sm36939558,2020/5/28,29:00,東方Project人気投票　第1～15回音楽部門平均順位ランキング【東方メドレー】　,だっぷ,"2,940",180,6,25,,2026-08-23,music_result,,https://www.nicovideo.jp/tag/%E6%9D%B1%E6%96%B9Project%E4%BA%BA%E6%B0%97%E6%8A%95%E7%A5%A8?page=5,"Exact Niconico tag page; header reported 204 videos, 197 cards were publicly rendered across pages 1-7 at observation time."
Niconico,JP,JP_poll,sm27579404,https://www.nicovideo.jp/watch/sm27579404,2015/11/13,15:52,【日中比較】东方Project人气投票 第四回 ランキング,KSG,2.1万,"1,891",3,86,,2026-08-23,longitudinal_or_analysis,,https://www.nicovideo.jp/tag/%E6%9D%B1%E6%96%B9Project%E4%BA%BA%E6%B0%97%E6%8A%95%E7%A5%A8?page=5,"Exact Niconico tag page; header reported 204 videos, 197 cards were publicly rendered across pages 1-7 at observation time."
Niconico,JP,JP_poll,sm28068647,https://www.nicovideo.jp/watch/sm28068647,2016/1/24,46:19,【第12回東方Project人気投票】順位アップ曲   全曲紹介【音楽部門】,RC,1.4万,"1,207",3,110,,2026-08-23,music_result,12,https://www.nicovideo.jp/tag/%E6%9D%B1%E6%96%B9Project%E4%BA%BA%E6%B0%97%E6%8A%95%E7%A5%A8?page=5,"Exact Niconico tag page; header reported 204 videos, 197 cards were publicly rendered across pages 1-7 at observation time."
Niconico,JP,JP_poll,sm34809428,https://www.nicovideo.jp/watch/sm34809428,2019/3/20,30:54,第15回東方Project人気投票 道中曲 TOP50,インプ,"2,991",167,5,15,0,2026-08-23,result_summary,15,https://www.nicovideo.jp/tag/%E6%9D%B1%E6%96%B9Project%E4%BA%BA%E6%B0%97%E6%8A%95%E7%A5%A8?page=5,"Exact Niconico tag page; header reported 204 videos, 197 cards were publicly rendered across pages 1-7 at observation time."
Niconico,JP,JP_poll,sm32181713,https://www.nicovideo.jp/watch/sm32181713,2017/10/29,14:09,【日中比較】东方Project人气投票 第六回 ランキング,KSG,"4,495",446,0,19,0,2026-08-23,longitudinal_or_analysis,,https://www.nicovideo.jp/tag/%E6%9D%B1%E6%96%B9Project%E4%BA%BA%E6%B0%97%E6%8A%95%E7%A5%A8?page=5,"Exact Niconico tag page; header reported 204 videos, 197 cards were publicly rendered across pages 1-7 at observation time."
Niconico,JP,JP_poll,sm33740870,https://www.nicovideo.jp/watch/sm33740870,2018/8/24,2:38,【MMD杯ZERO】エスコンZEROを東方とロボットで表現してみた,大和武蔵長門陸奥伊勢日向,"6,056",63,7,46,0,2026-08-23,meme_or_derivative,,https://www.nicovideo.jp/tag/%E6%9D%B1%E6%96%B9Project%E4%BA%BA%E6%B0%97%E6%8A%95%E7%A5%A8?page=5,"Exact Niconico tag page; header reported 204 videos, 197 cards were publicly rendered across pages 1-7 at observation time."
Niconico,JP,JP_poll,sm37126075,https://www.nicovideo.jp/watch/sm37126075,2020/7/3,10:00,【動画制作30日一本勝負】 New World ー走れ！杖刀偶！ー【第16回東方人気投票メドレー200位～101位+α】,ひみのゆり,"2,463",34,3,38,0,2026-08-23,music_result,16,https://www.nicovideo.jp/tag/%E6%9D%B1%E6%96%B9Project%E4%BA%BA%E6%B0%97%E6%8A%95%E7%A5%A8?page=5,"Exact Niconico tag page; header reported 204 videos, 197 cards were publicly rendered across pages 1-7 at observation time."
Niconico,JP,JP_poll,sm34979674,https://www.nicovideo.jp/watch/sm34979674,2019/4/16,19:57,東方人気投票を幻想入りしながら分析する #２,ふくじゅそー,665,5,1,2,0,2026-08-23,longitudinal_or_analysis,,https://www.nicovideo.jp/tag/%E6%9D%B1%E6%96%B9Project%E4%BA%BA%E6%B0%97%E6%8A%95%E7%A5%A8?page=5,"Exact Niconico tag page; header reported 204 videos, 197 cards were publicly rendered across pages 1-7 at observation time."
Niconico,JP,JP_poll,sm32624841,https://www.nicovideo.jp/watch/sm32624841,2018/1/22,35:32,【第14回東方Project人気投票】各キャラのグラフ2種およびランキング,KSG,3.1万,"3,770",6,145,0,2026-08-23,longitudinal_or_analysis,14,https://www.nicovideo.jp/tag/%E6%9D%B1%E6%96%B9Project%E4%BA%BA%E6%B0%97%E6%8A%95%E7%A5%A8?page=5,"Exact Niconico tag page; header reported 204 videos, 197 cards were publicly rendered across pages 1-7 at observation time."
Niconico,JP,JP_poll,sm27999943,https://www.nicovideo.jp/watch/sm27999943,2016/1/13,3:21,【第12回東方人気投票支援】ブリキノダンス【古明地姉妹】,なぽり,"2,671",22,1,13,0,2026-08-23,support_or_campaign,12,https://www.nicovideo.jp/tag/%E6%9D%B1%E6%96%B9Project%E4%BA%BA%E6%B0%97%E6%8A%95%E7%A5%A8?page=5,"Exact Niconico tag page; header reported 204 videos, 197 cards were publicly rendered across pages 1-7 at observation time."
Niconico,JP,JP_poll,sm36548183,https://www.nicovideo.jp/watch/sm36548183,2020/3/21,15:29,【日中比較】东方Project人气投票 第八回 ランキング,KSG,"3,106",533,2,14,0,2026-08-23,longitudinal_or_analysis,,https://www.nicovideo.jp/tag/%E6%9D%B1%E6%96%B9Project%E4%BA%BA%E6%B0%97%E6%8A%95%E7%A5%A8?page=5,"Exact Niconico tag page; header reported 204 videos, 197 cards were publicly rendered across pages 1-7 at observation time."
Niconico,JP,JP_poll,sm28053400,https://www.nicovideo.jp/watch/sm28053400,2016/1/21,1:04,【第13回東方人気投票】第13回も難なく世界一位に輝く博麗霊夢UC,いろべシノン,5.4万,"1,006",1,89,,2026-08-23,other_tagged,13|13,https://www.nicovideo.jp/tag/%E6%9D%B1%E6%96%B9Project%E4%BA%BA%E6%B0%97%E6%8A%95%E7%A5%A8?page=5,"Exact Niconico tag page; header reported 204 videos, 197 cards were publicly rendered across pages 1-7 at observation time."
Niconico,JP,JP_poll,sm28104007,https://www.nicovideo.jp/watch/sm28104007,2016/1/29,29:47,第12回東方Project人気投票分析（実践編）,総督D,1.5万,"1,147",2,106,,2026-08-23,longitudinal_or_analysis,12,https://www.nicovideo.jp/tag/%E6%9D%B1%E6%96%B9Project%E4%BA%BA%E6%B0%97%E6%8A%95%E7%A5%A8?page=5,"Exact Niconico tag page; header reported 204 videos, 197 cards were publicly rendered across pages 1-7 at observation time."
Niconico,JP,JP_poll,sm34720180,https://www.nicovideo.jp/watch/sm34720180,2019/3/3,9:59,【第15回東方人気投票メドレー】Our Favorite Touhou Songs.【音楽200～101+α】,ひみのゆり,"5,128",43,1,39,,2026-08-23,music_result,15,https://www.nicovideo.jp/tag/%E6%9D%B1%E6%96%B9Project%E4%BA%BA%E6%B0%97%E6%8A%95%E7%A5%A8?page=5,"Exact Niconico tag page; header reported 204 videos, 197 cards were publicly rendered across pages 1-7 at observation time."
Niconico,JP,JP_poll,sm37050255,https://www.nicovideo.jp/watch/sm37050255,2020/6/18,11:50,第1回～第16回 東方Project人気投票 音楽部門順位推移グラフ,さんけん,"2,024",51,7,6,,2026-08-23,music_result,1|16,https://www.nicovideo.jp/tag/%E6%9D%B1%E6%96%B9Project%E4%BA%BA%E6%B0%97%E6%8A%95%E7%A5%A8?page=5,"Exact Niconico tag page; header reported 204 videos, 197 cards were publicly rendered across pages 1-7 at observation time."
Niconico,JP,JP_poll,sm28065751,https://www.nicovideo.jp/watch/sm28065751,2016/1/23,31:32,【第12回東方Project人気投票】各キャラのグラフ2種とランキング,KSG,1.4万,"1,111",1,55,,2026-08-23,longitudinal_or_analysis,12,https://www.nicovideo.jp/tag/%E6%9D%B1%E6%96%B9Project%E4%BA%BA%E6%B0%97%E6%8A%95%E7%A5%A8?page=5,"Exact Niconico tag page; header reported 204 videos, 197 cards were publicly rendered across pages 1-7 at observation time."
Niconico,JP,JP_poll,sm36030990,https://www.nicovideo.jp/watch/sm36030990,2019/12/2,4:49,【東方】中国版東方Project人気投票第8回ベストパートナー部門TOP100,touhou,746,14,1,0,,2026-08-23,result_summary,8,https://www.nicovideo.jp/tag/%E6%9D%B1%E6%96%B9Project%E4%BA%BA%E6%B0%97%E6%8A%95%E7%A5%A8?page=5,"Exact Niconico tag page; header reported 204 videos, 197 cards were publicly rendered across pages 1-7 at observation time."
Niconico,JP,JP_poll,sm36903170,https://www.nicovideo.jp/watch/sm36903170,2020/5/22,4:23,【6月注意!】ジェガンがお燐を第16回東方人気投票のために褒める動画,インサイト,"1,032",11,0,2,,2026-08-23,other_tagged,16,https://www.nicovideo.jp/tag/%E6%9D%B1%E6%96%B9Project%E4%BA%BA%E6%B0%97%E6%8A%95%E7%A5%A8?page=5,"Exact Niconico tag page; header reported 204 videos, 197 cards were publicly rendered across pages 1-7 at observation time."
Niconico,JP,JP_poll,sm28061870,https://www.nicovideo.jp/watch/sm28061870,2016/1/23,23:52,【東方】第12回東方project人気投票　キャラ部門TOP100　キャラ解説込み,りゅー(Sterrite),"7,062",471,2,52,,2026-08-23,result_summary,12,https://www.nicovideo.jp/tag/%E6%9D%B1%E6%96%B9Project%E4%BA%BA%E6%B0%97%E6%8A%95%E7%A5%A8?page=5,"Exact Niconico tag page; header reported 204 videos, 197 cards were publicly rendered across pages 1-7 at observation time."
Niconico,JP,JP_poll,sm30772166,https://www.nicovideo.jp/watch/sm30772166,2017/3/6,38:57,第13回東方Project人気投票分析,総督D,1万,816,0,63,,2026-08-23,longitudinal_or_analysis,13,https://www.nicovideo.jp/tag/%E6%9D%B1%E6%96%B9Project%E4%BA%BA%E6%B0%97%E6%8A%95%E7%A5%A8?page=5,"Exact Niconico tag page; header reported 204 videos, 197 cards were publicly rendered across pages 1-7 at observation time."
Niconico,JP,JP_poll,sm36517618,https://www.nicovideo.jp/watch/sm36517618,2020/3/15,,第15回東方Project人気投票 1面道中曲ランキング,インプ,657,21,2,2,,2026-08-23,result_summary,15,https://www.nicovideo.jp/tag/%E6%9D%B1%E6%96%B9Project%E4%BA%BA%E6%B0%97%E6%8A%95%E7%A5%A8?page=5,"Exact Niconico tag page; header reported 204 videos, 197 cards were publicly rendered across pages 1-7 at observation time."
Niconico,JP,JP_poll,sm37030675,https://www.nicovideo.jp/watch/sm37030675,2020/6/14,2:07,【動くグラフ】第1回～第16回 東方Project人気投票 歴代TOP50,iTsumi,"3,712",66,4,21,,2026-08-23,longitudinal_or_analysis,1|16,https://www.nicovideo.jp/tag/%E6%9D%B1%E6%96%B9Project%E4%BA%BA%E6%B0%97%E6%8A%95%E7%A5%A8?page=5,"Exact Niconico tag page; header reported 204 videos, 197 cards were publicly rendered across pages 1-7 at observation time."
Niconico,JP,JP_poll,sm37036132,https://www.nicovideo.jp/watch/sm37036132,2020/6/15,1:10,妖夢人気投票一位おめでとー【陽月(ひのづき)より】,ヒの月,664,6,0,4,,2026-08-23,other_tagged,,https://www.nicovideo.jp/tag/%E6%9D%B1%E6%96%B9Project%E4%BA%BA%E6%B0%97%E6%8A%95%E7%A5%A8?page=5,"Exact Niconico tag page; header reported 204 videos, 197 cards were publicly rendered across pages 1-7 at observation time."
Niconico,JP,JP_poll,sm37032761,https://www.nicovideo.jp/watch/sm37032761,2020/6/14,12:29,第16回 東方Project人気投票 得票数0票楽曲メドレー,Duskia,691,12,0,5,,2026-08-23,music_result,16,https://www.nicovideo.jp/tag/%E6%9D%B1%E6%96%B9Project%E4%BA%BA%E6%B0%97%E6%8A%95%E7%A5%A8?page=5,"Exact Niconico tag page; header reported 204 videos, 197 cards were publicly rendered across pages 1-7 at observation time."
Niconico,JP,JP_poll,sm36917643,https://www.nicovideo.jp/watch/sm36917643,2020/5/24,4:23,【東方MMD】アリスの人形（上海、蓬莱）で「うちゅーの☆ふぁんたじー」【第16回東方Project人気投票】,黒犬,460,14,0,9,,2026-08-23,meme_or_derivative,16,https://www.nicovideo.jp/tag/%E6%9D%B1%E6%96%B9Project%E4%BA%BA%E6%B0%97%E6%8A%95%E7%A5%A8?page=5,"Exact Niconico tag page; header reported 204 videos, 197 cards were publicly rendered across pages 1-7 at observation time."
Niconico,JP,JP_poll,sm34605289,https://www.nicovideo.jp/watch/sm34605289,2019/2/9,,第15回東方Project人気投票 音楽部門ランキング TOP150（速報版）,インプ,"5,077",217,1,30,,2026-08-23,music_result,15,https://www.nicovideo.jp/tag/%E6%9D%B1%E6%96%B9Project%E4%BA%BA%E6%B0%97%E6%8A%95%E7%A5%A8?page=5,"Exact Niconico tag page; header reported 204 videos, 197 cards were publicly rendered across pages 1-7 at observation time."
Niconico,JP,JP_poll,sm36978123,https://www.nicovideo.jp/watch/sm36978123,2020/6/6,3:00,お燐とジェガンが第16回東方人気投票のID取得可能をお知らせする動画,インサイト,216,6,0,2,,2026-08-23,other_tagged,16,https://www.nicovideo.jp/tag/%E6%9D%B1%E6%96%B9Project%E4%BA%BA%E6%B0%97%E6%8A%95%E7%A5%A8?page=5,"Exact Niconico tag page; header reported 204 videos, 197 cards were publicly rendered across pages 1-7 at observation time."
Niconico,JP,JP_poll,sm28314416,https://www.nicovideo.jp/watch/sm28314416,2016/2/28,8:58,【目で見る】第12回東方Project人気投票音楽部門【順位/得票俯瞰】,さいはて,"2,589",177,0,10,,2026-08-23,music_result,12,https://www.nicovideo.jp/tag/%E6%9D%B1%E6%96%B9Project%E4%BA%BA%E6%B0%97%E6%8A%95%E7%A5%A8?page=5,"Exact Niconico tag page; header reported 204 videos, 197 cards were publicly rendered across pages 1-7 at observation time."
Niconico,JP,JP_poll,sm36801141,https://www.nicovideo.jp/watch/sm36801141,2020/5/4,2:03,【動くグラフ】東方Project人気投票 人妖部門 獲得ポイントTOP50 (第1回～第15回),iTsumi,268,2,0,1,,2026-08-23,longitudinal_or_analysis,1|15,https://www.nicovideo.jp/tag/%E6%9D%B1%E6%96%B9Project%E4%BA%BA%E6%B0%97%E6%8A%95%E7%A5%A8?page=5,"Exact Niconico tag page; header reported 204 videos, 197 cards were publicly rendered across pages 1-7 at observation time."
Niconico,JP,JP_poll,sm30480053,https://www.nicovideo.jp/watch/sm30480053,2017/1/22,28:30,【速報版】第１３回東方Project人気投票音楽部門【１０位～１位】,黒コッペパン,1.5万,982,0,118,0,2026-08-23,music_result,,https://www.nicovideo.jp/tag/%E6%9D%B1%E6%96%B9Project%E4%BA%BA%E6%B0%97%E6%8A%95%E7%A5%A8?page=6,"Exact Niconico tag page; header reported 204 videos, 197 cards were publicly rendered across pages 1-7 at observation time."
Niconico,JP,JP_poll,sm30584318,https://www.nicovideo.jp/watch/sm30584318,2017/2/9,9:59,第13回東方Project人気投票　音楽部門上位曲メドレー【東方自作アレンジ】,ノエ＠耀 むー,1.1万,79,1,78,0,2026-08-23,music_result,13,https://www.nicovideo.jp/tag/%E6%9D%B1%E6%96%B9Project%E4%BA%BA%E6%B0%97%E6%8A%95%E7%A5%A8?page=6,"Exact Niconico tag page; header reported 204 videos, 197 cards were publicly rendered across pages 1-7 at observation time."
Niconico,JP,JP_poll,sm30484263,https://www.nicovideo.jp/watch/sm30484263,2017/1/22,31:11,【第13回東方Project人気投票】各キャラのグラフ2種およびランキング,KSG,1万,897,1,32,0,2026-08-23,longitudinal_or_analysis,13,https://www.nicovideo.jp/tag/%E6%9D%B1%E6%96%B9Project%E4%BA%BA%E6%B0%97%E6%8A%95%E7%A5%A8?page=6,"Exact Niconico tag page; header reported 204 videos, 197 cards were publicly rendered across pages 1-7 at observation time."
Niconico,JP,JP_poll,sm36416007,https://www.nicovideo.jp/watch/sm36416007,2020/2/24,7:40,パチュリーさんがニコニコの情報から新規キャラの人気投票について考えるようです,CARVO-RENE,"1,843",7,1,2,0,2026-08-23,other_tagged,,https://www.nicovideo.jp/tag/%E6%9D%B1%E6%96%B9Project%E4%BA%BA%E6%B0%97%E6%8A%95%E7%A5%A8?page=6,"Exact Niconico tag page; header reported 204 videos, 197 cards were publicly rendered across pages 1-7 at observation time."
Niconico,JP,JP_poll,sm36355709,https://www.nicovideo.jp/watch/sm36355709,2020/2/12,16:36,アフリカ人の東方ファンとあってみたい,カモ煮込み,138,1,0,0,0,2026-08-23,other_tagged,,https://www.nicovideo.jp/tag/%E6%9D%B1%E6%96%B9Project%E4%BA%BA%E6%B0%97%E6%8A%95%E7%A5%A8?page=6,"Exact Niconico tag page; header reported 204 videos, 197 cards were publicly rendered across pages 1-7 at observation time."
Niconico,JP,JP_poll,sm23007355,https://www.nicovideo.jp/watch/sm23007355,2014/3/2,5:50,【第1回～第10回】グラフで振り返る東方シリーズ人気投票キャラ部門 (1),無投票落選,"3,357",98,0,19,0,2026-08-23,longitudinal_or_analysis,1|10,https://www.nicovideo.jp/tag/%E6%9D%B1%E6%96%B9Project%E4%BA%BA%E6%B0%97%E6%8A%95%E7%A5%A8?page=6,"Exact Niconico tag page; header reported 204 videos, 197 cards were publicly rendered across pages 1-7 at observation time."
Niconico,JP,JP_poll,sm35989337,https://www.nicovideo.jp/watch/sm35989337,2019/11/23,8:08,【第11回東方ニコ童祭Ex】パチュリーは人気投票の結果をまとめたいようです【今となっては見ないもの】,CARVO-RENE,"2,629",45,2,6,0,2026-08-23,result_summary,11,https://www.nicovideo.jp/tag/%E6%9D%B1%E6%96%B9Project%E4%BA%BA%E6%B0%97%E6%8A%95%E7%A5%A8?page=6,"Exact Niconico tag page; header reported 204 videos, 197 cards were publicly rendered across pages 1-7 at observation time."
Niconico,JP,JP_poll,sm23014649,https://www.nicovideo.jp/watch/sm23014649,2014/3/3,5:29,【第1回～第10回】グラフで振り返る東方シリーズ人気投票キャラ部門 (2),無投票落選,"1,930",55,0,5,,2026-08-23,longitudinal_or_analysis,1|10,https://www.nicovideo.jp/tag/%E6%9D%B1%E6%96%B9Project%E4%BA%BA%E6%B0%97%E6%8A%95%E7%A5%A8?page=6,"Exact Niconico tag page; header reported 204 videos, 197 cards were publicly rendered across pages 1-7 at observation time."
Niconico,JP,JP_poll,sm30564147,https://www.nicovideo.jp/watch/sm30564147,2017/2/4,29:42,投票キャラの相関で見る第13回東方Project人気投票,Ｒ－Ｇ,"3,632",348,0,22,0,2026-08-23,other_tagged,13,https://www.nicovideo.jp/tag/%E6%9D%B1%E6%96%B9Project%E4%BA%BA%E6%B0%97%E6%8A%95%E7%A5%A8?page=6,"Exact Niconico tag page; header reported 204 videos, 197 cards were publicly rendered across pages 1-7 at observation time."
Niconico,JP,JP_poll,sm27959357,https://www.nicovideo.jp/watch/sm27959357,2016/1/7,0:45,【人気投票支援】さとり　こいしで45秒【東方MMD】,なぽり,"2,559",19,1,19,,2026-08-23,meme_or_derivative,,https://www.nicovideo.jp/tag/%E6%9D%B1%E6%96%B9Project%E4%BA%BA%E6%B0%97%E6%8A%95%E7%A5%A8?page=6,"Exact Niconico tag page; header reported 204 videos, 197 cards were publicly rendered across pages 1-7 at observation time."
Niconico,JP,JP_poll,sm30485565,https://www.nicovideo.jp/watch/sm30485565,2017/1/22,6:12,【東方人気投票13楽曲メドレー】50 Rank and 13,三品湊,1万,142,0,74,0,2026-08-23,music_result,,https://www.nicovideo.jp/tag/%E6%9D%B1%E6%96%B9Project%E4%BA%BA%E6%B0%97%E6%8A%95%E7%A5%A8?page=6,"Exact Niconico tag page; header reported 204 videos, 197 cards were publicly rendered across pages 1-7 at observation time."
Niconico,JP,JP_poll,sm32812093,https://www.nicovideo.jp/watch/sm32812093,2018/2/28,9:56,【第14回東方人気投票メドレー】One love becomes power【音楽200～101+α】,ひみのゆり,"8,064",78,2,38,0,2026-08-23,music_result,14,https://www.nicovideo.jp/tag/%E6%9D%B1%E6%96%B9Project%E4%BA%BA%E6%B0%97%E6%8A%95%E7%A5%A8?page=6,"Exact Niconico tag page; header reported 204 videos, 197 cards were publicly rendered across pages 1-7 at observation time."
Niconico,JP,JP_poll,sm28110851,https://www.nicovideo.jp/watch/sm28110851,2016/1/30,1:19,【東方MMD】ルーミアにランキング結果を見てもらった,キーブレ,"3,494",63,0,2,0,2026-08-23,result_summary,,https://www.nicovideo.jp/tag/%E6%9D%B1%E6%96%B9Project%E4%BA%BA%E6%B0%97%E6%8A%95%E7%A5%A8?page=6,"Exact Niconico tag page; header reported 204 videos, 197 cards were publicly rendered across pages 1-7 at observation time."
Niconico,JP,JP_poll,sm32586174,https://www.nicovideo.jp/watch/sm32586174,2018/1/14,3:12,【第14回東方Project人気投票】妖夢でダンスロボットダンス原曲PV再現,ゆっくりスラッシュ,"1,059",19,0,8,0,2026-08-23,other_tagged,14,https://www.nicovideo.jp/tag/%E6%9D%B1%E6%96%B9Project%E4%BA%BA%E6%B0%97%E6%8A%95%E7%A5%A8?page=6,"Exact Niconico tag page; header reported 204 videos, 197 cards were publicly rendered across pages 1-7 at observation time."
Niconico,JP,JP_poll,sm33227429,https://www.nicovideo.jp/watch/sm33227429,2018/5/18,25:25,第14回東方Project人気投票 音楽部門ランキング TOP100～51,インプ,"2,587",17,0,11,0,2026-08-23,music_result,14,https://www.nicovideo.jp/tag/%E6%9D%B1%E6%96%B9Project%E4%BA%BA%E6%B0%97%E6%8A%95%E7%A5%A8?page=6,"Exact Niconico tag page; header reported 204 videos, 197 cards were publicly rendered across pages 1-7 at observation time."
Niconico,JP,JP_poll,sm27963942,https://www.nicovideo.jp/watch/sm27963942,2016/1/8,1:34,【投票支援動画】ケロちゃんは神様はじめてます◎【東方MMD】,ふたなみ,"1,524",24,1,12,0,2026-08-23,meme_or_derivative,,https://www.nicovideo.jp/tag/%E6%9D%B1%E6%96%B9Project%E4%BA%BA%E6%B0%97%E6%8A%95%E7%A5%A8?page=6,"Exact Niconico tag page; header reported 204 videos, 197 cards were publicly rendered across pages 1-7 at observation time."
Niconico,JP,JP_poll,sm32973737,https://www.nicovideo.jp/watch/sm32973737,2018/3/31,16:16,東方人気投票を幻想入りしながら分析する #１,ふくじゅそー,"1,497",68,0,15,0,2026-08-23,longitudinal_or_analysis,,https://www.nicovideo.jp/tag/%E6%9D%B1%E6%96%B9Project%E4%BA%BA%E6%B0%97%E6%8A%95%E7%A5%A8?page=6,"Exact Niconico tag page; header reported 204 videos, 197 cards were publicly rendered across pages 1-7 at observation time."
Niconico,JP,JP_poll,sm26435833,https://www.nicovideo.jp/watch/sm26435833,2015/6/7,27:57,第11回東方Project人気投票分析,総督D,1.5万,"1,380",1,100,0,2026-08-23,longitudinal_or_analysis,11,https://www.nicovideo.jp/tag/%E6%9D%B1%E6%96%B9Project%E4%BA%BA%E6%B0%97%E6%8A%95%E7%A5%A8?page=6,"Exact Niconico tag page; header reported 204 videos, 197 cards were publicly rendered across pages 1-7 at observation time."
Niconico,JP,JP_poll,sm32594762,https://www.nicovideo.jp/watch/sm32594762,2018/1/16,2:52,【東方MMD】大人気キャラのPR動画だよ♪【第14回東方人気投票】,木守日あぐり,"1,029",14,1,5,0,2026-08-23,meme_or_derivative,14,https://www.nicovideo.jp/tag/%E6%9D%B1%E6%96%B9Project%E4%BA%BA%E6%B0%97%E6%8A%95%E7%A5%A8?page=6,"Exact Niconico tag page; header reported 204 videos, 197 cards were publicly rendered across pages 1-7 at observation time."
Niconico,JP,JP_poll,sm23034377,https://www.nicovideo.jp/watch/sm23034377,2014/3/6,4:49,【第1回～第10回】グラフで振り返る東方シリーズ人気投票キャラ部門 (4),無投票落選,"1,650",38,1,3,,2026-08-23,longitudinal_or_analysis,1|10,https://www.nicovideo.jp/tag/%E6%9D%B1%E6%96%B9Project%E4%BA%BA%E6%B0%97%E6%8A%95%E7%A5%A8?page=6,"Exact Niconico tag page; header reported 204 videos, 197 cards were publicly rendered across pages 1-7 at observation time."
Niconico,JP,JP_poll,sm26489809,https://www.nicovideo.jp/watch/sm26489809,2015/6/14,9:22,第11回東方Project人気投票 長文コメント集（1/3）音楽部門,さいはて,"1,132",23,1,5,0,2026-08-23,music_result,11,https://www.nicovideo.jp/tag/%E6%9D%B1%E6%96%B9Project%E4%BA%BA%E6%B0%97%E6%8A%95%E7%A5%A8?page=6,"Exact Niconico tag page; header reported 204 videos, 197 cards were publicly rendered across pages 1-7 at observation time."
Niconico,JP,JP_poll,sm30390286,https://www.nicovideo.jp/watch/sm30390286,2017/1/8,3:41,【東方MMD】ルミフラで林檎花火とソーダの海,(rysis,801,7,1,9,,2026-08-23,meme_or_derivative,,https://www.nicovideo.jp/tag/%E6%9D%B1%E6%96%B9Project%E4%BA%BA%E6%B0%97%E6%8A%95%E7%A5%A8?page=6,"Exact Niconico tag page; header reported 204 videos, 197 cards were publicly rendered across pages 1-7 at observation time."
Niconico,JP,JP_poll,sm30662567,https://www.nicovideo.jp/watch/sm30662567,2017/2/18,8:54,修正【第13回東方人気投票メドレー】上を見上げる者達【音楽200～101】,ひみのゆり,1.3万,156,0,74,0,2026-08-23,music_result,13,https://www.nicovideo.jp/tag/%E6%9D%B1%E6%96%B9Project%E4%BA%BA%E6%B0%97%E6%8A%95%E7%A5%A8?page=6,"Exact Niconico tag page; header reported 204 videos, 197 cards were publicly rendered across pages 1-7 at observation time."
Niconico,JP,JP_poll,sm26490004,https://www.nicovideo.jp/watch/sm26490004,2015/6/14,14:24,【東方】第11回東方Project人気投票キャラアンケ＆相関まとめ,,"3,562",208,0,16,0,2026-08-23,other_tagged,11,https://www.nicovideo.jp/tag/%E6%9D%B1%E6%96%B9Project%E4%BA%BA%E6%B0%97%E6%8A%95%E7%A5%A8?page=6,"Exact Niconico tag page; header reported 204 videos, 197 cards were publicly rendered across pages 1-7 at observation time."
Niconico,JP,JP_poll,sm32585364,https://www.nicovideo.jp/watch/sm32585364,2018/1/14,3:07,【第14回東方Project人気投票】もう投票はお済みでしょうか？,TGT-WIN,675,6,0,4,,2026-08-23,other_tagged,14,https://www.nicovideo.jp/tag/%E6%9D%B1%E6%96%B9Project%E4%BA%BA%E6%B0%97%E6%8A%95%E7%A5%A8?page=6,"Exact Niconico tag page; header reported 204 videos, 197 cards were publicly rendered across pages 1-7 at observation time."
Niconico,JP,JP_poll,sm28103825,https://www.nicovideo.jp/watch/sm28103825,2016/1/29,25:23,第12回東方Project人気投票分析（理論編）,総督D,"4,224",221,0,31,,2026-08-23,longitudinal_or_analysis,12,https://www.nicovideo.jp/tag/%E6%9D%B1%E6%96%B9Project%E4%BA%BA%E6%B0%97%E6%8A%95%E7%A5%A8?page=6,"Exact Niconico tag page; header reported 204 videos, 197 cards were publicly rendered across pages 1-7 at observation time."
Niconico,JP,JP_poll,sm27972300,https://www.nicovideo.jp/watch/sm27972300,2016/1/9,3:26,【人気投票支援】こいしでシュレディンガイガーのこねこ【東方MMD】,猫型dog,"1,163",82,1,16,,2026-08-23,meme_or_derivative,,https://www.nicovideo.jp/tag/%E6%9D%B1%E6%96%B9Project%E4%BA%BA%E6%B0%97%E6%8A%95%E7%A5%A8?page=6,"Exact Niconico tag page; header reported 204 videos, 197 cards were publicly rendered across pages 1-7 at observation time."
Niconico,JP,JP_poll,sm27972317,https://www.nicovideo.jp/watch/sm27972317,2016/1/9,0:05,【第12回東方人気投票支援】霊夢さんの自己アピール,タコヤイ,540,2,0,3,,2026-08-23,support_or_campaign,12,https://www.nicovideo.jp/tag/%E6%9D%B1%E6%96%B9Project%E4%BA%BA%E6%B0%97%E6%8A%95%E7%A5%A8?page=6,"Exact Niconico tag page; header reported 204 videos, 197 cards were publicly rendered across pages 1-7 at observation time."
Niconico,JP,JP_poll,sm27967502,https://www.nicovideo.jp/watch/sm27967502,2016/1/8,3:15,【第12回東方人気投票支援】こいしでELECT【東方MMD】,なぽり,"3,485",22,3,40,,2026-08-23,meme_or_derivative,12,https://www.nicovideo.jp/tag/%E6%9D%B1%E6%96%B9Project%E4%BA%BA%E6%B0%97%E6%8A%95%E7%A5%A8?page=6,"Exact Niconico tag page; header reported 204 videos, 197 cards were publicly rendered across pages 1-7 at observation time."
Niconico,JP,JP_poll,sm27953262,https://www.nicovideo.jp/watch/sm27953262,2016/1/6,2:38,【人気投票支援】こいしで恋はきっと急上昇☆【東方MMD】,猫型dog,"2,463",69,0,27,,2026-08-23,meme_or_derivative,,https://www.nicovideo.jp/tag/%E6%9D%B1%E6%96%B9Project%E4%BA%BA%E6%B0%97%E6%8A%95%E7%A5%A8?page=7,"Exact Niconico tag page; header reported 204 videos, 197 cards were publicly rendered across pages 1-7 at observation time."
Niconico,JP,JP_poll,sm26437174,https://www.nicovideo.jp/watch/sm26437174,2015/6/7,5:27,【目で見る】第11回東方Project人気投票【順位/得票俯瞰】,さいはて,"4,041",171,1,23,0,2026-08-23,other_tagged,11,https://www.nicovideo.jp/tag/%E6%9D%B1%E6%96%B9Project%E4%BA%BA%E6%B0%97%E6%8A%95%E7%A5%A8?page=7,"Exact Niconico tag page; header reported 204 videos, 197 cards were publicly rendered across pages 1-7 at observation time."
Niconico,JP,JP_poll,sm27968505,https://www.nicovideo.jp/watch/sm27968505,2016/1/8,4:25,【第12回東方人気投票支援】七変化アリスさんでtell your world,夏みかん,"1,238",15,0,18,0,2026-08-23,support_or_campaign,12,https://www.nicovideo.jp/tag/%E6%9D%B1%E6%96%B9Project%E4%BA%BA%E6%B0%97%E6%8A%95%E7%A5%A8?page=7,"Exact Niconico tag page; header reported 204 videos, 197 cards were publicly rendered across pages 1-7 at observation time."
Niconico,JP,JP_poll,sm23026257,https://www.nicovideo.jp/watch/sm23026257,2014/3/5,5:41,【第1回～第10回】グラフで振り返る東方シリーズ人気投票キャラ部門 (3),無投票落選,"1,702",53,0,7,,2026-08-23,longitudinal_or_analysis,1|10,https://www.nicovideo.jp/tag/%E6%9D%B1%E6%96%B9Project%E4%BA%BA%E6%B0%97%E6%8A%95%E7%A5%A8?page=7,"Exact Niconico tag page; header reported 204 videos, 197 cards were publicly rendered across pages 1-7 at observation time."
Niconico,JP,JP_poll,sm27945313,https://www.nicovideo.jp/watch/sm27945313,2016/1/5,3:53,【人気投票支援】こいしでGirls【東方MMD】,猫型dog,"5,959",105,1,86,0,2026-08-23,meme_or_derivative,,https://www.nicovideo.jp/tag/%E6%9D%B1%E6%96%B9Project%E4%BA%BA%E6%B0%97%E6%8A%95%E7%A5%A8?page=7,"Exact Niconico tag page; header reported 204 videos, 197 cards were publicly rendered across pages 1-7 at observation time."
Niconico,JP,JP_poll,sm27960242,https://www.nicovideo.jp/watch/sm27960242,2016/1/7,3:54,【人気投票支援動画】霊夢でGirls【東方MMD】,蒼青,"1,299",12,0,9,,2026-08-23,meme_or_derivative,,https://www.nicovideo.jp/tag/%E6%9D%B1%E6%96%B9Project%E4%BA%BA%E6%B0%97%E6%8A%95%E7%A5%A8?page=7,"Exact Niconico tag page; header reported 204 videos, 197 cards were publicly rendered across pages 1-7 at observation time."
Niconico,JP,JP_poll,sm27972402,https://www.nicovideo.jp/watch/sm27972402,2016/1/9,3:13,【人気投票支援】さとりでJust Be Friends【東方MMD】,猫型dog,"1,234",4,0,15,,2026-08-23,meme_or_derivative,,https://www.nicovideo.jp/tag/%E6%9D%B1%E6%96%B9Project%E4%BA%BA%E6%B0%97%E6%8A%95%E7%A5%A8?page=7,"Exact Niconico tag page; header reported 204 videos, 197 cards were publicly rendered across pages 1-7 at observation time."
Niconico,JP,JP_poll,sm45372260,https://www.nicovideo.jp/watch/sm45372260,2025/9/5,36:48,【第21回東方Project人気投票】東方ダンマクカグラゲームプレイで聞く音楽部門ランキング,野今譜音【Vtuber】,68,0,2,0,0,2026-08-23,music_result,21,https://www.nicovideo.jp/tag/%E6%9D%B1%E6%96%B9Project%E4%BA%BA%E6%B0%97%E6%8A%95%E7%A5%A8?page=7,"Exact Niconico tag page; header reported 204 videos, 197 cards were publicly rendered across pages 1-7 at observation time."
Niconico,JP,JP_poll,sm43950106,https://www.nicovideo.jp/watch/sm43950106,2024/8/11,22:25,第20回東方Project人気投票で投票したり語ったりする動画,ブロカビ海月,47,0,0,0,0,2026-08-23,other_tagged,20,https://www.nicovideo.jp/tag/%E6%9D%B1%E6%96%B9Project%E4%BA%BA%E6%B0%97%E6%8A%95%E7%A5%A8?page=7,"Exact Niconico tag page; header reported 204 videos, 197 cards were publicly rendered across pages 1-7 at observation time."
Niconico,JP,JP_poll,sm41140578,https://www.nicovideo.jp/watch/sm41140578,2022/9/27,0:15,フラン1位記念動画,桜咲ch(Cherry,82,0,0,0,0,2026-08-23,other_tagged,,https://www.nicovideo.jp/tag/%E6%9D%B1%E6%96%B9Project%E4%BA%BA%E6%B0%97%E6%8A%95%E7%A5%A8?page=7,"Exact Niconico tag page; header reported 204 videos, 197 cards were publicly rendered across pages 1-7 at observation time."
Niconico,JP,JP_poll,sm40922930,https://www.nicovideo.jp/watch/sm40922930,2022/8/14,41:59,第10回 中国版 東方Project人気投票 音楽部門ランキング TOP50,Darkhan,331,0,0,1,0,2026-08-23,music_result,10,https://www.nicovideo.jp/tag/%E6%9D%B1%E6%96%B9Project%E4%BA%BA%E6%B0%97%E6%8A%95%E7%A5%A8?page=7,"Exact Niconico tag page; header reported 204 videos, 197 cards were publicly rendered across pages 1-7 at observation time."
Niconico,JP,JP_poll,sm39504929,https://www.nicovideo.jp/watch/sm39504929,2021/10/19,9:57,【ゆっくり実況】「夢」とﾛｸﾃﾞﾅｼは仲良し【FGO #1.5】,ヒの月,132,0,1,1,0,2026-08-23,other_tagged,,https://www.nicovideo.jp/tag/%E6%9D%B1%E6%96%B9Project%E4%BA%BA%E6%B0%97%E6%8A%95%E7%A5%A8?page=7,"Exact Niconico tag page; header reported 204 videos, 197 cards were publicly rendered across pages 1-7 at observation time."