alias_cn,canonical_cn,alias_type,source_character_cn_thb,source_character_jp,source_url,mapping_status,confidence,use_scope
123,哆来咪·苏伊特,thbwiki_community_nickname_candidate,哆来咪·苏伊特,ドレミー・スイート,https://thbwiki.cc/哆来咪·苏伊特,search_only_not_poll_normalized,low,search_vocabulary_only
16,十六夜咲夜,thbwiki_community_nickname_candidate,十六夜咲夜,十六夜 咲夜,https://thbwiki.cc/十六夜咲夜,search_only_not_poll_normalized,low,search_vocabulary_only
19,永江衣玖,thbwiki_community_nickname_candidate,永江衣玖,永江 衣玖,https://thbwiki.cc/永江衣玖,search_only_not_poll_normalized,low,search_vocabulary_only
BBA,八云紫,thbwiki_community_nickname_candidate,八云紫,八雲 紫,https://thbwiki.cc/八云紫,search_only_not_poll_normalized,low,search_vocabulary_only
M子,比那名居天子,thbwiki_community_nickname_candidate,比那名居天子,比那名居 天子,https://thbwiki.cc/比那名居天子,search_only_not_poll_normalized,low,search_vocabulary_only
NEET,蓬莱山辉夜,thbwiki_community_nickname_candidate,蓬莱山辉夜,蓬莱山 輝夜,https://thbwiki.cc/蓬莱山辉夜,search_only_not_poll_normalized,low,search_vocabulary_only
PAD长,十六夜咲夜,thbwiki_community_nickname_candidate,十六夜咲夜,十六夜 咲夜,https://thbwiki.cc/十六夜咲夜,search_only_not_poll_normalized,low,search_vocabulary_only
Reisen,铃仙二号,thbwiki_cn_reference_name,Reisen,レイセン,https://thbwiki.cc/Reisen,matched_fun_by_jp_or_cn,high,poll_normalization_and_search
UUZ,西行寺幽幽子,thbwiki_community_nickname_candidate,西行寺幽幽子,西行寺 幽々子,https://thbwiki.cc/西行寺幽幽子,search_only_not_poll_normalized,low,search_vocabulary_only
Yo梦,魂魄妖梦,thbwiki_community_nickname_candidate,魂魄妖梦,魂魄 妖夢,https://thbwiki.cc/魂魄妖梦,search_only_not_poll_normalized,low,search_vocabulary_only
orange,奥莲姬,thbwiki_community_nickname_candidate,奥莲姬,オレンジ,https://thbwiki.cc/奥莲姬,search_only_not_poll_normalized,low,search_vocabulary_only
⑤,古明地觉,thbwiki_community_nickname_candidate,古明地觉,古明地 さとり,https://thbwiki.cc/古明地觉,search_only_not_poll_normalized,low,search_vocabulary_only
⑥,灵乌路空,thbwiki_community_nickname_candidate,灵乌路空,霊烏路 空,https://thbwiki.cc/灵乌路空,search_only_not_poll_normalized,low,search_vocabulary_only
⑦,赤蛮奇,thbwiki_community_nickname_candidate,赤蛮奇,赤蛮奇,https://thbwiki.cc/赤蛮奇,search_only_not_poll_normalized,low,search_vocabulary_only
⑧,爱塔妮缇拉尔瓦,thbwiki_community_nickname_candidate,爱塔妮缇拉尔瓦,エタニティラルバ,https://thbwiki.cc/爱塔妮缇拉尔瓦,search_only_not_poll_normalized,low,search_vocabulary_only
⑨,琪露诺,thbwiki_community_nickname_candidate,琪露诺,チルノ,https://thbwiki.cc/琪露诺,search_only_not_poll_normalized,low,search_vocabulary_only
⑨妈,蕾蒂·霍瓦特洛克,thbwiki_community_nickname_candidate,蕾蒂·霍瓦特洛克,レティ・ホワイトロック,https://thbwiki.cc/蕾蒂·霍瓦特洛克,search_only_not_poll_normalized,low,search_vocabulary_only
⑩,露米娅,thbwiki_community_nickname_candidate,露米娅,ルーミア,https://thbwiki.cc/露米娅,search_only_not_poll_normalized,low,search_vocabulary_only
丁礼田舞,丁礼田舞,thbwiki_cn_reference_name,丁礼田舞,丁礼田 舞,https://thbwiki.cc/丁礼田舞,matched_fun_by_jp_or_cn,high,poll_normalization_and_search
三头慧之子,三头慧之子,thbwiki_cn_reference_name,三头慧之子,三頭 慧ノ子,https://thbwiki.cc/三头慧之子,matched_fun_by_jp_or_cn,high,poll_normalization_and_search
三月精,斯塔萨菲雅,thbwiki_community_nickname_candidate,斯塔萨菲雅,スターサファイア,https://thbwiki.cc/斯塔萨菲雅,ambiguous_source_characters,low,manual_review_only
三月精,桑尼米尔克,thbwiki_community_nickname_candidate,桑尼米尔克,サニーミルク,https://thbwiki.cc/桑尼米尔克,ambiguous_source_characters,low,manual_review_only
三月精,露娜切露德,thbwiki_community_nickname_candidate,露娜切露德,ルナチャイルド,https://thbwiki.cc/露娜切露德,ambiguous_source_characters,low,manual_review_only
上白泽慧音,上白泽慧音,thbwiki_cn_reference_name,上白泽慧音,上白沢 慧音,https://thbwiki.cc/上白泽慧音,matched_fun_by_jp_or_cn,high,poll_normalization_and_search
不死鸟,藤原妹红,thbwiki_community_nickname_candidate,藤原妹红,藤原 妹紅,https://thbwiki.cc/藤原妹红,search_only_not_poll_normalized,low,search_vocabulary_only
不认识的孩子,键山雏,thbwiki_community_nickname_candidate,键山雏,鍵山 雛,https://thbwiki.cc/键山雏,search_only_not_poll_normalized,low,search_vocabulary_only
东洋魔女,雾雨魔理沙,thbwiki_community_nickname_candidate,雾雨魔理沙,霧雨 魔理沙,https://thbwiki.cc/雾雨魔理沙,search_only_not_poll_normalized,low,search_vocabulary_only
东风谷早苗,东风谷早苗,thbwiki_cn_reference_name,东风谷早苗,東風谷 早苗,https://thbwiki.cc/东风谷早苗,matched_fun_by_jp_or_cn,high,poll_normalization_and_search
丰聪耳神子,丰聪耳神子,thbwiki_cn_reference_name,丰聪耳神子,豊聡耳 神子,https://thbwiki.cc/丰聪耳神子,matched_fun_by_jp_or_cn,high,poll_normalization_and_search
乌龟,玄爷,thbwiki_community_nickname_candidate,玄爷,玄爺,https://thbwiki.cc/玄爷,search_only_not_poll_normalized,low,search_vocabulary_only
乐子神,摩多罗隐岐奈,thbwiki_community_nickname_candidate,摩多罗隐岐奈,摩多羅 隠岐奈,https://thbwiki.cc/摩多罗隐岐奈,search_only_not_poll_normalized,low,search_vocabulary_only
九十九八桥,九十九八桥,thbwiki_cn_reference_name,九十九八桥,九十九 八橋,https://thbwiki.cc/九十九八桥,matched_fun_by_jp_or_cn,high,poll_normalization_and_search
九十九姐妹,九十九八桥,thbwiki_community_nickname_candidate,九十九八桥,九十九 八橋,https://thbwiki.cc/九十九八桥,ambiguous_source_characters,low,manual_review_only
九十九姐妹,九十九弁弁,thbwiki_community_nickname_candidate,九十九弁弁,九十九 弁々,https://thbwiki.cc/九十九弁弁,ambiguous_source_characters,low,manual_review_only
九十九弁弁,九十九弁弁,thbwiki_cn_reference_name,九十九弁弁,九十九 弁々,https://thbwiki.cc/九十九弁弁,matched_fun_by_jp_or_cn,high,poll_normalization_and_search
乡长,森近霖之助,thbwiki_community_nickname_candidate,森近霖之助,森近 霖之助,https://thbwiki.cc/森近霖之助,search_only_not_poll_normalized,low,search_vocabulary_only
乳町,小野塚小町,thbwiki_community_nickname_candidate,小野塚小町,小野塚 小町,https://thbwiki.cc/小野塚小町,search_only_not_poll_normalized,low,search_vocabulary_only
二妹,芙兰朵露·斯卡蕾特,thbwiki_community_nickname_candidate,芙兰朵露·斯卡蕾特,フランドール・スカーレット,https://thbwiki.cc/芙兰朵露·斯卡蕾特,search_only_not_poll_normalized,low,search_vocabulary_only
二婶子,丰聪耳神子,thbwiki_community_nickname_candidate,丰聪耳神子,豊聡耳 神子,https://thbwiki.cc/丰聪耳神子,search_only_not_poll_normalized,low,search_vocabulary_only
二小姐,芙兰朵露·斯卡蕾特,thbwiki_community_nickname_candidate,芙兰朵露·斯卡蕾特,フランドール・スカーレット,https://thbwiki.cc/芙兰朵露·斯卡蕾特,search_only_not_poll_normalized,low,search_vocabulary_only
二岩猯藏,二岩猯藏,thbwiki_cn_reference_name,二岩猯藏,二ッ岩 マミゾウ,https://thbwiki.cc/二岩猯藏,matched_fun_by_jp_or_cn,high,poll_normalization_and_search
人偶师,爱丽丝·玛格特洛依德,thbwiki_community_nickname_candidate,爱丽丝·玛格特洛依德,アリス・マーガトロイド,https://thbwiki.cc/爱丽丝·玛格特洛依德,search_only_not_poll_normalized,low,search_vocabulary_only
人鱼,若鹭姬,thbwiki_community_nickname_candidate,若鹭姬,わかさぎ姫,https://thbwiki.cc/若鹭姬,search_only_not_poll_normalized,low,search_vocabulary_only
今泉影狼,今泉影狼,thbwiki_cn_reference_name,今泉影狼,今泉 影狼,https://thbwiki.cc/今泉影狼,matched_fun_by_jp_or_cn,high,poll_normalization_and_search
仙人,茨木华扇,thbwiki_community_nickname_candidate,茨木华扇,茨木 華扇,https://thbwiki.cc/茨木华扇,search_only_not_poll_normalized,low,search_vocabulary_only
伊吹萃香,伊吹萃香,thbwiki_cn_reference_name,伊吹萃香,伊吹 萃香,https://thbwiki.cc/伊吹萃香,matched_fun_by_jp_or_cn,high,poll_normalization_and_search
作死铃,本居小铃,thbwiki_community_nickname_candidate,本居小铃,本居 小鈴,https://thbwiki.cc/本居小铃,search_only_not_poll_normalized,low,search_vocabulary_only
依神女苑,依神女苑,thbwiki_cn_reference_name,依神女苑,依神 女苑,https://thbwiki.cc/依神女苑,matched_fun_by_jp_or_cn,high,poll_normalization_and_search
依神姐妹,依神女苑,thbwiki_community_nickname_candidate,依神女苑,依神 女苑,https://thbwiki.cc/依神女苑,ambiguous_source_characters,low,manual_review_only
依神姐妹,依神紫苑,thbwiki_community_nickname_candidate,依神紫苑,依神 紫苑,https://thbwiki.cc/依神紫苑,ambiguous_source_characters,low,manual_review_only
依神紫苑,依神紫苑,thbwiki_cn_reference_name,依神紫苑,依神 紫苑,https://thbwiki.cc/依神紫苑,matched_fun_by_jp_or_cn,high,poll_normalization_and_search
依莉斯,依莉斯,thbwiki_cn_reference_name,依莉斯,エリス,https://thbwiki.cc/依莉斯,matched_fun_by_jp_or_cn,high,poll_normalization_and_search
僵尸,宫古芳香,thbwiki_community_nickname_candidate,宫古芳香,宮古 芳香,https://thbwiki.cc/宫古芳香,search_only_not_poll_normalized,low,search_vocabulary_only
光明牛奶,桑尼米尔克,thbwiki_community_nickname_candidate,桑尼米尔克,サニーミルク,https://thbwiki.cc/桑尼米尔克,search_only_not_poll_normalized,low,search_vocabulary_only
克劳恩皮丝,克劳恩皮丝,thbwiki_cn_reference_name,克劳恩皮丝,クラウンピース,https://thbwiki.cc/克劳恩皮丝,matched_fun_by_jp_or_cn,high,poll_normalization_and_search
八云紫,八云紫,thbwiki_cn_reference_name,八云紫,八雲 紫,https://thbwiki.cc/八云紫,matched_fun_by_jp_or_cn,high,poll_normalization_and_search
八云蓝,八云蓝,thbwiki_cn_reference_name,八云蓝,八雲 藍,https://thbwiki.cc/八云蓝,matched_fun_by_jp_or_cn,high,poll_normalization_and_search
八坂神奈子,八坂神奈子,thbwiki_cn_reference_name,八坂神奈子,八坂 神奈子,https://thbwiki.cc/八坂神奈子,matched_fun_by_jp_or_cn,high,poll_normalization_and_search
八意永琳,八意永琳,thbwiki_cn_reference_name,八意永琳,八意 永琳,https://thbwiki.cc/八意永琳,matched_fun_by_jp_or_cn,high,poll_normalization_and_search
公主大人,蓬莱山辉夜,thbwiki_community_nickname_candidate,蓬莱山辉夜,蓬莱山 輝夜,https://thbwiki.cc/蓬莱山辉夜,search_only_not_poll_normalized,low,search_vocabulary_only
冈崎梦美,冈崎梦美,thbwiki_cn_reference_name,冈崎梦美,岡崎 夢美,https://thbwiki.cc/冈崎梦美,matched_fun_by_jp_or_cn,high,poll_normalization_and_search
冰精,琪露诺,thbwiki_community_nickname_candidate,琪露诺,チルノ,https://thbwiki.cc/琪露诺,search_only_not_poll_normalized,low,search_vocabulary_only
冴月麟,冴月麟,thbwiki_cn_reference_name,冴月麟,冴月 麟,https://thbwiki.cc/冴月麟,matched_fun_by_jp_or_cn,high,poll_normalization_and_search
冷仙,铃仙二号,thbwiki_community_nickname_candidate,Reisen,レイセン,https://thbwiki.cc/Reisen,search_only_not_poll_normalized,low,search_vocabulary_only
北白河千百合,北白河千百合,thbwiki_cn_reference_name,北白河千百合,北白河 ちゆり,https://thbwiki.cc/北白河千百合,matched_fun_by_jp_or_cn,high,poll_normalization_and_search
十六夜咲夜,十六夜咲夜,thbwiki_cn_reference_name,十六夜咲夜,十六夜 咲夜,https://thbwiki.cc/十六夜咲夜,matched_fun_by_jp_or_cn,high,poll_normalization_and_search
华子姐,驹草山如,thbwiki_community_nickname_candidate,驹草山如,駒草 山如,https://thbwiki.cc/驹草山如,search_only_not_poll_normalized,low,search_vocabulary_only
博丽巫女,博丽灵梦,thbwiki_community_nickname_candidate,博丽灵梦,博麗 靈夢,https://thbwiki.cc/博丽灵梦（旧作角色）,search_only_not_poll_normalized,low,search_vocabulary_only
博丽灵梦,博丽灵梦,thbwiki_cn_reference_name,博丽灵梦,博麗 霊夢,https://thbwiki.cc/博丽灵梦,matched_fun_by_jp_or_cn,high,poll_normalization_and_search
卡娜·安娜贝拉尔,卡娜·安娜贝拉尔,thbwiki_cn_reference_name,卡娜·安娜贝拉尔,カナ・アナベラル,https://thbwiki.cc/卡娜·安娜贝拉尔,matched_fun_by_jp_or_cn,high,poll_normalization_and_search
反狱王,宫出口瑞灵,thbwiki_community_nickname_candidate,宫出口瑞灵,宮出口 瑞霊,https://thbwiki.cc/宫出口瑞灵,search_only_not_poll_normalized,low,search_vocabulary_only
受兔,铃仙·优昙华院·因幡,thbwiki_community_nickname_candidate,铃仙·优昙华院·因幡,鈴仙・優曇華院・イナバ,https://thbwiki.cc/铃仙·优昙华院·因幡,search_only_not_poll_normalized,low,search_vocabulary_only
古明地恋,古明地恋,thbwiki_cn_reference_name,古明地恋,古明地 こいし,https://thbwiki.cc/古明地恋,matched_fun_by_jp_or_cn,high,poll_normalization_and_search
古明地觉,古明地觉,thbwiki_cn_reference_name,古明地觉,古明地 さとり,https://thbwiki.cc/古明地觉,matched_fun_by_jp_or_cn,high,poll_normalization_and_search
吃货子,西行寺幽幽子,thbwiki_community_nickname_candidate,西行寺幽幽子,西行寺 幽々子,https://thbwiki.cc/西行寺幽幽子,search_only_not_poll_normalized,low,search_vocabulary_only
吉吊八千慧,吉吊八千慧,thbwiki_cn_reference_name,吉吊八千慧,吉弔 八千慧,https://thbwiki.cc/吉吊八千慧,matched_fun_by_jp_or_cn,high,poll_normalization_and_search
吸血鬼,胡桃,thbwiki_community_nickname_candidate,胡桃,くるみ,https://thbwiki.cc/胡桃,search_only_not_poll_normalized,low,search_vocabulary_only
吸血鬼姐妹,芙兰朵露·斯卡蕾特,thbwiki_community_nickname_candidate,芙兰朵露·斯卡蕾特,フランドール・スカーレット,https://thbwiki.cc/芙兰朵露·斯卡蕾特,ambiguous_source_characters,low,manual_review_only
吸血鬼姐妹,蕾米莉亚·斯卡蕾特,thbwiki_community_nickname_candidate,蕾米莉亚·斯卡蕾特,レミリア・スカーレット,https://thbwiki.cc/蕾米莉亚·斯卡蕾特,ambiguous_source_characters,low,manual_review_only
呆毛神,神绮,thbwiki_community_nickname_candidate,神绮,神綺,https://thbwiki.cc/神绮,search_only_not_poll_normalized,low,search_vocabulary_only
咪咪号,咪咪号,thbwiki_cn_reference_name,咪咪号,ミミちゃん,https://thbwiki.cc/咪咪号,matched_fun_by_jp_or_cn,high,poll_normalization_and_search
哆来咪·苏伊特,哆来咪·苏伊特,thbwiki_cn_reference_name,哆来咪·苏伊特,ドレミー・スイート,https://thbwiki.cc/哆来咪·苏伊特,matched_fun_by_jp_or_cn,high,poll_normalization_and_search
四季映姬·夜摩仙那度,四季映姬·夜摩仙那度,thbwiki_cn_reference_name,四季映姬·夜摩仙那度,四季映姫・ヤマザナドゥ,https://thbwiki.cc/四季映姬·夜摩仙那度,matched_fun_by_jp_or_cn,high,poll_normalization_and_search
因幡天为,因幡天为（因幡帝）,thbwiki_cn_reference_name,因幡天为,因幡 てゐ,https://thbwiki.cc/因幡天为,matched_fun_by_jp_or_cn,high,poll_normalization_and_search
因幡帝,因幡天为（因幡帝）,thbwiki_community_nickname_candidate,因幡天为,因幡 てゐ,https://thbwiki.cc/因幡天为,search_only_not_poll_normalized,low,search_vocabulary_only
图书,帕秋莉·诺蕾姬,thbwiki_community_nickname_candidate,帕秋莉·诺蕾姬,パチュリー・ノーレッジ,https://thbwiki.cc/帕秋莉·诺蕾姬,search_only_not_poll_normalized,low,search_vocabulary_only
图书管理员,小恶魔,thbwiki_community_nickname_candidate,小恶魔,小悪魔,https://thbwiki.cc/小恶魔,search_only_not_poll_normalized,low,search_vocabulary_only
圣白莲,圣白莲,thbwiki_cn_reference_name,圣白莲,聖 白蓮,https://thbwiki.cc/圣白莲,matched_fun_by_jp_or_cn,high,poll_normalization_and_search
地狱的女神,赫卡提亚·拉碧斯拉祖利,thbwiki_community_nickname_candidate,赫卡提亚·拉碧斯拉祖利,ヘカーティア・ラピスラズリ,https://thbwiki.cc/赫卡提亚·拉碧斯拉祖利,search_only_not_poll_normalized,low,search_vocabulary_only
地藏,矢田寺成美,thbwiki_community_nickname_candidate,矢田寺成美,矢田寺 成美,https://thbwiki.cc/矢田寺成美,search_only_not_poll_normalized,low,search_vocabulary_only
坂田合欢,坂田合欢,thbwiki_cn_reference_name,坂田合欢,坂田 ネムノ,https://thbwiki.cc/坂田合欢,matched_fun_by_jp_or_cn,high,poll_normalization_and_search
埴安神袿姬,埴安神袿姬,thbwiki_cn_reference_name,埴安神袿姬,埴安神 袿姫,https://thbwiki.cc/埴安神袿姬,matched_fun_by_jp_or_cn,high,poll_normalization_and_search
埴轮,杖刀偶磨弓,thbwiki_community_nickname_candidate,杖刀偶磨弓,杖刀偶 磨弓,https://thbwiki.cc/杖刀偶磨弓,search_only_not_poll_normalized,low,search_vocabulary_only
堀川雷鼓,堀川雷鼓,thbwiki_cn_reference_name,堀川雷鼓,堀川 雷鼓,https://thbwiki.cc/堀川雷鼓,matched_fun_by_jp_or_cn,high,poll_normalization_and_search
多多良小伞,多多良小伞,thbwiki_cn_reference_name,多多良小伞,多々良 小傘,https://thbwiki.cc/多多良小伞,matched_fun_by_jp_or_cn,high,poll_normalization_and_search
大兔子,铃仙·优昙华院·因幡,thbwiki_community_nickname_candidate,铃仙·优昙华院·因幡,鈴仙・優曇華院・イナバ,https://thbwiki.cc/铃仙·优昙华院·因幡,search_only_not_poll_normalized,low,search_vocabulary_only
大吉猫咪,豪德寺三花,thbwiki_community_nickname_candidate,豪德寺三花,豪徳寺 ミケ,https://thbwiki.cc/豪德寺三花,search_only_not_poll_normalized,low,search_vocabulary_only
大圣,孙美天,thbwiki_community_nickname_candidate,孙美天,孫 美天,https://thbwiki.cc/孙美天,search_only_not_poll_normalized,low,search_vocabulary_only
大天狗,饭纲丸龙,thbwiki_community_nickname_candidate,饭纲丸龙,飯綱丸 龍,https://thbwiki.cc/饭纲丸龙,search_only_not_poll_normalized,low,search_vocabulary_only
大妖精,大妖精,thbwiki_cn_reference_name,大妖精,大妖精,https://thbwiki.cc/大妖精,matched_fun_by_jp_or_cn,high,poll_normalization_and_search
大妹,蕾米莉亚·斯卡蕾特,thbwiki_community_nickname_candidate,蕾米莉亚·斯卡蕾特,レミリア・スカーレット,https://thbwiki.cc/蕾米莉亚·斯卡蕾特,search_only_not_poll_normalized,low,search_vocabulary_only
大小姐,蕾米莉亚·斯卡蕾特,thbwiki_community_nickname_candidate,蕾米莉亚·斯卡蕾特,レミリア・スカーレット,https://thbwiki.cc/蕾米莉亚·斯卡蕾特,search_only_not_poll_normalized,low,search_vocabulary_only
大师兄,寅丸星,thbwiki_community_nickname_candidate,寅丸星,寅丸 星,https://thbwiki.cc/寅丸星,search_only_not_poll_normalized,low,search_vocabulary_only
大根,苏我屠自古,thbwiki_community_nickname_candidate,苏我屠自古,蘇我 屠自古,https://thbwiki.cc/苏我屠自古,search_only_not_poll_normalized,low,search_vocabulary_only
大狸子,二岩猯藏,thbwiki_community_nickname_candidate,二岩猯藏,二ッ岩 マミゾウ,https://thbwiki.cc/二岩猯藏,search_only_not_poll_normalized,low,search_vocabulary_only
大碎骨,萨丽爱尔,thbwiki_community_nickname_candidate,萨丽爱尔,サリエル,https://thbwiki.cc/萨丽爱尔,search_only_not_poll_normalized,low,search_vocabulary_only
大蛾子,爱塔妮缇拉尔瓦,thbwiki_community_nickname_candidate,爱塔妮缇拉尔瓦,エタニティラルバ,https://thbwiki.cc/爱塔妮缇拉尔瓦,search_only_not_poll_normalized,low,search_vocabulary_only
大蜈蚣,姬虫百百世,thbwiki_community_nickname_candidate,姬虫百百世,姫虫 百々世,https://thbwiki.cc/姬虫百百世,search_only_not_poll_normalized,low,search_vocabulary_only
大角羊,饕餮尤魔,thbwiki_community_nickname_candidate,饕餮尤魔,饕餮 尤魔,https://thbwiki.cc/饕餮尤魔,search_only_not_poll_normalized,low,search_vocabulary_only
大酱,大妖精,thbwiki_community_nickname_candidate,大妖精,大妖精,https://thbwiki.cc/大妖精,search_only_not_poll_normalized,low,search_vocabulary_only
大鲶鱼,大鲶鱼,thbwiki_cn_reference_name,大鲶鱼,大ナマズ,https://thbwiki.cc/大鲶鱼,matched_fun_by_jp_or_cn,high,poll_normalization_and_search
天女,比那名居天子,thbwiki_community_nickname_candidate,比那名居天子,比那名居 天子,https://thbwiki.cc/比那名居天子,search_only_not_poll_normalized,low,search_vocabulary_only
天弓千亦,天弓千亦,thbwiki_cn_reference_name,天弓千亦,天弓 千亦,https://thbwiki.cc/天弓千亦,matched_fun_by_jp_or_cn,high,poll_normalization_and_search
天火人血枪,天火人血枪,thbwiki_cn_reference_name,天火人血枪,天火人 ちやり,https://thbwiki.cc/天火人血枪,matched_fun_by_jp_or_cn,high,poll_normalization_and_search
天马,骊驹早鬼,thbwiki_community_nickname_candidate,骊驹早鬼,驪駒 早鬼,https://thbwiki.cc/骊驹早鬼,search_only_not_poll_normalized,low,search_vocabulary_only
太太,神绮,thbwiki_community_nickname_candidate,神绮,神綺,https://thbwiki.cc/神绮,search_only_not_poll_normalized,low,search_vocabulary_only
太子,丰聪耳神子,thbwiki_community_nickname_candidate,丰聪耳神子,豊聡耳 神子,https://thbwiki.cc/丰聪耳神子,search_only_not_poll_normalized,low,search_vocabulary_only
奥莲姬,奥莲姬,thbwiki_cn_reference_name,奥莲姬,オレンジ,https://thbwiki.cc/奥莲姬,matched_fun_by_jp_or_cn,high,poll_normalization_and_search
奥野田美宵,奥野田美宵,thbwiki_cn_reference_name,奥野田美宵,奥野田 美宵,https://thbwiki.cc/奥野田美宵,matched_fun_by_jp_or_cn,high,poll_normalization_and_search
女仆长,十六夜咲夜,thbwiki_community_nickname_candidate,十六夜咲夜,十六夜 咲夜,https://thbwiki.cc/十六夜咲夜,search_only_not_poll_normalized,low,search_vocabulary_only
女儿怪,神绮,thbwiki_community_nickname_candidate,神绮,神綺,https://thbwiki.cc/神绮,search_only_not_poll_normalized,low,search_vocabulary_only
姆Q,帕秋莉·诺蕾姬,thbwiki_community_nickname_candidate,帕秋莉·诺蕾姬,パチュリー・ノーレッジ,https://thbwiki.cc/帕秋莉·诺蕾姬,search_only_not_poll_normalized,low,search_vocabulary_only
姬海棠极,姬海棠果,thbwiki_community_nickname_candidate,姬海棠果,姫海棠 はたて,https://thbwiki.cc/姬海棠果,search_only_not_poll_normalized,low,search_vocabulary_only
姬海棠果,姬海棠果,thbwiki_cn_reference_name,姬海棠果,姫海棠 はたて,https://thbwiki.cc/姬海棠果,matched_fun_by_jp_or_cn,high,poll_normalization_and_search
姬海棠羽立,姬海棠果,thbwiki_community_nickname_candidate,姬海棠果,姫海棠 はたて,https://thbwiki.cc/姬海棠果,search_only_not_poll_normalized,low,search_vocabulary_only
姬虫百百世,姬虫百百世,thbwiki_cn_reference_name,姬虫百百世,姫虫 百々世,https://thbwiki.cc/姬虫百百世,matched_fun_by_jp_or_cn,high,poll_normalization_and_search
威严,蕾米莉亚·斯卡蕾特,thbwiki_community_nickname_candidate,蕾米莉亚·斯卡蕾特,レミリア・スカーレット,https://thbwiki.cc/蕾米莉亚·斯卡蕾特,search_only_not_poll_normalized,low,search_vocabulary_only
娘娘,霍青娥,thbwiki_community_nickname_candidate,霍青娥,霍 青娥,https://thbwiki.cc/霍青娥,search_only_not_poll_normalized,low,search_vocabulary_only
娜兹玲,娜兹玲,thbwiki_cn_reference_name,娜兹玲,ナズーリン,https://thbwiki.cc/娜兹玲,matched_fun_by_jp_or_cn,high,poll_normalization_and_search
嫦娥,嫦娥,thbwiki_cn_reference_name,嫦娥,嫦娥,https://thbwiki.cc/嫦娥,matched_fun_by_jp_or_cn,high,poll_normalization_and_search
孙美天,孙美天,thbwiki_cn_reference_name,孙美天,孫 美天,https://thbwiki.cc/孙美天,matched_fun_by_jp_or_cn,high,poll_normalization_and_search
宇佐见堇子,宇佐见堇子,thbwiki_cn_reference_name,宇佐见堇子,宇佐見 菫子,https://thbwiki.cc/宇佐见堇子,matched_fun_by_jp_or_cn,high,poll_normalization_and_search
宇佐见莲子,宇佐见莲子,thbwiki_cn_reference_name,宇佐见莲子,宇佐見 蓮子,https://thbwiki.cc/宇佐见莲子,matched_fun_by_jp_or_cn,high,poll_normalization_and_search
宫出口瑞灵,宫出口瑞灵,thbwiki_cn_reference_name,宫出口瑞灵,宮出口 瑞霊,https://thbwiki.cc/宫出口瑞灵,matched_fun_by_jp_or_cn,high,poll_normalization_and_search
宫古芳香,宫古芳香,thbwiki_cn_reference_name,宫古芳香,宮古 芳香,https://thbwiki.cc/宫古芳香,matched_fun_by_jp_or_cn,high,poll_normalization_and_search
寅丸星,寅丸星,thbwiki_cn_reference_name,寅丸星,寅丸 星,https://thbwiki.cc/寅丸星,matched_fun_by_jp_or_cn,high,poll_normalization_and_search
封兽鵺,封兽鵺,thbwiki_cn_reference_name,封兽鵺,封獣 ぬえ,https://thbwiki.cc/封兽鵺,matched_fun_by_jp_or_cn,high,poll_normalization_and_search
射命丸文,射命丸文,thbwiki_cn_reference_name,射命丸文,射命丸 文,https://thbwiki.cc/射命丸文,matched_fun_by_jp_or_cn,high,poll_normalization_and_search
小五,古明地觉,thbwiki_community_nickname_candidate,古明地觉,古明地 さとり,https://thbwiki.cc/古明地觉,search_only_not_poll_normalized,low,search_vocabulary_only
小兔姬,小兔姬,thbwiki_cn_reference_name,小兔姬,小兎姫,https://thbwiki.cc/小兔姬,matched_fun_by_jp_or_cn,high,poll_normalization_and_search
小号手,梅露兰·普莉兹姆利巴,thbwiki_community_nickname_candidate,梅露兰·普莉兹姆利巴,メルラン・プリズムリバー,https://thbwiki.cc/梅露兰·普莉兹姆利巴,search_only_not_poll_normalized,low,search_vocabulary_only
小妖精,克劳恩皮丝,thbwiki_community_nickname_candidate,克劳恩皮丝,クラウンピース,https://thbwiki.cc/克劳恩皮丝,search_only_not_poll_normalized,low,search_vocabulary_only
小恶魔,小恶魔,thbwiki_cn_reference_name,小恶魔,小悪魔,https://thbwiki.cc/小恶魔,matched_fun_by_jp_or_cn,high,poll_normalization_and_search
小桶,琪斯美,thbwiki_community_nickname_candidate,琪斯美,キスメ,https://thbwiki.cc/琪斯美,search_only_not_poll_normalized,low,search_vocabulary_only
小爱,爱丽丝·玛格特洛依德,thbwiki_community_nickname_candidate,爱丽丝·玛格特洛依德,アリス・マーガトロイド,https://thbwiki.cc/爱丽丝·玛格特洛依德,search_only_not_poll_normalized,low,search_vocabulary_only
小石头,古明地恋,thbwiki_community_nickname_candidate,古明地恋,古明地 こいし,https://thbwiki.cc/古明地恋,search_only_not_poll_normalized,low,search_vocabulary_only
小碎骨,米斯蒂娅·萝蕾拉,thbwiki_community_nickname_candidate,米斯蒂娅·萝蕾拉,ミスティア・ローレライ,https://thbwiki.cc/米斯蒂娅·萝蕾拉,search_only_not_poll_normalized,low,search_vocabulary_only
小碗,少名针妙丸,thbwiki_community_nickname_candidate,少名针妙丸,少名 針妙丸,https://thbwiki.cc/少名针妙丸,search_only_not_poll_normalized,low,search_vocabulary_only
小老帝,因幡天为（因幡帝）,thbwiki_community_nickname_candidate,因幡天为,因幡 てゐ,https://thbwiki.cc/因幡天为,search_only_not_poll_normalized,low,search_vocabulary_only
小野塚小町,小野塚小町,thbwiki_cn_reference_name,小野塚小町,小野塚 小町,https://thbwiki.cc/小野塚小町,matched_fun_by_jp_or_cn,high,poll_normalization_and_search
少名针妙丸,少名针妙丸,thbwiki_cn_reference_name,少名针妙丸,少名 針妙丸,https://thbwiki.cc/少名针妙丸,matched_fun_by_jp_or_cn,high,poll_normalization_and_search
尔子田里乃,尔子田里乃,thbwiki_cn_reference_name,尔子田里乃,爾子田 里乃,https://thbwiki.cc/尔子田里乃,matched_fun_by_jp_or_cn,high,poll_normalization_and_search
尬舞姐妹,丁礼田舞,thbwiki_community_nickname_candidate,丁礼田舞,丁礼田 舞,https://thbwiki.cc/丁礼田舞,ambiguous_source_characters,low,manual_review_only
尬舞姐妹,尔子田里乃,thbwiki_community_nickname_candidate,尔子田里乃,爾子田 里乃,https://thbwiki.cc/尔子田里乃,ambiguous_source_characters,low,manual_review_only
山城高岭,山城高岭,thbwiki_cn_reference_name,山城高岭,山城 たかね,https://thbwiki.cc/山城高岭,matched_fun_by_jp_or_cn,high,poll_normalization_and_search
山童,山城高岭,thbwiki_community_nickname_candidate,山城高岭,山城 たかね,https://thbwiki.cc/山城高岭,search_only_not_poll_normalized,low,search_vocabulary_only
布嘟嘟,物部布都,thbwiki_community_nickname_candidate,物部布都,物部 布都,https://thbwiki.cc/物部布都,search_only_not_poll_normalized,low,search_vocabulary_only
师匠,八意永琳,thbwiki_community_nickname_candidate,八意永琳,八意 永琳,https://thbwiki.cc/八意永琳,search_only_not_poll_normalized,low,search_vocabulary_only
帕琪,帕秋莉·诺蕾姬,thbwiki_community_nickname_candidate,帕秋莉·诺蕾姬,パチュリー・ノーレッジ,https://thbwiki.cc/帕秋莉·诺蕾姬,search_only_not_poll_normalized,low,search_vocabulary_only
帕秋莉·诺蕾姬,帕秋莉·诺蕾姬,thbwiki_cn_reference_name,帕秋莉·诺蕾姬,パチュリー・ノーレッジ,https://thbwiki.cc/帕秋莉·诺蕾姬,matched_fun_by_jp_or_cn,high,poll_normalization_and_search
帝帝,因幡天为（因幡帝）,thbwiki_community_nickname_candidate,因幡天为,因幡 てゐ,https://thbwiki.cc/因幡天为,search_only_not_poll_normalized,low,search_vocabulary_only
幻月,幻月,thbwiki_cn_reference_name,幻月,幻月,https://thbwiki.cc/幻月,matched_fun_by_jp_or_cn,high,poll_normalization_and_search
幽幻魔眼,幽幻魔眼,thbwiki_cn_reference_name,幽幻魔眼,ゆうげんまがん,https://thbwiki.cc/幽幻魔眼,matched_fun_by_jp_or_cn,high,poll_normalization_and_search
幽谷响子,幽谷响子,thbwiki_cn_reference_name,幽谷响子,幽谷 響子,https://thbwiki.cc/幽谷响子,matched_fun_by_jp_or_cn,high,poll_normalization_and_search
广藿香,帕秋莉·诺蕾姬,thbwiki_community_nickname_candidate,帕秋莉·诺蕾姬,パチュリー・ノーレッジ,https://thbwiki.cc/帕秋莉·诺蕾姬,search_only_not_poll_normalized,low,search_vocabulary_only
广西大妈,埴安神袿姬,thbwiki_community_nickname_candidate,埴安神袿姬,埴安神 袿姫,https://thbwiki.cc/埴安神袿姬,search_only_not_poll_normalized,low,search_vocabulary_only
庭师,魂魄妖梦,thbwiki_community_nickname_candidate,魂魄妖梦,魂魄 妖夢,https://thbwiki.cc/魂魄妖梦,search_only_not_poll_normalized,low,search_vocabulary_only
庭渡久侘歌,庭渡久侘歌,thbwiki_cn_reference_name,庭渡久侘歌,庭渡 久侘歌,https://thbwiki.cc/庭渡久侘歌,matched_fun_by_jp_or_cn,high,poll_normalization_and_search
心心,秦心,thbwiki_community_nickname_candidate,秦心,秦 こころ,https://thbwiki.cc/秦心,search_only_not_poll_normalized,low,search_vocabulary_only
心酱,秦心,thbwiki_community_nickname_candidate,秦心,秦 こころ,https://thbwiki.cc/秦心,search_only_not_poll_normalized,low,search_vocabulary_only
恋恋,古明地恋,thbwiki_community_nickname_candidate,古明地恋,古明地 こいし,https://thbwiki.cc/古明地恋,search_only_not_poll_normalized,low,search_vocabulary_only
恋爱魔女,爱莲,thbwiki_community_nickname_candidate,爱莲,エレン,https://thbwiki.cc/爱莲,search_only_not_poll_normalized,low,search_vocabulary_only
戎璎花,戎璎花,thbwiki_cn_reference_name,戎璎花,戎 瓔花,https://thbwiki.cc/戎璎花,matched_fun_by_jp_or_cn,high,poll_normalization_and_search
战车少女,里香,thbwiki_community_nickname_candidate,里香,里香,https://thbwiki.cc/里香,search_only_not_poll_normalized,low,search_vocabulary_only
折凳狂魔,北白河千百合,thbwiki_community_nickname_candidate,北白河千百合,北白河 ちゆり,https://thbwiki.cc/北白河千百合,search_only_not_poll_normalized,low,search_vocabulary_only
抱头蹲防,蕾米莉亚·斯卡蕾特,thbwiki_community_nickname_candidate,蕾米莉亚·斯卡蕾特,レミリア・スカーレット,https://thbwiki.cc/蕾米莉亚·斯卡蕾特,search_only_not_poll_normalized,low,search_vocabulary_only
提琴手,露娜萨·普莉兹姆利巴,thbwiki_community_nickname_candidate,露娜萨·普莉兹姆利巴,ルナサ・プリズムリバー,https://thbwiki.cc/露娜萨·普莉兹姆利巴,search_only_not_poll_normalized,low,search_vocabulary_only
摩多罗隐岐奈,摩多罗隐岐奈,thbwiki_cn_reference_name,摩多罗隐岐奈,摩多羅 隠岐奈,https://thbwiki.cc/摩多罗隐岐奈,matched_fun_by_jp_or_cn,high,poll_normalization_and_search
教授,冈崎梦美,thbwiki_community_nickname_candidate,冈崎梦美,岡崎 夢美,https://thbwiki.cc/冈崎梦美,search_only_not_poll_normalized,low,search_vocabulary_only
文文,射命丸文,thbwiki_community_nickname_candidate,射命丸文,射命丸 文,https://thbwiki.cc/射命丸文,search_only_not_poll_normalized,low,search_vocabulary_only
斯塔萨菲雅,斯塔萨菲雅,thbwiki_cn_reference_name,斯塔萨菲雅,スターサファイア,https://thbwiki.cc/斯塔萨菲雅,matched_fun_by_jp_or_cn,high,poll_normalization_and_search
无名的读书妖怪,无名的读书妖怪（朱鹭子）,thbwiki_cn_reference_name,无名的读书妖怪,名無しの本読み妖怪,https://thbwiki.cc/无名的读书妖怪,matched_fun_by_jp_or_cn,high,poll_normalization_and_search
日白残无,日白残无,thbwiki_cn_reference_name,日白残无,日白 残無,https://thbwiki.cc/日白残无,matched_fun_by_jp_or_cn,high,poll_normalization_and_search
明罗,明罗,thbwiki_cn_reference_name,明罗,明羅,https://thbwiki.cc/明罗,matched_fun_by_jp_or_cn,high,poll_normalization_and_search
星熊勇仪,星熊勇仪,thbwiki_cn_reference_name,星熊勇仪,星熊 勇儀,https://thbwiki.cc/星熊勇仪,matched_fun_by_jp_or_cn,high,poll_normalization_and_search
朝仓理香子,朝仓理香子,thbwiki_cn_reference_name,朝仓理香子,朝倉 理香子,https://thbwiki.cc/朝仓理香子,matched_fun_by_jp_or_cn,high,poll_normalization_and_search
本居小铃,本居小铃,thbwiki_cn_reference_name,本居小铃,本居 小鈴,https://thbwiki.cc/本居小铃,matched_fun_by_jp_or_cn,high,poll_normalization_and_search
朱鹭子,无名的读书妖怪（朱鹭子）,thbwiki_community_nickname_candidate,无名的读书妖怪,名無しの本読み妖怪,https://thbwiki.cc/无名的读书妖怪,search_only_not_poll_normalized,low,search_vocabulary_only
村纱水蜜,村纱水蜜,thbwiki_cn_reference_name,村纱水蜜,村紗 水蜜,https://thbwiki.cc/村纱水蜜,matched_fun_by_jp_or_cn,high,poll_normalization_and_search
杖刀偶磨弓,杖刀偶磨弓,thbwiki_cn_reference_name,杖刀偶磨弓,杖刀偶 磨弓,https://thbwiki.cc/杖刀偶磨弓,matched_fun_by_jp_or_cn,high,poll_normalization_and_search
极,姬海棠果,thbwiki_community_nickname_candidate,姬海棠果,姫海棠 はたて,https://thbwiki.cc/姬海棠果,search_only_not_poll_normalized,low,search_vocabulary_only
果果,姬海棠果,thbwiki_community_nickname_candidate,姬海棠果,姫海棠 はたて,https://thbwiki.cc/姬海棠果,search_only_not_poll_normalized,low,search_vocabulary_only
核能女仆,留琴,thbwiki_community_nickname_candidate,留琴,る～こと,https://thbwiki.cc/留琴,search_only_not_poll_normalized,low,search_vocabulary_only
桑尼米尔克,桑尼米尔克,thbwiki_cn_reference_name,桑尼米尔克,サニーミルク,https://thbwiki.cc/桑尼米尔克,matched_fun_by_jp_or_cn,high,poll_normalization_and_search
桥姬,水桥帕露西,thbwiki_community_nickname_candidate,水桥帕露西,水橋 パルスィ,https://thbwiki.cc/水桥帕露西,search_only_not_poll_normalized,low,search_vocabulary_only
梅莉,玛艾露贝莉·赫恩,thbwiki_community_nickname_candidate,玛艾露贝莉·赫恩,マエリベリー・ハーン,https://thbwiki.cc/玛艾露贝莉·赫恩,search_only_not_poll_normalized,low,search_vocabulary_only
梅蒂欣·梅兰可莉,梅蒂欣·梅兰可莉,thbwiki_cn_reference_name,梅蒂欣·梅兰可莉,メディスン・メランコリー,https://thbwiki.cc/梅蒂欣·梅兰可莉,matched_fun_by_jp_or_cn,high,poll_normalization_and_search
梅露兰·普莉兹姆利巴,梅露兰·普莉兹姆利巴,thbwiki_cn_reference_name,梅露兰·普莉兹姆利巴,メルラン・プリズムリバー,https://thbwiki.cc/梅露兰·普莉兹姆利巴,matched_fun_by_jp_or_cn,high,poll_normalization_and_search
梦子,梦子,thbwiki_cn_reference_name,梦子,夢子,https://thbwiki.cc/梦子,matched_fun_by_jp_or_cn,high,poll_normalization_and_search
梦月,梦月,thbwiki_cn_reference_name,梦月,夢月,https://thbwiki.cc/梦月,matched_fun_by_jp_or_cn,high,poll_normalization_and_search
梦消失,卡娜·安娜贝拉尔,thbwiki_community_nickname_candidate,卡娜·安娜贝拉尔,カナ・アナベラル,https://thbwiki.cc/卡娜·安娜贝拉尔,search_only_not_poll_normalized,low,search_vocabulary_only
森近霖之助,森近霖之助,thbwiki_cn_reference_name,森近霖之助,森近 霖之助,https://thbwiki.cc/森近霖之助,matched_fun_by_jp_or_cn,high,poll_normalization_and_search
椛椛,犬走椛,thbwiki_community_nickname_candidate,犬走椛,犬走 椛,https://thbwiki.cc/犬走椛,search_only_not_poll_normalized,low,search_vocabulary_only
橙,橙,thbwiki_cn_reference_name,橙,橙,https://thbwiki.cc/橙,matched_fun_by_jp_or_cn,high,poll_normalization_and_search
橙喵,橙,thbwiki_community_nickname_candidate,橙,橙,https://thbwiki.cc/橙,search_only_not_poll_normalized,low,search_vocabulary_only
橙子,奥莲姬,thbwiki_community_nickname_candidate,奥莲姬,オレンジ,https://thbwiki.cc/奥莲姬,search_only_not_poll_normalized,low,search_vocabulary_only
欢姐,坂田合欢,thbwiki_community_nickname_candidate,坂田合欢,坂田 ネムノ,https://thbwiki.cc/坂田合欢,search_only_not_poll_normalized,low,search_vocabulary_only
死神,小野塚小町,thbwiki_community_nickname_candidate,小野塚小町,小野塚 小町,https://thbwiki.cc/小野塚小町,search_only_not_poll_normalized,low,search_vocabulary_only
毒人偶,梅蒂欣·梅兰可莉,thbwiki_community_nickname_candidate,梅蒂欣·梅兰可莉,メディスン・メランコリー,https://thbwiki.cc/梅蒂欣·梅兰可莉,search_only_not_poll_normalized,low,search_vocabulary_only
比那名居天子,比那名居天子,thbwiki_cn_reference_name,比那名居天子,比那名居 天子,https://thbwiki.cc/比那名居天子,matched_fun_by_jp_or_cn,high,poll_normalization_and_search
水子,戎璎花,thbwiki_community_nickname_candidate,戎璎花,戎 瓔花,https://thbwiki.cc/戎璎花,search_only_not_poll_normalized,low,search_vocabulary_only
水桥帕露西,水桥帕露西,thbwiki_cn_reference_name,水桥帕露西,水橋 パルスィ,https://thbwiki.cc/水桥帕露西,matched_fun_by_jp_or_cn,high,poll_normalization_and_search
永江衣玖,永江衣玖,thbwiki_cn_reference_name,永江衣玖,永江 衣玖,https://thbwiki.cc/永江衣玖,matched_fun_by_jp_or_cn,high,poll_normalization_and_search
河城荷取,河城荷取,thbwiki_cn_reference_name,河城荷取,河城 にとり,https://thbwiki.cc/河城荷取,matched_fun_by_jp_or_cn,high,poll_normalization_and_search
河童,河城荷取,thbwiki_community_nickname_candidate,河城荷取,河城 にとり,https://thbwiki.cc/河城荷取,search_only_not_poll_normalized,low,search_vocabulary_only
泠仙,铃仙二号,thbwiki_community_nickname_candidate,Reisen,レイセン,https://thbwiki.cc/Reisen,search_only_not_poll_normalized,low,search_vocabulary_only
洩矢诹访子,洩矢诹访子,thbwiki_cn_reference_name,洩矢诹访子,洩矢 諏訪子,https://thbwiki.cc/洩矢诹访子,matched_fun_by_jp_or_cn,high,poll_normalization_and_search
清兰,清兰,thbwiki_cn_reference_name,清兰,清蘭,https://thbwiki.cc/清兰,matched_fun_by_jp_or_cn,high,poll_normalization_and_search
火焰猫燐,火焰猫燐,thbwiki_cn_reference_name,火焰猫燐,火焔猫 燐,https://thbwiki.cc/火焰猫燐,matched_fun_by_jp_or_cn,high,poll_normalization_and_search
灵乌路空,灵乌路空,thbwiki_cn_reference_name,灵乌路空,霊烏路 空,https://thbwiki.cc/灵乌路空,matched_fun_by_jp_or_cn,high,poll_normalization_and_search
烤红薯,秋穰子,thbwiki_community_nickname_candidate,秋穰子,秋 穣子,https://thbwiki.cc/秋穰子,search_only_not_poll_normalized,low,search_vocabulary_only
爱丽丝·玛格特洛依德,爱丽丝·玛格特洛依德,thbwiki_cn_reference_name,爱丽丝·玛格特洛依德,アリス・マーガトロイド,https://thbwiki.cc/爱丽丝·玛格特洛依德,matched_fun_by_jp_or_cn,high,poll_normalization_and_search
爱塔,爱塔妮缇拉尔瓦,thbwiki_community_nickname_candidate,爱塔妮缇拉尔瓦,エタニティラルバ,https://thbwiki.cc/爱塔妮缇拉尔瓦,search_only_not_poll_normalized,low,search_vocabulary_only
爱塔妮缇拉尔瓦,爱塔妮缇拉尔瓦,thbwiki_cn_reference_name,爱塔妮缇拉尔瓦,エタニティラルバ,https://thbwiki.cc/爱塔妮缇拉尔瓦,matched_fun_by_jp_or_cn,high,poll_normalization_and_search
爱莲,爱莲,thbwiki_cn_reference_name,爱莲,エレン,https://thbwiki.cc/爱莲,matched_fun_by_jp_or_cn,high,poll_normalization_and_search
爷们红,藤原妹红,thbwiki_community_nickname_candidate,藤原妹红,藤原 妹紅,https://thbwiki.cc/藤原妹红,search_only_not_poll_normalized,low,search_vocabulary_only
牛妈,牛崎润美,thbwiki_community_nickname_candidate,牛崎润美,牛崎 潤美,https://thbwiki.cc/牛崎润美,search_only_not_poll_normalized,low,search_vocabulary_only
牛崎润美,牛崎润美,thbwiki_cn_reference_name,牛崎润美,牛崎 潤美,https://thbwiki.cc/牛崎润美,matched_fun_by_jp_or_cn,high,poll_normalization_and_search
物部布都,物部布都,thbwiki_cn_reference_name,物部布都,物部 布都,https://thbwiki.cc/物部布都,matched_fun_by_jp_or_cn,high,poll_normalization_and_search
犬走椛,犬走椛,thbwiki_cn_reference_name,犬走椛,犬走 椛,https://thbwiki.cc/犬走椛,matched_fun_by_jp_or_cn,high,poll_normalization_and_search
狗仔文,射命丸文,thbwiki_community_nickname_candidate,射命丸文,射命丸 文,https://thbwiki.cc/射命丸文,search_only_not_poll_normalized,low,search_vocabulary_only
猫车,火焰猫燐,thbwiki_community_nickname_candidate,火焰猫燐,火焔猫 燐,https://thbwiki.cc/火焰猫燐,search_only_not_poll_normalized,low,search_vocabulary_only
猿神,孙美天,thbwiki_community_nickname_candidate,孙美天,孫 美天,https://thbwiki.cc/孙美天,search_only_not_poll_normalized,low,search_vocabulary_only
玄爷,玄爷,thbwiki_cn_reference_name,玄爷,玄爺,https://thbwiki.cc/玄爷,matched_fun_by_jp_or_cn,high,poll_normalization_and_search
玉造大妈,玉造魅须丸,thbwiki_community_nickname_candidate,玉造魅须丸,玉造 魅須丸,https://thbwiki.cc/玉造魅须丸,search_only_not_poll_normalized,low,search_vocabulary_only
玉造魅须丸,玉造魅须丸,thbwiki_cn_reference_name,玉造魅须丸,玉造 魅須丸,https://thbwiki.cc/玉造魅须丸,matched_fun_by_jp_or_cn,high,poll_normalization_and_search
玛艾露贝莉·赫恩,玛艾露贝莉·赫恩,thbwiki_cn_reference_name,玛艾露贝莉·赫恩,マエリベリー・ハーン,https://thbwiki.cc/玛艾露贝莉·赫恩,matched_fun_by_jp_or_cn,high,poll_normalization_and_search
琪斯美,琪斯美,thbwiki_cn_reference_name,琪斯美,キスメ,https://thbwiki.cc/琪斯美,matched_fun_by_jp_or_cn,high,poll_normalization_and_search
琪露诺,琪露诺,thbwiki_cn_reference_name,琪露诺,チルノ,https://thbwiki.cc/琪露诺,matched_fun_by_jp_or_cn,high,poll_normalization_and_search
留琴,留琴,thbwiki_cn_reference_name,留琴,る～こと,https://thbwiki.cc/留琴,matched_fun_by_jp_or_cn,high,poll_normalization_and_search
白之魔法使,舞,thbwiki_community_nickname_candidate,舞,マイ,https://thbwiki.cc/舞,search_only_not_poll_normalized,low,search_vocabulary_only
白莉莉,莉莉霍瓦特（莉莉白）,thbwiki_community_nickname_candidate,莉莉霍瓦特,リリーホワイト,https://thbwiki.cc/莉莉霍瓦特,search_only_not_poll_normalized,low,search_vocabulary_only
皇带鱼,永江衣玖,thbwiki_community_nickname_candidate,永江衣玖,永江 衣玖,https://thbwiki.cc/永江衣玖,search_only_not_poll_normalized,low,search_vocabulary_only
皮丝,克劳恩皮丝,thbwiki_community_nickname_candidate,克劳恩皮丝,クラウンピース,https://thbwiki.cc/克劳恩皮丝,search_only_not_poll_normalized,low,search_vocabulary_only
矜羯罗,矜羯罗,thbwiki_cn_reference_name,矜羯罗,矜羯羅,https://thbwiki.cc/矜羯罗,matched_fun_by_jp_or_cn,high,poll_normalization_and_search
矢田寺成美,矢田寺成美,thbwiki_cn_reference_name,矢田寺成美,矢田寺 成美,https://thbwiki.cc/矢田寺成美,matched_fun_by_jp_or_cn,high,poll_normalization_and_search
石狮,高丽野阿吽,thbwiki_community_nickname_candidate,高丽野阿吽,高麗野 あうん,https://thbwiki.cc/高丽野阿吽,search_only_not_poll_normalized,low,search_vocabulary_only
破坏之神,芙兰朵露·斯卡蕾特,thbwiki_community_nickname_candidate,芙兰朵露·斯卡蕾特,フランドール・スカーレット,https://thbwiki.cc/芙兰朵露·斯卡蕾特,search_only_not_poll_normalized,low,search_vocabulary_only
硅基,埴安神袿姬,thbwiki_community_nickname_candidate,埴安神袿姬,埴安神 袿姫,https://thbwiki.cc/埴安神袿姬,search_only_not_poll_normalized,low,search_vocabulary_only
神妈,八坂神奈子,thbwiki_community_nickname_candidate,八坂神奈子,八坂 神奈子,https://thbwiki.cc/八坂神奈子,search_only_not_poll_normalized,low,search_vocabulary_only
神玉,神玉,thbwiki_cn_reference_name,神玉,しんぎょく,https://thbwiki.cc/神玉,matched_fun_by_jp_or_cn,high,poll_normalization_and_search
神绮,神绮,thbwiki_cn_reference_name,神绮,神綺,https://thbwiki.cc/神绮,matched_fun_by_jp_or_cn,high,poll_normalization_and_search
秋姐妹,秋穰子,thbwiki_community_nickname_candidate,秋穰子,秋 穣子,https://thbwiki.cc/秋穰子,ambiguous_source_characters,low,manual_review_only
秋姐妹,秋静叶,thbwiki_community_nickname_candidate,秋静叶,秋 静葉,https://thbwiki.cc/秋静叶,ambiguous_source_characters,low,manual_review_only
秋穰子,秋穰子,thbwiki_cn_reference_name,秋穰子,秋 穣子,https://thbwiki.cc/秋穰子,matched_fun_by_jp_or_cn,high,poll_normalization_and_search
秋静叶,秋静叶,thbwiki_cn_reference_name,秋静叶,秋 静葉,https://thbwiki.cc/秋静叶,matched_fun_by_jp_or_cn,high,poll_normalization_and_search
秘神,摩多罗隐岐奈,thbwiki_community_nickname_candidate,摩多罗隐岐奈,摩多羅 隠岐奈,https://thbwiki.cc/摩多罗隐岐奈,search_only_not_poll_normalized,low,search_vocabulary_only
秦心,秦心,thbwiki_cn_reference_name,秦心,秦 こころ,https://thbwiki.cc/秦心,matched_fun_by_jp_or_cn,high,poll_normalization_and_search
稀神探女,稀神探女,thbwiki_cn_reference_name,稀神探女,稀神 サグメ,https://thbwiki.cc/稀神探女,matched_fun_by_jp_or_cn,high,poll_normalization_and_search
稗田阿求,稗田阿求,thbwiki_cn_reference_name,稗田阿求,稗田 阿求,https://thbwiki.cc/稗田阿求,matched_fun_by_jp_or_cn,high,poll_normalization_and_search
竹取姬,蓬莱山辉夜,thbwiki_community_nickname_candidate,蓬莱山辉夜,蓬莱山 輝夜,https://thbwiki.cc/蓬莱山辉夜,search_only_not_poll_normalized,low,search_vocabulary_only
笨蛋,琪露诺,thbwiki_community_nickname_candidate,琪露诺,チルノ,https://thbwiki.cc/琪露诺,search_only_not_poll_normalized,low,search_vocabulary_only
管狐,菅牧典,thbwiki_community_nickname_candidate,菅牧典,菅牧 典,https://thbwiki.cc/菅牧典,search_only_not_poll_normalized,low,search_vocabulary_only
米斯琪,米斯蒂娅·萝蕾拉,thbwiki_community_nickname_candidate,米斯蒂娅·萝蕾拉,ミスティア・ローレライ,https://thbwiki.cc/米斯蒂娅·萝蕾拉,search_only_not_poll_normalized,low,search_vocabulary_only
米斯蒂娅·萝蕾拉,米斯蒂娅·萝蕾拉,thbwiki_cn_reference_name,米斯蒂娅·萝蕾拉,ミスティア・ローレライ,https://thbwiki.cc/米斯蒂娅·萝蕾拉,matched_fun_by_jp_or_cn,high,poll_normalization_and_search
素果天狐,八云蓝,thbwiki_community_nickname_candidate,八云蓝,八雲 藍,https://thbwiki.cc/八云蓝,search_only_not_poll_normalized,low,search_vocabulary_only
紫妈,八云紫,thbwiki_community_nickname_candidate,八云紫,八雲 紫,https://thbwiki.cc/八云紫,search_only_not_poll_normalized,low,search_vocabulary_only
红师傅,红美铃,thbwiki_community_nickname_candidate,红美铃,紅 美鈴,https://thbwiki.cc/红美铃,search_only_not_poll_normalized,low,search_vocabulary_only
红有三,星熊勇仪,thbwiki_community_nickname_candidate,星熊勇仪,星熊 勇儀,https://thbwiki.cc/星熊勇仪,search_only_not_poll_normalized,low,search_vocabulary_only
红白,博丽灵梦,thbwiki_community_nickname_candidate,博丽灵梦,博麗 霊夢,https://thbwiki.cc/博丽灵梦,search_only_not_poll_normalized,low,search_vocabulary_only
红美铃,红美铃,thbwiki_cn_reference_name,红美铃,紅 美鈴,https://thbwiki.cc/红美铃,matched_fun_by_jp_or_cn,high,poll_normalization_and_search
纯妈,纯狐,thbwiki_community_nickname_candidate,纯狐,純狐,https://thbwiki.cc/纯狐,search_only_not_poll_normalized,low,search_vocabulary_only
纯狐,纯狐,thbwiki_cn_reference_name,纯狐,純狐,https://thbwiki.cc/纯狐,matched_fun_by_jp_or_cn,high,poll_normalization_and_search
统领娘,比那名居天子,thbwiki_community_nickname_candidate,比那名居天子,比那名居 天子,https://thbwiki.cc/比那名居天子,search_only_not_poll_normalized,low,search_vocabulary_only
绵月丰姬,绵月丰姬,thbwiki_cn_reference_name,绵月丰姬,綿月 豊姫,https://thbwiki.cc/绵月丰姬,matched_fun_by_jp_or_cn,high,poll_normalization_and_search
绵月依姬,绵月依姬,thbwiki_cn_reference_name,绵月依姬,綿月 依姫,https://thbwiki.cc/绵月依姬,matched_fun_by_jp_or_cn,high,poll_normalization_and_search
绵月姐妹,绵月丰姬,thbwiki_community_nickname_candidate,绵月丰姬,綿月 豊姫,https://thbwiki.cc/绵月丰姬,ambiguous_source_characters,low,manual_review_only
绵月姐妹,绵月依姬,thbwiki_community_nickname_candidate,绵月依姬,綿月 依姫,https://thbwiki.cc/绵月依姬,ambiguous_source_characters,low,manual_review_only
美国,克劳恩皮丝,thbwiki_community_nickname_candidate,克劳恩皮丝,クラウンピース,https://thbwiki.cc/克劳恩皮丝,search_only_not_poll_normalized,low,search_vocabulary_only
羽立,姬海棠果,thbwiki_community_nickname_candidate,姬海棠果,姫海棠 はたて,https://thbwiki.cc/姬海棠果,search_only_not_poll_normalized,low,search_vocabulary_only
老佛爷,纯狐,thbwiki_community_nickname_candidate,纯狐,純狐,https://thbwiki.cc/纯狐,search_only_not_poll_normalized,low,search_vocabulary_only
老太婆,八云紫,thbwiki_community_nickname_candidate,八云紫,八雲 紫,https://thbwiki.cc/八云紫,search_only_not_poll_normalized,low,search_vocabulary_only
老师,上白泽慧音,thbwiki_community_nickname_candidate,上白泽慧音,上白沢 慧音,https://thbwiki.cc/上白泽慧音,search_only_not_poll_normalized,low,search_vocabulary_only
老板娘,米斯蒂娅·萝蕾拉,thbwiki_community_nickname_candidate,米斯蒂娅·萝蕾拉,ミスティア・ローレライ,https://thbwiki.cc/米斯蒂娅·萝蕾拉,search_only_not_poll_normalized,low,search_vocabulary_only
老爷子,魂魄妖忌,thbwiki_community_nickname_candidate,魂魄妖忌,魂魄 妖忌,https://thbwiki.cc/魂魄妖忌,search_only_not_poll_normalized,low,search_vocabulary_only
老鼠,娜兹玲,thbwiki_community_nickname_candidate,娜兹玲,ナズーリン,https://thbwiki.cc/娜兹玲,search_only_not_poll_normalized,low,search_vocabulary_only
胡桃,胡桃,thbwiki_cn_reference_name,胡桃,くるみ,https://thbwiki.cc/胡桃,matched_fun_by_jp_or_cn,high,poll_normalization_and_search
腹黑兔,因幡天为（因幡帝）,thbwiki_community_nickname_candidate,因幡天为,因幡 てゐ,https://thbwiki.cc/因幡天为,search_only_not_poll_normalized,low,search_vocabulary_only
舞,舞,thbwiki_cn_reference_name,舞,マイ,https://thbwiki.cc/舞,matched_fun_by_jp_or_cn,high,poll_normalization_and_search
船长,村纱水蜜,thbwiki_community_nickname_candidate,村纱水蜜,村紗 水蜜,https://thbwiki.cc/村纱水蜜,search_only_not_poll_normalized,low,search_vocabulary_only
艾丽,艾丽,thbwiki_cn_reference_name,艾丽,エリー,https://thbwiki.cc/艾丽,matched_fun_by_jp_or_cn,high,poll_normalization_and_search
艾伦,爱莲,thbwiki_community_nickname_candidate,爱莲,エレン,https://thbwiki.cc/爱莲,search_only_not_poll_normalized,low,search_vocabulary_only
芙兰,芙兰朵露·斯卡蕾特,thbwiki_community_nickname_candidate,芙兰朵露·斯卡蕾特,フランドール・スカーレット,https://thbwiki.cc/芙兰朵露·斯卡蕾特,search_only_not_poll_normalized,low,search_vocabulary_only
芙兰朵露·斯卡蕾特,芙兰朵露·斯卡蕾特,thbwiki_cn_reference_name,芙兰朵露·斯卡蕾特,フランドール・スカーレット,https://thbwiki.cc/芙兰朵露·斯卡蕾特,matched_fun_by_jp_or_cn,high,poll_normalization_and_search
花妈,风见幽香,thbwiki_community_nickname_candidate,风见幽香,風見 幽香,https://thbwiki.cc/风见幽香,search_only_not_poll_normalized,low,search_vocabulary_only
苏我屠自古,苏我屠自古,thbwiki_cn_reference_name,苏我屠自古,蘇我 屠自古,https://thbwiki.cc/苏我屠自古,matched_fun_by_jp_or_cn,high,poll_normalization_and_search
苗爷,东风谷早苗,thbwiki_community_nickname_candidate,东风谷早苗,東風谷 早苗,https://thbwiki.cc/东风谷早苗,search_only_not_poll_normalized,low,search_vocabulary_only
若鹭姬,若鹭姬,thbwiki_cn_reference_name,若鹭姬,わかさぎ姫,https://thbwiki.cc/若鹭姬,matched_fun_by_jp_or_cn,high,poll_normalization_and_search
茄子精,豫母都日狭美,thbwiki_community_nickname_candidate,豫母都日狭美,豫母都 日狭美,https://thbwiki.cc/豫母都日狭美,search_only_not_poll_normalized,low,search_vocabulary_only
茨木华扇,茨木华扇,thbwiki_cn_reference_name,茨木华扇,茨木 華扇,https://thbwiki.cc/茨木华扇,matched_fun_by_jp_or_cn,high,poll_normalization_and_search
草莓,冈崎梦美,thbwiki_community_nickname_candidate,冈崎梦美,岡崎 夢美,https://thbwiki.cc/冈崎梦美,search_only_not_poll_normalized,low,search_vocabulary_only
莉格露·奈特巴格,莉格露·奈特巴格,thbwiki_cn_reference_name,莉格露·奈特巴格,リグル・ナイトバグ,https://thbwiki.cc/莉格露·奈特巴格,matched_fun_by_jp_or_cn,high,poll_normalization_and_search
莉莉,莉莉霍瓦特（莉莉白）,thbwiki_community_nickname_candidate,莉莉霍瓦特,リリーホワイト,https://thbwiki.cc/莉莉霍瓦特,search_only_not_poll_normalized,low,search_vocabulary_only
莉莉卡·普莉兹姆利巴,莉莉卡·普莉兹姆利巴,thbwiki_cn_reference_name,莉莉卡·普莉兹姆利巴,リリカ・プリズムリバー,https://thbwiki.cc/莉莉卡·普莉兹姆利巴,matched_fun_by_jp_or_cn,high,poll_normalization_and_search
莉莉白,莉莉霍瓦特（莉莉白）,thbwiki_community_nickname_candidate,莉莉霍瓦特,リリーホワイト,https://thbwiki.cc/莉莉霍瓦特,search_only_not_poll_normalized,low,search_vocabulary_only
莉莉霍瓦特,莉莉霍瓦特（莉莉白）,thbwiki_cn_reference_name,莉莉霍瓦特,リリーホワイト,https://thbwiki.cc/莉莉霍瓦特,matched_fun_by_jp_or_cn,high,poll_normalization_and_search
莉莉黑,莉莉霍瓦特（莉莉白）,thbwiki_community_nickname_candidate,莉莉霍瓦特,リリーホワイト,https://thbwiki.cc/莉莉霍瓦特,search_only_not_poll_normalized,low,search_vocabulary_only
莲妈,圣白莲,thbwiki_community_nickname_candidate,圣白莲,聖 白蓮,https://thbwiki.cc/圣白莲,search_only_not_poll_normalized,low,search_vocabulary_only
菅牧典,菅牧典,thbwiki_cn_reference_name,菅牧典,菅牧 典,https://thbwiki.cc/菅牧典,matched_fun_by_jp_or_cn,high,poll_normalization_and_search
菊理,菊理,thbwiki_cn_reference_name,菊理,きくり,https://thbwiki.cc/菊理,matched_fun_by_jp_or_cn,high,poll_normalization_and_search
萨丽爱尔,萨丽爱尔,thbwiki_cn_reference_name,萨丽爱尔,サリエル,https://thbwiki.cc/萨丽爱尔,matched_fun_by_jp_or_cn,high,poll_normalization_and_search
萨拉,萨拉,thbwiki_cn_reference_name,萨拉,サラ,https://thbwiki.cc/萨拉,matched_fun_by_jp_or_cn,high,poll_normalization_and_search
蓝妈,八云蓝,thbwiki_community_nickname_candidate,八云蓝,八雲 藍,https://thbwiki.cc/八云蓝,search_only_not_poll_normalized,low,search_vocabulary_only
蓬松头,爱莲,thbwiki_community_nickname_candidate,爱莲,エレン,https://thbwiki.cc/爱莲,search_only_not_poll_normalized,low,search_vocabulary_only
蓬莱山辉夜,蓬莱山辉夜,thbwiki_cn_reference_name,蓬莱山辉夜,蓬莱山 輝夜,https://thbwiki.cc/蓬莱山辉夜,matched_fun_by_jp_or_cn,high,poll_normalization_and_search
蕾咪,蕾米莉亚·斯卡蕾特,thbwiki_community_nickname_candidate,蕾米莉亚·斯卡蕾特,レミリア・スカーレット,https://thbwiki.cc/蕾米莉亚·斯卡蕾特,search_only_not_poll_normalized,low,search_vocabulary_only
蕾拉·普莉兹姆利巴,蕾拉·普莉兹姆利巴,thbwiki_cn_reference_name,蕾拉·普莉兹姆利巴,レイラ・プリズムリバー,https://thbwiki.cc/蕾拉·普莉兹姆利巴,matched_fun_by_jp_or_cn,high,poll_normalization_and_search
蕾米莉亚·斯卡蕾特,蕾米莉亚·斯卡蕾特,thbwiki_cn_reference_name,蕾米莉亚·斯卡蕾特,レミリア・スカーレット,https://thbwiki.cc/蕾米莉亚·斯卡蕾特,matched_fun_by_jp_or_cn,high,poll_normalization_and_search
蕾蒂·霍瓦特洛克,蕾蒂·霍瓦特洛克,thbwiki_cn_reference_name,蕾蒂·霍瓦特洛克,レティ・ホワイトロック,https://thbwiki.cc/蕾蒂·霍瓦特洛克,matched_fun_by_jp_or_cn,high,poll_normalization_and_search
藤原妹红,藤原妹红,thbwiki_cn_reference_name,藤原妹红,藤原 妹紅,https://thbwiki.cc/藤原妹红,matched_fun_by_jp_or_cn,high,poll_normalization_and_search
蘑菇汤,藤原妹红,thbwiki_community_nickname_candidate,藤原妹红,藤原 妹紅,https://thbwiki.cc/藤原妹红,search_only_not_poll_normalized,low,search_vocabulary_only
蘑菇炭,藤原妹红,thbwiki_community_nickname_candidate,藤原妹红,藤原 妹紅,https://thbwiki.cc/藤原妹红,search_only_not_poll_normalized,low,search_vocabulary_only
虫子,莉格露·奈特巴格,thbwiki_community_nickname_candidate,莉格露·奈特巴格,リグル・ナイトバグ,https://thbwiki.cc/莉格露·奈特巴格,search_only_not_poll_normalized,low,search_vocabulary_only
蜘蛛,黑谷山女,thbwiki_community_nickname_candidate,黑谷山女,黒谷 ヤマメ,https://thbwiki.cc/黑谷山女,search_only_not_poll_normalized,low,search_vocabulary_only
西瓜,伊吹萃香,thbwiki_community_nickname_candidate,伊吹萃香,伊吹 萃香,https://thbwiki.cc/伊吹萃香,search_only_not_poll_normalized,low,search_vocabulary_only
西行寺幽幽子,西行寺幽幽子,thbwiki_cn_reference_name,西行寺幽幽子,西行寺 幽々子,https://thbwiki.cc/西行寺幽幽子,matched_fun_by_jp_or_cn,high,poll_normalization_and_search
警察,小兔姬,thbwiki_community_nickname_candidate,小兔姬,小兎姫,https://thbwiki.cc/小兔姬,search_only_not_poll_normalized,low,search_vocabulary_only
豪德寺三花,豪德寺三花,thbwiki_cn_reference_name,豪德寺三花,豪徳寺 ミケ,https://thbwiki.cc/豪德寺三花,matched_fun_by_jp_or_cn,high,poll_normalization_and_search
豫母都日狭美,豫母都日狭美,thbwiki_cn_reference_name,豫母都日狭美,豫母都 日狭美,https://thbwiki.cc/豫母都日狭美,matched_fun_by_jp_or_cn,high,poll_normalization_and_search
赤色杀人魔,博丽灵梦,thbwiki_community_nickname_candidate,博丽灵梦,博麗 霊夢,https://thbwiki.cc/博丽灵梦,search_only_not_poll_normalized,low,search_vocabulary_only
赤蛮奇,赤蛮奇,thbwiki_cn_reference_name,赤蛮奇,赤蛮奇,https://thbwiki.cc/赤蛮奇,matched_fun_by_jp_or_cn,high,poll_normalization_and_search
赫卡,赫卡提亚·拉碧斯拉祖利,thbwiki_community_nickname_candidate,赫卡提亚·拉碧斯拉祖利,ヘカーティア・ラピスラズリ,https://thbwiki.cc/赫卡提亚·拉碧斯拉祖利,search_only_not_poll_normalized,low,search_vocabulary_only
赫卡提亚·拉碧斯拉祖利,赫卡提亚·拉碧斯拉祖利,thbwiki_cn_reference_name,赫卡提亚·拉碧斯拉祖利,ヘカーティア・ラピスラズリ,https://thbwiki.cc/赫卡提亚·拉碧斯拉祖利,matched_fun_by_jp_or_cn,high,poll_normalization_and_search
路牌女,卡娜·安娜贝拉尔,thbwiki_community_nickname_candidate,卡娜·安娜贝拉尔,カナ・アナベラル,https://thbwiki.cc/卡娜·安娜贝拉尔,search_only_not_poll_normalized,low,search_vocabulary_only
转转,键山雏,thbwiki_community_nickname_candidate,键山雏,鍵山 雛,https://thbwiki.cc/键山雏,search_only_not_poll_normalized,low,search_vocabulary_only
轮椅战神,摩多罗隐岐奈,thbwiki_community_nickname_candidate,摩多罗隐岐奈,摩多羅 隠岐奈,https://thbwiki.cc/摩多罗隐岐奈,search_only_not_poll_normalized,low,search_vocabulary_only
邪正人鬼,鬼人正邪,thbwiki_community_nickname_candidate,鬼人正邪,鬼人 正邪,https://thbwiki.cc/鬼人正邪,search_only_not_poll_normalized,low,search_vocabulary_only
里香,里香,thbwiki_cn_reference_name,里香,里香,https://thbwiki.cc/里香,matched_fun_by_jp_or_cn,high,poll_normalization_and_search
铃仙·优昙华院·因幡,铃仙·优昙华院·因幡,thbwiki_cn_reference_name,铃仙·优昙华院·因幡,鈴仙・優曇華院・イナバ,https://thbwiki.cc/铃仙·优昙华院·因幡,matched_fun_by_jp_or_cn,high,poll_normalization_and_search
铃仙二号,铃仙二号,thbwiki_community_nickname_candidate,Reisen,レイセン,https://thbwiki.cc/Reisen,search_only_not_poll_normalized,low,search_vocabulary_only
铃瑚,铃瑚,thbwiki_cn_reference_name,铃瑚,鈴瑚,https://thbwiki.cc/铃瑚,matched_fun_by_jp_or_cn,high,poll_normalization_and_search
键山雏,键山雏,thbwiki_cn_reference_name,键山雏,鍵山 雛,https://thbwiki.cc/键山雏,matched_fun_by_jp_or_cn,high,poll_normalization_and_search
键盘手,莉莉卡·普莉兹姆利巴,thbwiki_community_nickname_candidate,莉莉卡·普莉兹姆利巴,リリカ・プリズムリバー,https://thbwiki.cc/莉莉卡·普莉兹姆利巴,search_only_not_poll_normalized,low,search_vocabulary_only
门卫,红美铃,thbwiki_community_nickname_candidate,红美铃,紅 美鈴,https://thbwiki.cc/红美铃,ambiguous_source_characters,low,manual_review_only
门卫,艾丽,thbwiki_community_nickname_candidate,艾丽,エリー,https://thbwiki.cc/艾丽,ambiguous_source_characters,low,manual_review_only
阎萝王,四季映姬·夜摩仙那度,thbwiki_community_nickname_candidate,四季映姬·夜摩仙那度,四季映姫・ヤマザナドゥ,https://thbwiki.cc/四季映姬·夜摩仙那度,search_only_not_poll_normalized,low,search_vocabulary_only
防撞桶,本居小铃,thbwiki_community_nickname_candidate,本居小铃,本居 小鈴,https://thbwiki.cc/本居小铃,search_only_not_poll_normalized,low,search_vocabulary_only
阿典,菅牧典,thbwiki_community_nickname_candidate,菅牧典,菅牧 典,https://thbwiki.cc/菅牧典,search_only_not_poll_normalized,low,search_vocabulary_only
阿卡麟,冴月麟,thbwiki_community_nickname_candidate,冴月麟,冴月 麟,https://thbwiki.cc/冴月麟,search_only_not_poll_normalized,low,search_vocabulary_only
阿燐,火焰猫燐,thbwiki_community_nickname_candidate,火焰猫燐,火焔猫 燐,https://thbwiki.cc/火焰猫燐,search_only_not_poll_normalized,low,search_vocabulary_only
阿空,灵乌路空,thbwiki_community_nickname_candidate,灵乌路空,霊烏路 空,https://thbwiki.cc/灵乌路空,search_only_not_poll_normalized,low,search_vocabulary_only
阿龙,饭纲丸龙,thbwiki_community_nickname_candidate,饭纲丸龙,飯綱丸 龍,https://thbwiki.cc/饭纲丸龙,search_only_not_poll_normalized,low,search_vocabulary_only
雪,雪,thbwiki_cn_reference_name,雪,ユキ,https://thbwiki.cc/雪,matched_fun_by_jp_or_cn,high,poll_normalization_and_search
雾雨魔理沙,雾雨魔理沙,thbwiki_cn_reference_name,雾雨魔理沙,霧雨 魔理沙,https://thbwiki.cc/雾雨魔理沙,matched_fun_by_jp_or_cn,high,poll_normalization_and_search
霍青娥,霍青娥,thbwiki_cn_reference_name,霍青娥,霍 青娥,https://thbwiki.cc/霍青娥,matched_fun_by_jp_or_cn,high,poll_normalization_and_search
露娜切露德,露娜切露德,thbwiki_cn_reference_name,露娜切露德,ルナチャイルド,https://thbwiki.cc/露娜切露德,matched_fun_by_jp_or_cn,high,poll_normalization_and_search
露娜萨·普莉兹姆利巴,露娜萨·普莉兹姆利巴,thbwiki_cn_reference_name,露娜萨·普莉兹姆利巴,ルナサ・プリズムリバー,https://thbwiki.cc/露娜萨·普莉兹姆利巴,matched_fun_by_jp_or_cn,high,poll_normalization_and_search
露易兹,露易兹,thbwiki_cn_reference_name,露易兹,ルイズ,https://thbwiki.cc/露易兹,matched_fun_by_jp_or_cn,high,poll_normalization_and_search
露米娅,露米娅,thbwiki_cn_reference_name,露米娅,ルーミア,https://thbwiki.cc/露米娅,matched_fun_by_jp_or_cn,high,poll_normalization_and_search
青娥娘娘,霍青娥,thbwiki_community_nickname_candidate,霍青娥,霍 青娥,https://thbwiki.cc/霍青娥,search_only_not_poll_normalized,low,search_vocabulary_only
青蛙子,洩矢诹访子,thbwiki_community_nickname_candidate,洩矢诹访子,洩矢 諏訪子,https://thbwiki.cc/洩矢诹访子,search_only_not_poll_normalized,low,search_vocabulary_only
风见幽香,风见幽香,thbwiki_cn_reference_name,风见幽香,風見 幽香,https://thbwiki.cc/风见幽香,matched_fun_by_jp_or_cn,high,poll_normalization_and_search
饕餮尤魔,饕餮尤魔,thbwiki_cn_reference_name,饕餮尤魔,饕餮 尤魔,https://thbwiki.cc/饕餮尤魔,matched_fun_by_jp_or_cn,high,poll_normalization_and_search
饭纲丸龙,饭纲丸龙,thbwiki_cn_reference_name,饭纲丸龙,飯綱丸 龍,https://thbwiki.cc/饭纲丸龙,matched_fun_by_jp_or_cn,high,poll_normalization_and_search
香草,帕秋莉·诺蕾姬,thbwiki_community_nickname_candidate,帕秋莉·诺蕾姬,パチュリー・ノーレッジ,https://thbwiki.cc/帕秋莉·诺蕾姬,search_only_not_poll_normalized,low,search_vocabulary_only
香霖,森近霖之助,thbwiki_community_nickname_candidate,森近霖之助,森近 霖之助,https://thbwiki.cc/森近霖之助,search_only_not_poll_normalized,low,search_vocabulary_only
驹草大夫,驹草山如,thbwiki_community_nickname_candidate,驹草山如,駒草 山如,https://thbwiki.cc/驹草山如,search_only_not_poll_normalized,low,search_vocabulary_only
驹草山如,驹草山如,thbwiki_cn_reference_name,驹草山如,駒草 山如,https://thbwiki.cc/驹草山如,matched_fun_by_jp_or_cn,high,poll_normalization_and_search
骊驹早鬼,骊驹早鬼,thbwiki_cn_reference_name,骊驹早鬼,驪駒 早鬼,https://thbwiki.cc/骊驹早鬼,matched_fun_by_jp_or_cn,high,poll_normalization_and_search
骚灵三妹,莉莉卡·普莉兹姆利巴,thbwiki_community_nickname_candidate,莉莉卡·普莉兹姆利巴,リリカ・プリズムリバー,https://thbwiki.cc/莉莉卡·普莉兹姆利巴,search_only_not_poll_normalized,low,search_vocabulary_only
骚灵三姐妹,梅露兰·普莉兹姆利巴,thbwiki_community_nickname_candidate,梅露兰·普莉兹姆利巴,メルラン・プリズムリバー,https://thbwiki.cc/梅露兰·普莉兹姆利巴,ambiguous_source_characters,low,manual_review_only
骚灵三姐妹,莉莉卡·普莉兹姆利巴,thbwiki_community_nickname_candidate,莉莉卡·普莉兹姆利巴,リリカ・プリズムリバー,https://thbwiki.cc/莉莉卡·普莉兹姆利巴,ambiguous_source_characters,low,manual_review_only
骚灵三姐妹,露娜萨·普莉兹姆利巴,thbwiki_community_nickname_candidate,露娜萨·普莉兹姆利巴,ルナサ・プリズムリバー,https://thbwiki.cc/露娜萨·普莉兹姆利巴,ambiguous_source_characters,low,manual_review_only
骚灵二姐,梅露兰·普莉兹姆利巴,thbwiki_community_nickname_candidate,梅露兰·普莉兹姆利巴,メルラン・プリズムリバー,https://thbwiki.cc/梅露兰·普莉兹姆利巴,search_only_not_poll_normalized,low,search_vocabulary_only
骚灵大姐,露娜萨·普莉兹姆利巴,thbwiki_community_nickname_candidate,露娜萨·普莉兹姆利巴,ルナサ・プリズムリバー,https://thbwiki.cc/露娜萨·普莉兹姆利巴,search_only_not_poll_normalized,low,search_vocabulary_only
高丽野阿吽,高丽野阿吽,thbwiki_cn_reference_name,高丽野阿吽,高麗野 あうん,https://thbwiki.cc/高丽野阿吽,matched_fun_by_jp_or_cn,high,poll_normalization_and_search
高达,灵乌路空,thbwiki_community_nickname_candidate,灵乌路空,霊烏路 空,https://thbwiki.cc/灵乌路空,search_only_not_poll_normalized,low,search_vocabulary_only
鬼人正邪,鬼人正邪,thbwiki_cn_reference_name,鬼人正邪,鬼人 正邪,https://thbwiki.cc/鬼人正邪,matched_fun_by_jp_or_cn,high,poll_normalization_and_search
魂魄妖忌,魂魄妖忌,thbwiki_cn_reference_name,魂魄妖忌,魂魄 妖忌,https://thbwiki.cc/魂魄妖忌,matched_fun_by_jp_or_cn,high,poll_normalization_and_search
魂魄妖梦,魂魄妖梦,thbwiki_cn_reference_name,魂魄妖梦,魂魄 妖夢,https://thbwiki.cc/魂魄妖梦,matched_fun_by_jp_or_cn,high,poll_normalization_and_search
魅魔,魅魔,thbwiki_cn_reference_name,魅魔,魅魔,https://thbwiki.cc/魅魔,matched_fun_by_jp_or_cn,high,poll_normalization_and_search
魔梨沙,雾雨魔理沙,thbwiki_community_nickname_candidate,雾雨魔理沙,霧雨 魔理沙,https://thbwiki.cc/雾雨魔理沙（旧作角色）,search_only_not_poll_normalized,low,search_vocabulary_only
魔界女仆,梦子,thbwiki_community_nickname_candidate,梦子,夢子,https://thbwiki.cc/梦子,search_only_not_poll_normalized,low,search_vocabulary_only
鲸鱼妹,奥野田美宵,thbwiki_community_nickname_candidate,奥野田美宵,奥野田 美宵,https://thbwiki.cc/奥野田美宵,search_only_not_poll_normalized,low,search_vocabulary_only
鸡妹,庭渡久侘歌,thbwiki_community_nickname_candidate,庭渡久侘歌,庭渡 久侘歌,https://thbwiki.cc/庭渡久侘歌,search_only_not_poll_normalized,low,search_vocabulary_only
黑之魔法使,雪,thbwiki_community_nickname_candidate,雪,ユキ,https://thbwiki.cc/雪,search_only_not_poll_normalized,low,search_vocabulary_only
黑猫,橙,thbwiki_community_nickname_candidate,橙,橙,https://thbwiki.cc/橙,search_only_not_poll_normalized,low,search_vocabulary_only
黑白,雾雨魔理沙,thbwiki_community_nickname_candidate,雾雨魔理沙,霧雨 魔理沙,https://thbwiki.cc/雾雨魔理沙,search_only_not_poll_normalized,low,search_vocabulary_only
黑白老鼠,雾雨魔理沙,thbwiki_community_nickname_candidate,雾雨魔理沙,霧雨 魔理沙,https://thbwiki.cc/雾雨魔理沙,search_only_not_poll_normalized,low,search_vocabulary_only
黑皮⑨,琪露诺,thbwiki_community_nickname_candidate,琪露诺,チルノ,https://thbwiki.cc/琪露诺,search_only_not_poll_normalized,low,search_vocabulary_only
黑谷山女,黑谷山女,thbwiki_cn_reference_name,黑谷山女,黒谷 ヤマメ,https://thbwiki.cc/黑谷山女,matched_fun_by_jp_or_cn,high,poll_normalization_and_search
鼓哥,堀川雷鼓,thbwiki_community_nickname_candidate,堀川雷鼓,堀川 雷鼓,https://thbwiki.cc/堀川雷鼓,search_only_not_poll_normalized,low,search_vocabulary_only
龙宫使者,永江衣玖,thbwiki_community_nickname_candidate,永江衣玖,永江 衣玖,https://thbwiki.cc/永江衣玖,search_only_not_poll_normalized,low,search_vocabulary_only
龙龙,饭纲丸龙,thbwiki_community_nickname_candidate,饭纲丸龙,飯綱丸 龍,https://thbwiki.cc/饭纲丸龙,search_only_not_poll_normalized,low,search_vocabulary_only
