"sample_id","source_url","thread_title","related_round","total_reply_count","floor","sample_type","parent_floor","author","posted_date","character_cn_raw","raw_text","capture_scope","metric_note","observed_at"
"tieba_5517613326_f2_main","https://tieba.baidu.com/p/5517613326","第14回东方人气投票 第二日 推特晒票统计结果：","14","177","2","main_reply","","心操人使","2018-01-16","","心疼女苑","pc_web_pagination_virtual_scroll","177为帖子显示总回复数；本表记录网页可见文本，禁止与票数、推特晒票统计或其他互动量相加。","2026-08-24"
"tieba_5517613326_f3_main","https://tieba.baidu.com/p/5517613326","第14回东方人气投票 第二日 推特晒票统计结果：","14","177","3","main_reply","","雷神青年","2018-01-16","","文文超过八云紫了 这是好事","pc_web_pagination_virtual_scroll","177为帖子显示总回复数；本表记录网页可见文本，禁止与票数、推特晒票统计或其他互动量相加。","2026-08-24"
"tieba_5517613326_f4_main","https://tieba.baidu.com/p/5517613326","第14回东方人气投票 第二日 推特晒票统计结果：","14","177","4","main_reply","","亚利艾尔FG","2018-01-16","","秋之下颚脱臼","pc_web_pagination_virtual_scroll","177为帖子显示总回复数；本表记录网页可见文本，禁止与票数、推特晒票统计或其他互动量相加。","2026-08-24"
"tieba_5517613326_f4_reply1","https://tieba.baidu.com/p/5517613326","第14回东方人气投票 第二日 推特晒票统计结果：","14","177","","nested_reply","4","圣剑士77500","2018-01-20","","233333形象生动","pc_web_pagination_virtual_scroll","177为帖子显示总回复数；本表记录网页可见文本，禁止与票数、推特晒票统计或其他互动量相加。","2026-08-24"
"tieba_5517613326_f5_main","https://tieba.baidu.com/p/5517613326","第14回东方人气投票 第二日 推特晒票统计结果：","14","177","5","main_reply","","不认识的人🙏","2018-01-16","","紫苑上了火箭","pc_web_pagination_virtual_scroll","177为帖子显示总回复数；本表记录网页可见文本，禁止与票数、推特晒票统计或其他互动量相加。","2026-08-24"
"tieba_5517613326_f6_main","https://tieba.baidu.com/p/5517613326","第14回东方人气投票 第二日 推特晒票统计结果：","14","177","6","main_reply","","待宵月之色▫","2018-01-16","","脸好看真的能为所欲为","pc_web_pagination_virtual_scroll","177为帖子显示总回复数；本表记录网页可见文本，禁止与票数、推特晒票统计或其他互动量相加。","2026-08-24"
"tieba_5517613326_f7_main","https://tieba.baidu.com/p/5517613326","第14回东方人气投票 第二日 推特晒票统计结果：","14","177","7","main_reply","","进击的小人族✨","2018-01-16","","鬼人正邪:23 少名针妙丸:64 同辉针城的今泉影狼:48 ………………………………………………………… 我还有什么好说的………… (抱起小碗回辉针城吧……伤心.jpg)","pc_web_pagination_virtual_scroll","177为帖子显示总回复数；本表记录网页可见文本，禁止与票数、推特晒票统计或其他互动量相加。","2026-08-24"
"tieba_5517613326_f7_reply1","https://tieba.baidu.com/p/5517613326","第14回东方人气投票 第二日 推特晒票统计结果：","14","177","","nested_reply","7","进击的小人族✨","2018-01-16","","赤蛮奇都61……(眼绿了)","pc_web_pagination_virtual_scroll","177为帖子显示总回复数；本表记录网页可见文本，禁止与票数、推特晒票统计或其他互动量相加。","2026-08-24"
"tieba_5517613326_f17_main","https://tieba.baidu.com/p/5517613326","第14回东方人气投票 第二日 推特晒票统计结果：","14","177","17","main_reply","","星海✨大天使🌟","2018-01-16","","隐歧奈的位置有点微笑","pc_web_pagination_virtual_scroll","177为帖子显示总回复数；本表记录网页可见文本，禁止与票数、推特晒票统计或其他互动量相加。","2026-08-24"
"tieba_5517613326_f17_reply1","https://tieba.baidu.com/p/5517613326","第14回东方人气投票 第二日 推特晒票统计结果：","14","177","","nested_reply","17","星海✨大天使🌟","2018-01-16","","微妙","pc_web_pagination_virtual_scroll","177为帖子显示总回复数；本表记录网页可见文本，禁止与票数、推特晒票统计或其他互动量相加。","2026-08-24"
"tieba_5517613326_f17_reply2","https://tieba.baidu.com/p/5517613326","第14回东方人气投票 第二日 推特晒票统计结果：","14","177","","nested_reply","17","Zokrok","2018-01-16","","“明明是我先来的”","pc_web_pagination_virtual_scroll","177为帖子显示总回复数；本表记录网页可见文本，禁止与票数、推特晒票统计或其他互动量相加。","2026-08-24"
"tieba_5517613326_f17_reply3","https://tieba.baidu.com/p/5517613326","第14回东方人气投票 第二日 推特晒票统计结果：","14","177","","nested_reply","17","心动老王","2018-01-16","","毕竟bba","pc_web_pagination_virtual_scroll","177为帖子显示总回复数；本表记录网页可见文本，禁止与票数、推特晒票统计或其他互动量相加。","2026-08-24"
"tieba_5517613326_f17_reply4","https://tieba.baidu.com/p/5517613326","第14回东方人气投票 第二日 推特晒票统计结果：","14","177","","nested_reply","17","Y0🌞5729","2018-01-16","","强势插入","pc_web_pagination_virtual_scroll","177为帖子显示总回复数；本表记录网页可见文本，禁止与票数、推特晒票统计或其他互动量相加。","2026-08-24"
"tieba_5517613326_f18_main","https://tieba.baidu.com/p/5517613326","第14回东方人气投票 第二日 推特晒票统计结果：","14","177","18","main_reply","","Zokrok","2018-01-16","","刚刚我还在想神妈这次怎么又不见了，原来是截图少了一段嘛","pc_web_pagination_virtual_scroll","177为帖子显示总回复数；本表记录网页可见文本，禁止与票数、推特晒票统计或其他互动量相加。","2026-08-24"
"tieba_5517613326_f21_main","https://tieba.baidu.com/p/5517613326","第14回东方人气投票 第二日 推特晒票统计结果：","14","177","21","main_reply","","心动老王","2018-01-16","","紫苑厉害飞起了","pc_web_pagination_virtual_scroll","177为帖子显示总回复数；本表记录网页可见文本，禁止与票数、推特晒票统计或其他互动量相加。","2026-08-24"
"tieba_5517613326_f22_main","https://tieba.baidu.com/p/5517613326","第14回东方人气投票 第二日 推特晒票统计结果：","14","177","22","main_reply","","妪之色乃紫色🌂","2018-01-16","","神奈子呢再怎么说也是6面boss啊","pc_web_pagination_virtual_scroll","177为帖子显示总回复数；本表记录网页可见文本，禁止与票数、推特晒票统计或其他互动量相加。","2026-08-24"
"tieba_5517613326_f24_main","https://tieba.baidu.com/p/5517613326","第14回东方人气投票 第二日 推特晒票统计结果：","14","177","24","main_reply","","妪之色乃紫色🌂","2018-01-16","","四季大人正在向26名靠近……","pc_web_pagination_virtual_scroll","177为帖子显示总回复数；本表记录网页可见文本，禁止与票数、推特晒票统计或其他互动量相加。","2026-08-24"
"tieba_5517613326_f24_reply1","https://tieba.baidu.com/p/5517613326","第14回东方人气投票 第二日 推特晒票统计结果：","14","177","","nested_reply","24","彼岸的四季映姬","2018-01-26","","我永远喜欢四季映姬","pc_web_pagination_virtual_scroll","177为帖子显示总回复数；本表记录网页可见文本，禁止与票数、推特晒票统计或其他互动量相加。","2026-08-24"
"tieba_5517613326_f24_reply2","https://tieba.baidu.com/p/5517613326","第14回东方人气投票 第二日 推特晒票统计结果：","14","177","","nested_reply","24","妪之色乃紫色🌂","2018-01-26","","回复 彼岸的四季映姬 :四季映姬永远不喜欢你","pc_web_pagination_virtual_scroll","177为帖子显示总回复数；本表记录网页可见文本，禁止与票数、推特晒票统计或其他互动量相加。","2026-08-24"
"tieba_5517613326_f24_reply3","https://tieba.baidu.com/p/5517613326","第14回东方人气投票 第二日 推特晒票统计结果：","14","177","","nested_reply","24","彼岸的四季映姬","2018-01-26","","回复 忘掉过去bye :四季大人罚你去打屁股，还不快去","pc_web_pagination_virtual_scroll","177为帖子显示总回复数；本表记录网页可见文本，禁止与票数、推特晒票统计或其他互动量相加。","2026-08-24"
"tieba_5517613326_f24_reply4","https://tieba.baidu.com/p/5517613326","第14回东方人气投票 第二日 推特晒票统计结果：","14","177","","nested_reply","24","妪之色乃紫色🌂","2018-01-26","","回复 彼岸的四季映姬 :我不去我永远喜欢那谁.jpg","pc_web_pagination_virtual_scroll","177为帖子显示总回复数；本表记录网页可见文本，禁止与票数、推特晒票统计或其他互动量相加。","2026-08-24"
"tieba_5517613326_f34_main","https://tieba.baidu.com/p/5517613326","第14回东方人气投票 第二日 推特晒票统计结果：","14","177","34","main_reply","","路灯子💫","2018-01-16","","天空璋你可是新作耶，怕不是连神灵庙都比不过","pc_web_pagination_virtual_scroll","177为帖子显示总回复数；本表记录网页可见文本，禁止与票数、推特晒票统计或其他互动量相加。","2026-08-24"
"tieba_5517613326_f34_reply1","https://tieba.baidu.com/p/5517613326","第14回东方人气投票 第二日 推特晒票统计结果：","14","177","","nested_reply","34","夢色之郷","2018-01-16","","要是在tkz发售几周之后就搞投票成美想必也会像紫苑这样。","pc_web_pagination_virtual_scroll","177为帖子显示总回复数；本表记录网页可见文本，禁止与票数、推特晒票统计或其他互动量相加。","2026-08-24"
"tieba_5517613326_f34_reply2","https://tieba.baidu.com/p/5517613326","第14回东方人气投票 第二日 推特晒票统计结果：","14","177","","nested_reply","34","西瓜子IKLS","2018-01-16","","回复 夢色之郷 :...不曉得這算不算是一個好現象","pc_web_pagination_virtual_scroll","177为帖子显示总回复数；本表记录网页可见文本，禁止与票数、推特晒票统计或其他互动量相加。","2026-08-24"
"tieba_5517613326_f35_main","https://tieba.baidu.com/p/5517613326","第14回东方人气投票 第二日 推特晒票统计结果：","14","177","35","main_reply","","万剑——风之伤","2018-01-16","","鵺酱保持住","pc_web_pagination_virtual_scroll","177为帖子显示总回复数；本表记录网页可见文本，禁止与票数、推特晒票统计或其他互动量相加。","2026-08-24"
"tieba_5517613326_f36_main","https://tieba.baidu.com/p/5517613326","第14回东方人气投票 第二日 推特晒票统计结果：","14","177","36","main_reply","","破乏的穷神","2018-01-16","","蕾米大胜利？","pc_web_pagination_virtual_scroll","177为帖子显示总回复数；本表记录网页可见文本，禁止与票数、推特晒票统计或其他互动量相加。","2026-08-24"
"tieba_5517613326_f37_main","https://tieba.baidu.com/p/5517613326","第14回东方人气投票 第二日 推特晒票统计结果：","14","177","37","main_reply","","津岛柚月🌟🌙😈","2018-01-16","","紫苑的人气可真是高呐……心疼一波女苑，这次不再是妹妹人气比姐姐高了 神妈人气也是堪忧呀……","pc_web_pagination_virtual_scroll","177为帖子显示总回复数；本表记录网页可见文本，禁止与票数、推特晒票统计或其他互动量相加。","2026-08-24"
"tieba_5517613326_f37_reply1","https://tieba.baidu.com/p/5517613326","第14回东方人气投票 第二日 推特晒票统计结果：","14","177","","nested_reply","37","辰是那么美","2018-01-16","","这次似乎除了恋恋都是姐姐比妹妹高。。。","pc_web_pagination_virtual_scroll","177为帖子显示总回复数；本表记录网页可见文本，禁止与票数、推特晒票统计或其他互动量相加。","2026-08-24"
"tieba_5517613326_f37_reply2","https://tieba.baidu.com/p/5517613326","第14回东方人气投票 第二日 推特晒票统计结果：","14","177","","nested_reply","37","津岛柚月🌟🌙😈","2018-01-16","","回复 辰是那么美 :至少也没有差距那么大吧","pc_web_pagination_virtual_scroll","177为帖子显示总回复数；本表记录网页可见文本，禁止与票数、推特晒票统计或其他互动量相加。","2026-08-24"
"tieba_5517613326_f38_main","https://tieba.baidu.com/p/5517613326","第14回东方人气投票 第二日 推特晒票统计结果：","14","177","38","main_reply","","无人了知","2018-01-16","","静叶遥遥领先妹妹","pc_web_pagination_virtual_scroll","177为帖子显示总回复数；本表记录网页可见文本，禁止与票数、推特晒票统计或其他互动量相加。","2026-08-24"
"tieba_5517613326_f39_main","https://tieba.baidu.com/p/5517613326","第14回东方人气投票 第二日 推特晒票统计结果：","14","177","39","main_reply","","i秋日之私语","2018-01-16","","恋世一！","pc_web_pagination_virtual_scroll","177为帖子显示总回复数；本表记录网页可见文本，禁止与票数、推特晒票统计或其他互动量相加。","2026-08-24"
"tieba_5517613326_f40_main","https://tieba.baidu.com/p/5517613326","第14回东方人气投票 第二日 推特晒票统计结果：","14","177","40","main_reply","","Cansin✨","2018-01-16","","恋恋！正邪酱！啊啊啊 不过希望鵺酱不要再跌了","pc_web_pagination_virtual_scroll","177为帖子显示总回复数；本表记录网页可见文本，禁止与票数、推特晒票统计或其他互动量相加。","2026-08-24"
"tieba_5517613326_f42_main","https://tieba.baidu.com/p/5517613326","第14回东方人气投票 第二日 推特晒票统计结果：","14","177","42","main_reply","","风见幽香","2018-01-16","","希望紫不要滑出10~","pc_web_pagination_virtual_scroll","177为帖子显示总回复数；本表记录网页可见文本，禁止与票数、推特晒票统计或其他互动量相加。","2026-08-24"
"tieba_5517613326_f43_main","https://tieba.baidu.com/p/5517613326","第14回东方人气投票 第二日 推特晒票统计结果：","14","177","43","main_reply","","啊看似有点高","2018-01-16","","今年晒票好像比去年少了好多，还有这个晒票数灵梦9成9还是第一，反而恋恋有可能被妖梦超了","pc_web_pagination_virtual_scroll","177为帖子显示总回复数；本表记录网页可见文本，禁止与票数、推特晒票统计或其他互动量相加。","2026-08-24"
"tieba_5517613326_f50_main","https://tieba.baidu.com/p/5517613326","第14回东方人气投票 第二日 推特晒票统计结果：","14","177","50","main_reply","","退休学园长◆","2018-01-16","","恋恋世界第一！幽香大人加油啊！","pc_web_pagination_virtual_scroll","177为帖子显示总回复数；本表记录网页可见文本，禁止与票数、推特晒票统计或其他互动量相加。","2026-08-24"
"tieba_5517613326_f51_main","https://tieba.baidu.com/p/5517613326","第14回东方人气投票 第二日 推特晒票统计结果：","14","177","51","main_reply","","莱茵选帝侯◎","2018-01-16","","快，易者第几？","pc_web_pagination_virtual_scroll","177为帖子显示总回复数；本表记录网页可见文本，禁止与票数、推特晒票统计或其他互动量相加。","2026-08-24"
"tieba_5517613326_f52_main","https://tieba.baidu.com/p/5517613326","第14回东方人气投票 第二日 推特晒票统计结果：","14","177","52","main_reply","","大侦探猴耳磨丝","2018-01-16","","师匠，神妈...没事我永远喜欢你们","pc_web_pagination_virtual_scroll","177为帖子显示总回复数；本表记录网页可见文本，禁止与票数、推特晒票统计或其他互动量相加。","2026-08-24"
"tieba_5517613326_f53_main","https://tieba.baidu.com/p/5517613326","第14回东方人气投票 第二日 推特晒票统计结果：","14","177","53","main_reply","","羽崎-","2018-01-16","","和天朝相差这么多呢 尤其是慧音的人气 话说若鹭姬就固定在80多了呀","pc_web_pagination_virtual_scroll","177为帖子显示总回复数；本表记录网页可见文本，禁止与票数、推特晒票统计或其他互动量相加。","2026-08-24"
"tieba_5517613326_f54_main","https://tieba.baidu.com/p/5517613326","第14回东方人气投票 第二日 推特晒票统计结果：","14","177","54","main_reply","","sunny天海之蓝","2018-01-16","","蕾蒂啊。。。。QAQ","pc_web_pagination_virtual_scroll","177为帖子显示总回复数；本表记录网页可见文本，禁止与票数、推特晒票统计或其他互动量相加。","2026-08-24"
"tieba_5517613326_f55_main","https://tieba.baidu.com/p/5517613326","第14回东方人气投票 第二日 推特晒票统计结果：","14","177","55","main_reply","","路边的tthie","2018-01-16","","天子这么高好开心","pc_web_pagination_virtual_scroll","177为帖子显示总回复数；本表记录网页可见文本，禁止与票数、推特晒票统计或其他互动量相加。","2026-08-24"
"tieba_5517613326_f55_reply1","https://tieba.baidu.com/p/5517613326","第14回东方人气投票 第二日 推特晒票统计结果：","14","177","","nested_reply","55","路边的tthie","2018-01-16","","紫苑厉害","pc_web_pagination_virtual_scroll","177为帖子显示总回复数；本表记录网页可见文本，禁止与票数、推特晒票统计或其他互动量相加。","2026-08-24"
"tieba_5517613326_f56_main","https://tieba.baidu.com/p/5517613326","第14回东方人气投票 第二日 推特晒票统计结果：","14","177","56","main_reply","","8野1兽0最美丽","2018-01-16","","她一直都在，陪了我们十年，票为什么那么低！","pc_web_pagination_virtual_scroll","177为帖子显示总回复数；本表记录网页可见文本，禁止与票数、推特晒票统计或其他互动量相加。","2026-08-24"
"tieba_5517613326_f57_main","https://tieba.baidu.com/p/5517613326","第14回东方人气投票 第二日 推特晒票统计结果：","14","177","57","main_reply","","lwbpop","2018-01-16","","这仨哈哈哈哈哈哈，又到了宗教相簿的季节","pc_web_pagination_virtual_scroll","177为帖子显示总回复数；本表记录网页可见文本，禁止与票数、推特晒票统计或其他互动量相加。","2026-08-24"
"tieba_5517613326_f58_main","https://tieba.baidu.com/p/5517613326","第14回东方人气投票 第二日 推特晒票统计结果：","14","177","58","main_reply","","Divii_di","2018-01-16","","抱住恋恋继续冲刺","pc_web_pagination_virtual_scroll","177为帖子显示总回复数；本表记录网页可见文本，禁止与票数、推特晒票统计或其他互动量相加。","2026-08-24"
"tieba_5517613326_f67_main","https://tieba.baidu.com/p/5517613326","第14回东方人气投票 第二日 推特晒票统计结果：","14","177","67","main_reply","","又被小猪打哭","2018-01-16","","恋恋世界第一！","pc_web_pagination_virtual_scroll","177为帖子显示总回复数；本表记录网页可见文本，禁止与票数、推特晒票统计或其他互动量相加。","2026-08-24"
"tieba_5517613326_f68_main","https://tieba.baidu.com/p/5517613326","第14回东方人气投票 第二日 推特晒票统计结果：","14","177","68","main_reply","","应用数学","2018-01-16","","那个雾雨的雨字怎么打出来的啊","pc_web_pagination_virtual_scroll","177为帖子显示总回复数；本表记录网页可见文本，禁止与票数、推特晒票统计或其他互动量相加。","2026-08-24"
"tieba_5517613326_f69_main","https://tieba.baidu.com/p/5517613326","第14回东方人气投票 第二日 推特晒票统计结果：","14","177","69","main_reply","","风中的翔","2018-01-16","","TKZ人气果然低","pc_web_pagination_virtual_scroll","177为帖子显示总回复数；本表记录网页可见文本，禁止与票数、推特晒票统计或其他互动量相加。","2026-08-24"
"tieba_5517613326_f69_reply1","https://tieba.baidu.com/p/5517613326","第14回东方人气投票 第二日 推特晒票统计结果：","14","177","","nested_reply","69","Zokrok","2018-01-16","","感觉这次tkz的人气都被pyh吸走了，就像上上届gzz吸走sml的人气一样…什么原理","pc_web_pagination_virtual_scroll","177为帖子显示总回复数；本表记录网页可见文本，禁止与票数、推特晒票统计或其他互动量相加。","2026-08-24"
"tieba_5517613326_f69_reply2","https://tieba.baidu.com/p/5517613326","第14回东方人气投票 第二日 推特晒票统计结果：","14","177","","nested_reply","69","风中的翔","2018-01-16","","回复 黑化的渣渣 :GZZ剧情人设爆点都很高，相比TKZ就很平淡了（包括糟糕的游戏性），SML剧情人设爆点很低（不知道秘封组的人根本get不到），而PYH人设非常符合当前潮流，爆点高。也非常自然了","pc_web_pagination_virtual_scroll","177为帖子显示总回复数；本表记录网页可见文本，禁止与票数、推特晒票统计或其他互动量相加。","2026-08-24"
"tieba_5517613326_f69_reply3","https://tieba.baidu.com/p/5517613326","第14回东方人气投票 第二日 推特晒票统计结果：","14","177","","nested_reply","69","三八七","2018-01-16","","回复 风中的翔 :就算不知道秘封组,都要炸掉大结界了怎么可能剧情爆点低","pc_web_pagination_virtual_scroll","177为帖子显示总回复数；本表记录网页可见文本，禁止与票数、推特晒票统计或其他互动量相加。","2026-08-24"
"tieba_5517613326_f69_reply4","https://tieba.baidu.com/p/5517613326","第14回东方人气投票 第二日 推特晒票统计结果：","14","177","","nested_reply","69","风中的翔","2018-01-16","","回复 三八七 : XQL里还要人类绝望化呢，大家都知道最后肯定是HAPPYENDING，对于什么威胁之类的没多少人在意，就好像PYH现在也没多少在意凭依异变会有什么威胁之类的，都是“很快又变得温顺了”","pc_web_pagination_virtual_scroll","177为帖子显示总回复数；本表记录网页可见文本，禁止与票数、推特晒票统计或其他互动量相加。","2026-08-24"
"tieba_5517613326_f70_main","https://tieba.baidu.com/p/5517613326","第14回东方人气投票 第二日 推特晒票统计结果：","14","177","70","main_reply","","前辈好別扭","2018-01-16","","小爱啊…… 顺便神摩莲简直了，nana:届不到届不到【【 话说tkz有点迷之惨淡，感觉跟当年的城有一拼【？？ 虽然说这只是个晒票榜😂😂😂","pc_web_pagination_virtual_scroll","177为帖子显示总回复数；本表记录网页可见文本，禁止与票数、推特晒票统计或其他互动量相加。","2026-08-24"
"tieba_5517613326_f71_main","https://tieba.baidu.com/p/5517613326","第14回东方人气投票 第二日 推特晒票统计结果：","14","177","71","main_reply","","宫本美代子","2018-01-16","","世界一位！","pc_web_pagination_virtual_scroll","177为帖子显示总回复数；本表记录网页可见文本，禁止与票数、推特晒票统计或其他互动量相加。","2026-08-24"
"tieba_5517613326_f72_main","https://tieba.baidu.com/p/5517613326","第14回东方人气投票 第二日 推特晒票统计结果：","14","177","72","main_reply","","妳心离我太远_","2018-01-16","","紫苑这。么高人气嘛","pc_web_pagination_virtual_scroll","177为帖子显示总回复数；本表记录网页可见文本，禁止与票数、推特晒票统计或其他互动量相加。","2026-08-24"
"tieba_5517613326_f85_main","https://tieba.baidu.com/p/5517613326","第14回东方人气投票 第二日 推特晒票统计结果：","14","177","85","main_reply","","鵺枫","2018-01-16","","不是，紫苑女苑坐火箭的吧，直接进前50了，以及这次恋恋继续无意识世界第一？","pc_web_pagination_virtual_scroll","177为帖子显示总回复数；本表记录网页可见文本，禁止与票数、推特晒票统计或其他互动量相加。","2026-08-24"
"tieba_5517613326_f86_main","https://tieba.baidu.com/p/5517613326","第14回东方人气投票 第二日 推特晒票统计结果：","14","177","86","main_reply","","铃昙幡🍺","2018-01-16","","铃仙酱要稳住啊","pc_web_pagination_virtual_scroll","177为帖子显示总回复数；本表记录网页可见文本，禁止与票数、推特晒票统计或其他互动量相加。","2026-08-24"
"tieba_5517613326_f88_main","https://tieba.baidu.com/p/5517613326","第14回东方人气投票 第二日 推特晒票统计结果：","14","177","88","main_reply","","银河赞歌","2018-01-16","","弱气真的是可以为所欲为的","pc_web_pagination_virtual_scroll","177为帖子显示总回复数；本表记录网页可见文本，禁止与票数、推特晒票统计或其他互动量相加。","2026-08-24"
"tieba_5517613326_f89_main","https://tieba.baidu.com/p/5517613326","第14回东方人气投票 第二日 推特晒票统计结果：","14","177","89","main_reply","","啦啦啦之神","2018-01-16","","凉了凉了，我喜欢的少（da）女（ma）","pc_web_pagination_virtual_scroll","177为帖子显示总回复数；本表记录网页可见文本，禁止与票数、推特晒票统计或其他互动量相加。","2026-08-24"
"tieba_5517613326_f90_main","https://tieba.baidu.com/p/5517613326","第14回东方人气投票 第二日 推特晒票统计结果：","14","177","90","main_reply","","🔯纯狐🔯","2018-01-16","","我一直以为神妈人气很高的","pc_web_pagination_virtual_scroll","177为帖子显示总回复数；本表记录网页可见文本，禁止与票数、推特晒票统计或其他互动量相加。","2026-08-24"
"tieba_5517613326_f91_main","https://tieba.baidu.com/p/5517613326","第14回东方人气投票 第二日 推特晒票统计结果：","14","177","91","main_reply","","JX102714","2018-01-16","","都说幻想乡的姐姐没威严 这回是姐姐吊打妹妹了 紫苑上天，心疼女苑","pc_web_pagination_virtual_scroll","177为帖子显示总回复数；本表记录网页可见文本，禁止与票数、推特晒票统计或其他互动量相加。","2026-08-24"
"tieba_5517613326_f92_main","https://tieba.baidu.com/p/5517613326","第14回东方人气投票 第二日 推特晒票统计结果：","14","177","92","main_reply","","三途川_绽放","2018-01-16","","可憐的天空璋","pc_web_pagination_virtual_scroll","177为帖子显示总回复数；本表记录网页可见文本，禁止与票数、推特晒票统计或其他互动量相加。","2026-08-24"
"tieba_5517613326_f93_main","https://tieba.baidu.com/p/5517613326","第14回东方人气投票 第二日 推特晒票统计结果：","14","177","93","main_reply","","sky奕者无心","2018-01-16","","恋恋还是第一","pc_web_pagination_virtual_scroll","177为帖子显示总回复数；本表记录网页可见文本，禁止与票数、推特晒票统计或其他互动量相加。","2026-08-24"
"tieba_5517613326_f94_main","https://tieba.baidu.com/p/5517613326","第14回东方人气投票 第二日 推特晒票统计结果：","14","177","94","main_reply","","Angle泪半海","2018-01-16","","辉。。。。辉夜大人","pc_web_pagination_virtual_scroll","177为帖子显示总回复数；本表记录网页可见文本，禁止与票数、推特晒票统计或其他互动量相加。","2026-08-24"
"tieba_5517613326_f95_main","https://tieba.baidu.com/p/5517613326","第14回东方人气投票 第二日 推特晒票统计结果：","14","177","95","main_reply","","闪光的波克比","2018-01-16","","蕾米安定的高人气啊","pc_web_pagination_virtual_scroll","177为帖子显示总回复数；本表记录网页可见文本，禁止与票数、推特晒票统计或其他互动量相加。","2026-08-24"
"tieba_5517613326_f96_main","https://tieba.baidu.com/p/5517613326","第14回东方人气投票 第二日 推特晒票统计结果：","14","177","96","main_reply","","死徒诺耶尔","2018-01-16","","恋世一","pc_web_pagination_virtual_scroll","177为帖子显示总回复数；本表记录网页可见文本，禁止与票数、推特晒票统计或其他互动量相加。","2026-08-24"
"tieba_5517613326_f97_main","https://tieba.baidu.com/p/5517613326","第14回东方人气投票 第二日 推特晒票统计结果：","14","177","97","main_reply","","小纸弹","2018-01-16","","我，恋恋，世界第一，懂？","pc_web_pagination_virtual_scroll","177为帖子显示总回复数；本表记录网页可见文本，禁止与票数、推特晒票统计或其他互动量相加。","2026-08-24"
"tieba_5517613326_f97_reply1","https://tieba.baidu.com/p/5517613326","第14回东方人气投票 第二日 推特晒票统计结果：","14","177","","nested_reply","97","小纸弹","2018-01-16","","还有易者这次看起来还能往上走的样子","pc_web_pagination_virtual_scroll","177为帖子显示总回复数；本表记录网页可见文本，禁止与票数、推特晒票统计或其他互动量相加。","2026-08-24"
"tieba_5517613326_f99_main","https://tieba.baidu.com/p/5517613326","第14回东方人气投票 第二日 推特晒票统计结果：","14","177","99","main_reply","","睡桥帕露西💤","2018-01-16","","稳如帕露西","pc_web_pagination_virtual_scroll","177为帖子显示总回复数；本表记录网页可见文本，禁止与票数、推特晒票统计或其他互动量相加。","2026-08-24"
"tieba_5517613326_f100_main","https://tieba.baidu.com/p/5517613326","第14回东方人气投票 第二日 推特晒票统计结果：","14","177","100","main_reply","","Finect","2018-01-16","","哇.jpg 太太居然被超了","pc_web_pagination_virtual_scroll","177为帖子显示总回复数；本表记录网页可见文本，禁止与票数、推特晒票统计或其他互动量相加。","2026-08-24"
"tieba_5517613326_f102_main","https://tieba.baidu.com/p/5517613326","第14回东方人气投票 第二日 推特晒票统计结果：","14","177","102","main_reply","","takopop","2018-01-16","","阿吽37！太棒了！","pc_web_pagination_virtual_scroll","177为帖子显示总回复数；本表记录网页可见文本，禁止与票数、推特晒票统计或其他互动量相加。","2026-08-24"
"tieba_5517613326_f103_main","https://tieba.baidu.com/p/5517613326","第14回东方人气投票 第二日 推特晒票统计结果：","14","177","103","main_reply","","退吧💯勿扰","2018-01-16","","神奈子或许成为最不人气六面？","pc_web_pagination_virtual_scroll","177为帖子显示总回复数；本表记录网页可见文本，禁止与票数、推特晒票统计或其他互动量相加。","2026-08-24"
"tieba_5517613326_f104_main","https://tieba.baidu.com/p/5517613326","第14回东方人气投票 第二日 推特晒票统计结果：","14","177","104","main_reply","","铝梦想","2018-01-16","","小伞人气好高","pc_web_pagination_virtual_scroll","177为帖子显示总回复数；本表记录网页可见文本，禁止与票数、推特晒票统计或其他互动量相加。","2026-08-24"
"tieba_5517613326_f105_main","https://tieba.baidu.com/p/5517613326","第14回东方人气投票 第二日 推特晒票统计结果：","14","177","105","main_reply","","奥拉姬▫莲","2018-01-16","","来“晒”一波","pc_web_pagination_virtual_scroll","177为帖子显示总回复数；本表记录网页可见文本，禁止与票数、推特晒票统计或其他互动量相加。","2026-08-24"
"tieba_5517613326_f105_reply1","https://tieba.baidu.com/p/5517613326","第14回东方人气投票 第二日 推特晒票统计结果：","14","177","","nested_reply","105","26VYW-","2018-01-17","","不人气专业户","pc_web_pagination_virtual_scroll","177为帖子显示总回复数；本表记录网页可见文本，禁止与票数、推特晒票统计或其他互动量相加。","2026-08-24"
"tieba_5517613326_f105_reply2","https://tieba.baidu.com/p/5517613326","第14回东方人气投票 第二日 推特晒票统计结果：","14","177","","nested_reply","105","奥拉姬▫莲","2018-01-17","","回复 未定义º :其实我想给教授投票来着，后来想想就给了神妈","pc_web_pagination_virtual_scroll","177为帖子显示总回复数；本表记录网页可见文本，禁止与票数、推特晒票统计或其他互动量相加。","2026-08-24"
"tieba_5517613326_f105_reply3","https://tieba.baidu.com/p/5517613326","第14回东方人气投票 第二日 推特晒票统计结果：","14","177","","nested_reply","105","悲伤的魔乙己","2018-01-20","","那个蓝头发的bba真可怜","pc_web_pagination_virtual_scroll","177为帖子显示总回复数；本表记录网页可见文本，禁止与票数、推特晒票统计或其他互动量相加。","2026-08-24"
"tieba_5517613326_f105_reply4","https://tieba.baidu.com/p/5517613326","第14回东方人气投票 第二日 推特晒票统计结果：","14","177","","nested_reply","105","奥拉姬▫莲","2018-01-20","","回复 悲伤的魔乙己 :","pc_web_pagination_virtual_scroll","177为帖子显示总回复数；本表记录网页可见文本，禁止与票数、推特晒票统计或其他互动量相加。","2026-08-24"
"tieba_5517613326_f116_main","https://tieba.baidu.com/p/5517613326","第14回东方人气投票 第二日 推特晒票统计结果：","14","177","116","main_reply","","路西菲尔丶666","2018-01-17","","世界第一！","pc_web_pagination_virtual_scroll","177为帖子显示总回复数；本表记录网页可见文本，禁止与票数、推特晒票统计或其他互动量相加。","2026-08-24"
"tieba_5517613326_f117_main","https://tieba.baidu.com/p/5517613326","第14回东方人气投票 第二日 推特晒票统计结果：","14","177","117","main_reply","","fjdtbhjctxt","2018-01-17","","神奈子意料之中的不人气，你们难道忘了听着古战场打....扭麻将的快感了吗","pc_web_pagination_virtual_scroll","177为帖子显示总回复数；本表记录网页可见文本，禁止与票数、推特晒票统计或其他互动量相加。","2026-08-24"
"tieba_5517613326_f118_main","https://tieba.baidu.com/p/5517613326","第14回东方人气投票 第二日 推特晒票统计结果：","14","177","118","main_reply","","雾雨散花🐴","2018-01-17","","妖梦可以","pc_web_pagination_virtual_scroll","177为帖子显示总回复数；本表记录网页可见文本，禁止与票数、推特晒票统计或其他互动量相加。","2026-08-24"
"tieba_5517613326_f119_main","https://tieba.baidu.com/p/5517613326","第14回东方人气投票 第二日 推特晒票统计结果：","14","177","119","main_reply","","麦晓慕","2018-01-17","","凭依华大胜利","pc_web_pagination_virtual_scroll","177为帖子显示总回复数；本表记录网页可见文本，禁止与票数、推特晒票统计或其他互动量相加。","2026-08-24"
"tieba_5517613326_f120_main","https://tieba.baidu.com/p/5517613326","第14回东方人气投票 第二日 推特晒票统计结果：","14","177","120","main_reply","","迷恋以成伤why","2018-01-17","","小石：おれわ，世界一位です！","pc_web_pagination_virtual_scroll","177为帖子显示总回复数；本表记录网页可见文本，禁止与票数、推特晒票统计或其他互动量相加。","2026-08-24"
"tieba_5517613326_f122_main","https://tieba.baidu.com/p/5517613326","第14回东方人气投票 第二日 推特晒票统计结果：","14","177","122","main_reply","","初灬音未来消失","2018-01-17","","朱元璋众不太妙啊，果然过气的快嘛…心疼成美","pc_web_pagination_virtual_scroll","177为帖子显示总回复数；本表记录网页可见文本，禁止与票数、推特晒票统计或其他互动量相加。","2026-08-24"
"tieba_5517613326_f123_main","https://tieba.baidu.com/p/5517613326","第14回东方人气投票 第二日 推特晒票统计结果：","14","177","123","main_reply","","朱耶式","2018-01-17","","易者无双","pc_web_pagination_virtual_scroll","177为帖子显示总回复数；本表记录网页可见文本，禁止与票数、推特晒票统计或其他互动量相加。","2026-08-24"
"tieba_5517613326_f124_main","https://tieba.baidu.com/p/5517613326","第14回东方人气投票 第二日 推特晒票统计结果：","14","177","124","main_reply","","天骄叶凡","2018-01-17","","女苑与紫苑的差距。紫苑这是坐火箭了吧。文文倒是给力。 灵梦不方，还在射程范围内，⑨酱，小碗，uuz好低。成美那么萌，天空璋大暴死。 还有隐岐奈，神子，莲妈这三人我该如何吐槽，宗教战争，报团取暖，还是比谁更惨 神妈惨","pc_web_pagination_virtual_scroll","177为帖子显示总回复数；本表记录网页可见文本，禁止与票数、推特晒票统计或其他互动量相加。","2026-08-24"
"tieba_5517613326_f125_main","https://tieba.baidu.com/p/5517613326","第14回东方人气投票 第二日 推特晒票统计结果：","14","177","125","main_reply","","IMRedDog","2018-01-17","","秘封组的另一个怎么不见了","pc_web_pagination_virtual_scroll","177为帖子显示总回复数；本表记录网页可见文本，禁止与票数、推特晒票统计或其他互动量相加。","2026-08-24"
"tieba_5517613326_f126_main","https://tieba.baidu.com/p/5517613326","第14回东方人气投票 第二日 推特晒票统计结果：","14","177","126","main_reply","","卡特琳那🌙","2018-01-17","","有木有大佬分析一波晒票规律","pc_web_pagination_virtual_scroll","177为帖子显示总回复数；本表记录网页可见文本，禁止与票数、推特晒票统计或其他互动量相加。","2026-08-24"
"tieba_5517613326_f126_reply1","https://tieba.baidu.com/p/5517613326","第14回东方人气投票 第二日 推特晒票统计结果：","14","177","","nested_reply","126","Sukeyfour","2018-01-18","","我只知道恋恋晒票率很高（）","pc_web_pagination_virtual_scroll","177为帖子显示总回复数；本表记录网页可见文本，禁止与票数、推特晒票统计或其他互动量相加。","2026-08-24"
"tieba_5517613326_f127_main","https://tieba.baidu.com/p/5517613326","第14回东方人气投票 第二日 推特晒票统计结果：","14","177","127","main_reply","","Mikosama301","2018-01-17","","……神子大人怎么跌下40了啊","pc_web_pagination_virtual_scroll","177为帖子显示总回复数；本表记录网页可见文本，禁止与票数、推特晒票统计或其他互动量相加。","2026-08-24"
"tieba_5517613326_f132_main","https://tieba.baidu.com/p/5517613326","第14回东方人气投票 第二日 推特晒票统计结果：","14","177","132","main_reply","","soexa","2018-01-18","","二妹快滑到t2级别了","pc_web_pagination_virtual_scroll","177为帖子显示总回复数；本表记录网页可见文本，禁止与票数、推特晒票统计或其他互动量相加。","2026-08-24"
"tieba_5517613326_f133_main","https://tieba.baidu.com/p/5517613326","第14回东方人气投票 第二日 推特晒票统计结果：","14","177","133","main_reply","","小兎姬🌸","2018-01-18","","本体倒数第二……吓得我抱住了下面的小桶","pc_web_pagination_virtual_scroll","177为帖子显示总回复数；本表记录网页可见文本，禁止与票数、推特晒票统计或其他互动量相加。","2026-08-24"
"tieba_5517613326_f134_main","https://tieba.baidu.com/p/5517613326","第14回东方人气投票 第二日 推特晒票统计结果：","14","177","134","main_reply","","科尔特斯offcal","2018-01-20","","在哪投票。。b站论坛死没找到","pc_web_pagination_virtual_scroll","177为帖子显示总回复数；本表记录网页可见文本，禁止与票数、推特晒票统计或其他互动量相加。","2026-08-24"
"tieba_5517613326_f135_main","https://tieba.baidu.com/p/5517613326","第14回东方人气投票 第二日 推特晒票统计结果：","14","177","135","main_reply","","油菜🍔","2018-01-20","","恋恋世界地一！","pc_web_pagination_virtual_scroll","177为帖子显示总回复数；本表记录网页可见文本，禁止与票数、推特晒票统计或其他互动量相加。","2026-08-24"
"tieba_5517613326_f136_main","https://tieba.baidu.com/p/5517613326","第14回东方人气投票 第二日 推特晒票统计结果：","14","177","136","main_reply","","蓬莱山💞辉夜","2018-01-20","","辉夜掉了这么多","pc_web_pagination_virtual_scroll","177为帖子显示总回复数；本表记录网页可见文本，禁止与票数、推特晒票统计或其他互动量相加。","2026-08-24"
"tieba_5517613326_f137_main","https://tieba.baidu.com/p/5517613326","第14回东方人气投票 第二日 推特晒票统计结果：","14","177","137","main_reply","","✨星月枫桦🌙","2018-01-20","","好像没有设定文档人物，是我孤陋寡闻吗","pc_web_pagination_virtual_scroll","177为帖子显示总回复数；本表记录网页可见文本，禁止与票数、推特晒票统计或其他互动量相加。","2026-08-24"
"tieba_5517613326_f138_main","https://tieba.baidu.com/p/5517613326","第14回东方人气投票 第二日 推特晒票统计结果：","14","177","138","main_reply","","悲伤的魔乙己","2018-01-20","","噫！好！恋恋稳了！（稳个鬼啊）","pc_web_pagination_virtual_scroll","177为帖子显示总回复数；本表记录网页可见文本，禁止与票数、推特晒票统计或其他互动量相加。","2026-08-24"
"tieba_5517613326_f139_main","https://tieba.baidu.com/p/5517613326","第14回东方人气投票 第二日 推特晒票统计结果：","14","177","139","main_reply","","救赎先辈◎","2018-07-28","","村长挺惨的","pc_web_pagination_virtual_scroll","177为帖子显示总回复数；本表记录网页可见文本，禁止与票数、推特晒票统计或其他互动量相加。","2026-08-24"
"tieba_5517613326_f141_main","https://tieba.baidu.com/p/5517613326","第14回东方人气投票 第二日 推特晒票统计结果：","14","177","141","main_reply","","贴吧用户_0KtyCJS","2018-07-28","","山田二十。。。。九","pc_web_pagination_virtual_scroll","177为帖子显示总回复数；本表记录网页可见文本，禁止与票数、推特晒票统计或其他互动量相加。","2026-08-24"
"tieba_5517613326_f144_main","https://tieba.baidu.com/p/5517613326","第14回东方人气投票 第二日 推特晒票统计结果：","14","177","144","main_reply","","一般路过桃子º","2019-08-05","","噫！好！又升了！(✪▽✪)","pc_web_pagination_virtual_scroll","177为帖子显示总回复数；本表记录网页可见文本，禁止与票数、推特晒票统计或其他互动量相加。","2026-08-24"
