round,group,question_index,question_id,question,multi,option_index,option,all_count,male_count,female_count,sum_count,all_percent,male_percent,female_percent,total_all,total_male,total_female,total_diff
5,1,0,3,您正式接触东方Project多久,0,0,不到一个月,77,57,20,77,0.96,0.87,1.34,8038,6541,1494,3
5,1,0,3,您正式接触东方Project多久,0,1,半年以内,439,359,80,439,5.46,5.49,5.35,8038,6541,1494,3
5,1,0,3,您正式接触东方Project多久,0,2,半年到一年（2015年下半年或之后）,1370,1106,263,1369,17.04,16.91,17.6,8038,6541,1494,3
5,1,0,3,您正式接触东方Project多久,0,3,一年到三年（2013年或之后）,3359,2799,559,3358,41.79,42.79,37.42,8038,6541,1494,3
5,1,0,3,您正式接触东方Project多久,0,4,三年到五年（2011年或之后）,1816,1446,370,1816,22.59,22.11,24.77,8038,6541,1494,3
5,1,0,3,您正式接触东方Project多久,0,5,五年到七年（2009年或之后）,765,602,162,764,9.52,9.2,10.84,8038,6541,1494,3
5,1,0,3,您正式接触东方Project多久,0,6,七年到十年（2006年或之后）,185,146,39,185,2.3,2.23,2.61,8038,6541,1494,3
5,1,0,3,您正式接触东方Project多久,0,7,十年以上,27,26,1,27,0.34,0.4,0.07,8038,6541,1494,3
5,1,1,4,您的受教育程度,0,0,小学及以下,39,24,15,39,0.49,0.37,1,8031,6534,1494,3
5,1,1,4,您的受教育程度,0,1,初中,843,502,340,842,10.5,7.68,22.76,8031,6534,1494,3
5,1,1,4,您的受教育程度,0,2,高中,3128,2520,608,3128,38.95,38.57,40.7,8031,6534,1494,3
5,1,1,4,您的受教育程度,0,3,大学及以上,3877,3360,515,3875,48.28,51.42,34.47,8031,6534,1494,3
5,1,1,4,您的受教育程度,0,4,其他,144,128,16,144,1.79,1.96,1.07,8031,6534,1494,3
5,1,2,5,您的工作类型是,0,0,在校学生,6669,5362,1305,6667,83.03,82.05,87.41,8032,6535,1493,4
5,1,2,5,您的工作类型是,0,1,固定工作者,761,663,97,760,9.47,10.15,6.5,8032,6535,1493,4
5,1,2,5,您的工作类型是,0,2,自由职业者,293,248,44,292,3.65,3.79,2.95,8032,6535,1493,4
5,1,2,5,您的工作类型是,0,3,待业/无业/失业,172,152,20,172,2.14,2.33,1.34,8032,6535,1493,4
5,1,2,5,您的工作类型是,0,4,其他,137,110,27,137,1.71,1.68,1.81,8032,6535,1493,4
5,2,0,1,您更喜欢官方游戏中的哪一类,0,0,STG（射击类）,3061,2391,668,3059,38.32,36.79,45.01,7988,6499,1484,5
5,2,0,1,您更喜欢官方游戏中的哪一类,0,1,FTG（格斗类）,1379,1197,180,1377,17.26,18.42,12.13,7988,6499,1484,5
5,2,0,1,您更喜欢官方游戏中的哪一类,0,2,都喜欢,3255,2671,583,3254,40.75,41.1,39.29,7988,6499,1484,5
5,2,0,1,您更喜欢官方游戏中的哪一类,0,3,对官方游戏不感兴趣，也不会去玩,293,240,53,293,3.67,3.69,3.57,7988,6499,1484,5
5,2,1,1,您是否玩过旧五作,0,0,玩过,2494,1933,561,2494,32.44,30.9,39.26,7688,6255,1429,4
5,2,1,1,您是否玩过旧五作,0,1,并未玩过,5122,4259,859,5118,66.62,68.09,60.11,7688,6255,1429,4
5,2,1,1,您是否玩过旧五作,0,2,不知道旧五作是什么,72,63,9,72,0.94,1.01,0.63,7688,6255,1429,4
5,2,2,2,您是否玩过 东方绀珠传,0,0,玩过,5116,4118,994,5112,66.54,65.85,69.51,7689,6254,1430,5
5,2,2,2,您是否玩过 东方绀珠传,0,1,未玩过,2515,2090,424,2514,32.71,33.42,29.65,7689,6254,1430,5
5,2,2,2,您是否玩过 东方绀珠传,0,2,不知道是什么,58,46,12,58,0.75,0.74,0.84,7689,6254,1430,5
5,2,3,3,您是否玩过 东方深秘录,0,0,玩过,4349,3551,794,4345,56.57,56.78,55.56,7688,6254,1429,5
5,2,3,3,您是否玩过 东方深秘录,0,1,未玩过,3258,2639,618,3257,42.38,42.2,43.25,7688,6254,1429,5
5,2,3,3,您是否玩过 东方深秘录,0,2,不知道是什么,81,64,17,81,1.05,1.02,1.19,7688,6254,1429,5
5,2,4,2,您关注哪些此时正在连载的官方连载作品,1,0,东方铃奈庵（月刊）,3962,3150,808,3958,50.1,48.91,55.27,7908,6441,1462,5
5,2,4,2,您关注哪些此时正在连载的官方连载作品,1,1,东方茨歌仙（双月刊）,3806,3068,734,3802,48.13,47.63,50.21,7908,6441,1462,5
5,2,4,2,您关注哪些此时正在连载的官方连载作品,1,2,新东方三月精（季刊）,2901,2421,478,2899,36.68,37.59,32.69,7908,6441,1462,5
5,2,4,2,您关注哪些此时正在连载的官方连载作品,1,3,新东方香霖堂（半年刊）,2282,1876,404,2280,28.86,29.13,27.63,7908,6441,1462,5
5,2,4,2,您关注哪些此时正在连载的官方连载作品,1,4,都不关注,2403,1988,414,2402,30.39,30.86,28.32,7908,6441,1462,5
5,2,5,3,您最喜欢东方原作的哪方面,1,0,游戏本身,4678,3723,953,4676,58.66,57.37,64.35,7975,6489,1481,5
5,2,5,3,您最喜欢东方原作的哪方面,1,1,音乐曲目,7150,5820,1326,7146,89.66,89.69,89.53,7975,6489,1481,5
5,2,5,3,您最喜欢东方原作的哪方面,1,2,人物设定,7208,5817,1387,7204,90.38,89.64,93.65,7975,6489,1481,5
5,2,5,3,您最喜欢东方原作的哪方面,1,3,故事剧情,5598,4464,1131,5595,70.19,68.79,76.37,7975,6489,1481,5
5,2,5,3,您最喜欢东方原作的哪方面,1,4,对原作完全不感兴趣,83,66,16,82,1.04,1.02,1.08,7975,6489,1481,5
5,2,6,4,购买过正版的实体原作吗（官方游戏，官方CD，官方出版物）,0,0,热衷于收集,467,365,102,467,5.85,5.62,6.9,7978,6494,1479,5
5,2,6,4,购买过正版的实体原作吗（官方游戏，官方CD，官方出版物）,0,1,购买过,2101,1700,398,2098,26.33,26.18,26.91,7978,6494,1479,5
5,2,6,4,购买过正版的实体原作吗（官方游戏，官方CD，官方出版物）,0,2,想买但是没有条件,4581,3732,847,4579,57.42,57.47,57.27,7978,6494,1479,5
5,2,6,4,购买过正版的实体原作吗（官方游戏，官方CD，官方出版物）,0,3,没有考虑过,829,697,132,829,10.39,10.73,8.92,7978,6494,1479,5
5,2,7,1,购买实体正版的渠道是,1,0,通过代购,1834,1473,358,1831,71.47,71.37,71.74,2566,2064,499,3
5,2,7,1,购买实体正版的渠道是,1,1,购买二手,419,328,90,418,16.33,15.89,18.04,2566,2064,499,3
5,2,7,1,购买实体正版的渠道是,1,2,委托朋友,607,487,119,606,23.66,23.59,23.85,2566,2064,499,3
5,2,7,1,购买实体正版的渠道是,1,3,实地购买,698,549,149,698,27.2,26.6,29.86,2566,2064,499,3
5,2,8,2,因何原因阻碍了购买,1,0,价格过高,960,767,192,959,20.97,20.57,22.67,4578,3729,847,2
5,2,8,2,因何原因阻碍了购买,1,1,缺少渠道,3158,2605,551,3156,68.98,69.86,65.05,4578,3729,847,2
5,2,8,2,因何原因阻碍了购买,1,2,环境阻碍,1979,1569,410,1979,43.23,42.08,48.41,4578,3729,847,2
5,2,8,2,因何原因阻碍了购买,1,3,不懂日文,2110,1746,364,2110,46.09,46.82,42.98,4578,3729,847,2
5,2,9,1,您的购买力范围是（原作单个作品的购买价，含运费）,0,0,没有自主购买能力,143,100,43,143,14.91,13.04,22.4,959,767,192,0
5,2,9,1,您的购买力范围是（原作单个作品的购买价，含运费）,0,1,总价50RMB以内,151,118,33,151,15.75,15.38,17.19,959,767,192,0
5,2,9,1,您的购买力范围是（原作单个作品的购买价，含运费）,0,2,总价100RMB以内,352,296,56,352,36.7,38.59,29.17,959,767,192,0
5,2,9,1,您的购买力范围是（原作单个作品的购买价，含运费）,0,3,总价150RMB以内,158,124,34,158,16.48,16.17,17.71,959,767,192,0
5,2,9,1,您的购买力范围是（原作单个作品的购买价，含运费）,0,4,总价200RMB以内,109,89,20,109,11.37,11.6,10.42,959,767,192,0
5,2,9,1,您的购买力范围是（原作单个作品的购买价，含运费）,0,5,总价300RMB以内,46,40,6,46,4.8,5.22,3.13,959,767,192,0
5,2,10,2,因为什么原因您没有使用代购作为您的购买渠道,0,0,认为代购加价过高,592,505,87,592,18.77,19.41,15.79,3154,2602,551,1
5,2,10,2,因为什么原因您没有使用代购作为您的购买渠道,0,1,没有或无法使用网银,1334,1039,294,1333,42.3,39.93,53.36,3154,2602,551,1
5,2,10,2,因为什么原因您没有使用代购作为您的购买渠道,0,2,不知道存在这样的代购,1109,970,139,1109,35.16,37.28,25.23,3154,2602,551,1
5,2,10,2,因为什么原因您没有使用代购作为您的购买渠道,0,3,身居海外难以使用以大陆为主的代购,119,88,31,119,3.77,3.38,5.63,3154,2602,551,1
5,2,11,3,环境中存在什么样的购买原作的阻碍,1,0,家人或朋友的反对,812,598,214,812,41.03,38.11,52.2,1979,1569,410,0
5,2,11,3,环境中存在什么样的购买原作的阻碍,1,1,居所没有放置空间,484,393,91,484,24.46,25.05,22.2,1979,1569,410,0
5,2,11,3,环境中存在什么样的购买原作的阻碍,1,2,其他方面的障碍,1271,1032,239,1271,64.22,65.77,58.29,1979,1569,410,0
5,2,12,4,是否购买过盗版的东方官方作品,0,0,已经购买（并且知道它是盗版）,797,646,151,797,9.99,9.95,10.22,7974,6491,1478,5
5,2,12,4,是否购买过盗版的东方官方作品,0,1,已经购买（但不知道那是盗版）,973,757,214,971,12.2,11.66,14.48,7974,6491,1478,5
5,2,12,4,是否购买过盗版的东方官方作品,0,2,没有购买,4363,3633,727,4360,54.72,55.97,49.19,7974,6491,1478,5
5,2,12,4,是否购买过盗版的东方官方作品,0,3,没有购买并且对其感到厌恶,1841,1455,386,1841,23.09,22.42,26.12,7974,6491,1478,5
5,2,13,5,对于正版中文版的官方书籍你能接受什么价位（如若将来存在）,0,0,不会购买,187,141,46,187,2.37,2.19,3.16,7901,6440,1456,5
5,2,13,5,对于正版中文版的官方书籍你能接受什么价位（如若将来存在）,0,1,单本20RMB以内,642,534,107,641,8.13,8.29,7.35,7901,6440,1456,5
5,2,13,5,对于正版中文版的官方书籍你能接受什么价位（如若将来存在）,0,2,单本50RMB以内,3523,2909,612,3521,44.59,45.17,42.03,7901,6440,1456,5
5,2,13,5,对于正版中文版的官方书籍你能接受什么价位（如若将来存在）,0,3,单本100RMB以内,2077,1674,402,2076,26.29,25.99,27.61,7901,6440,1456,5
5,2,13,5,对于正版中文版的官方书籍你能接受什么价位（如若将来存在）,0,4,没有限制,1472,1182,289,1471,18.63,18.35,19.85,7901,6440,1456,5
5,2,14,6,是否会购买最新的官方杂志 东方外来韦编,0,0,已经购买,646,499,146,645,8.11,7.69,9.88,7970,6487,1478,5
5,2,14,6,是否会购买最新的官方杂志 东方外来韦编,0,1,考虑购买,5243,4257,982,5239,65.78,65.62,66.44,7970,6487,1478,5
5,2,14,6,是否会购买最新的官方杂志 东方外来韦编,0,2,不会购买,1215,974,241,1215,15.24,15.01,16.31,7970,6487,1478,5
5,2,14,6,是否会购买最新的官方杂志 东方外来韦编,0,3,不知道是什么,866,757,109,866,10.87,11.67,7.37,7970,6487,1478,5
5,3,0,0,对二次同人是否有兴趣,0,0,非常热衷,4660,3711,947,4658,58.46,57.17,64.12,7971,6491,1477,3
5,3,0,0,对二次同人是否有兴趣,0,1,有些兴趣,3213,2700,512,3212,40.31,41.6,34.66,7971,6491,1477,3
5,3,0,0,对二次同人是否有兴趣,0,2,完全不感兴趣,98,80,18,98,1.23,1.23,1.22,7971,6491,1477,3
5,3,1,1,在二次同人中您最关注,1,0,音乐,6378,5185,1190,6375,81.05,80.91,81.62,7869,6408,1458,3
5,3,1,1,在二次同人中您最关注,1,1,漫画,5180,4094,1083,5177,65.83,63.89,74.28,7869,6408,1458,3
5,3,1,1,在二次同人中您最关注,1,2,游戏,4547,3828,718,4546,57.78,59.74,49.25,7869,6408,1458,3
5,3,1,1,在二次同人中您最关注,1,3,绘画,4391,3321,1068,4389,55.8,51.83,73.25,7869,6408,1458,3
5,3,1,1,在二次同人中您最关注,1,4,视频,4850,3965,884,4849,61.63,61.88,60.63,7869,6408,1458,3
5,3,1,1,在二次同人中您最关注,1,5,小说,2578,2032,546,2578,32.76,31.71,37.45,7869,6408,1458,3
5,3,1,1,在二次同人中您最关注,1,6,实物,2015,1530,483,2013,25.61,23.88,33.13,7869,6408,1458,3
5,3,1,1,在二次同人中您最关注,1,7,其他,964,740,222,962,12.25,11.55,15.23,7869,6408,1458,3
5,3,2,2,购买过二次同人作品吗（非国内作品）,0,0,热衷于购买,677,507,169,676,8.61,7.92,11.62,7860,6402,1455,3
5,3,2,2,购买过二次同人作品吗（非国内作品）,0,1,购买过,2425,1930,493,2423,30.85,30.15,33.88,7860,6402,1455,3
5,3,2,2,购买过二次同人作品吗（非国内作品）,0,2,想买但是没有条件,3221,2628,593,3221,40.98,41.05,40.76,7860,6402,1455,3
5,3,2,2,购买过二次同人作品吗（非国内作品）,0,3,没有考虑过,1537,1337,200,1537,19.55,20.88,13.75,7860,6402,1455,3
5,3,3,1,购买过什么类型的二次创作（非国内作品）,1,0,音乐类,1827,1466,359,1825,58.97,60.18,54.39,3098,2436,660,2
5,3,3,1,购买过什么类型的二次创作（非国内作品）,1,1,漫画类,1607,1182,424,1606,51.87,48.52,64.24,3098,2436,660,2
5,3,3,1,购买过什么类型的二次创作（非国内作品）,1,2,插画类,1239,896,343,1239,39.99,36.78,51.97,3098,2436,660,2
5,3,3,1,购买过什么类型的二次创作（非国内作品）,1,3,小说类,552,424,128,552,17.82,17.41,19.39,3098,2436,660,2
5,3,3,1,购买过什么类型的二次创作（非国内作品）,1,4,视频类,544,459,85,544,17.56,18.84,12.88,3098,2436,660,2
5,3,3,1,购买过什么类型的二次创作（非国内作品）,1,5,软件类,479,401,78,479,15.46,16.46,11.82,3098,2436,660,2
5,3,3,1,购买过什么类型的二次创作（非国内作品）,1,6,实物类,1023,808,215,1023,33.02,33.17,32.58,3098,2436,660,2
5,3,3,1,购买过什么类型的二次创作（非国内作品）,1,7,其他,244,190,54,244,7.88,7.8,8.18,3098,2436,660,2
5,3,4,2,购买二次创作的渠道一般是（非国内作品）,1,0,通过代购,1977,1552,423,1975,63.82,63.74,63.99,3098,2435,661,2
5,3,4,2,购买二次创作的渠道一般是（非国内作品）,1,1,购买二手,506,360,146,506,16.33,14.78,22.09,3098,2435,661,2
5,3,4,2,购买二次创作的渠道一般是（非国内作品）,1,2,委托朋友,756,578,178,756,24.4,23.74,26.93,3098,2435,661,2
5,3,4,2,购买二次创作的渠道一般是（非国内作品）,1,3,实地购买,1078,836,242,1078,34.8,34.33,36.61,3098,2435,661,2
5,3,4,2,购买二次创作的渠道一般是（非国内作品）,1,4,下载贩卖,461,382,79,461,14.88,15.69,11.95,3098,2435,661,2
5,3,5,3,能接受的单个作品购买价（包括运费）上限是（非国内作品）,0,0,总价50RMB以内,213,159,54,213,6.88,6.53,8.19,3096,2434,659,3
5,3,5,3,能接受的单个作品购买价（包括运费）上限是（非国内作品）,0,1,总价100RMB以内,618,472,145,617,19.96,19.39,22,3096,2434,659,3
5,3,5,3,能接受的单个作品购买价（包括运费）上限是（非国内作品）,0,2,总价150RMB以内,546,416,129,545,17.64,17.09,19.58,3096,2434,659,3
5,3,5,3,能接受的单个作品购买价（包括运费）上限是（非国内作品）,0,3,总价200RMB以内,658,541,117,658,21.25,22.23,17.75,3096,2434,659,3
5,3,5,3,能接受的单个作品购买价（包括运费）上限是（非国内作品）,0,4,总价300RMB以内,431,328,103,431,13.92,13.48,15.63,3096,2434,659,3
5,3,5,3,能接受的单个作品购买价（包括运费）上限是（非国内作品）,0,5,总价500RMB以内,348,280,67,347,11.24,11.5,10.17,3096,2434,659,3
5,3,5,3,能接受的单个作品购买价（包括运费）上限是（非国内作品）,0,6,总价500RMB以上,282,238,44,282,9.11,9.78,6.68,3096,2434,659,3
5,3,6,4,因何原因阻碍了购买（非国内作品）,1,0,价格过高,835,683,152,835,25.95,26.01,25.68,3218,2626,592,0
5,3,6,4,因何原因阻碍了购买（非国内作品）,1,1,缺少渠道,2116,1739,377,2116,65.76,66.22,63.68,3218,2626,592,0
5,3,6,4,因何原因阻碍了购买（非国内作品）,1,2,环境阻碍,1237,980,257,1237,38.44,37.32,43.41,3218,2626,592,0
5,3,6,4,因何原因阻碍了购买（非国内作品）,1,3,不懂日文（或其他外语）,1386,1120,266,1386,43.07,42.65,44.93,3218,2626,592,0
5,3,7,1,您的购买力范围是（单个作品的购买价，含运费）（非国内作品）,0,0,没有自主购买能力,108,82,26,108,13.04,12.09,17.33,828,678,150,0
5,3,7,1,您的购买力范围是（单个作品的购买价，含运费）（非国内作品）,0,1,总价50RMB以内,138,111,27,138,16.67,16.37,18,828,678,150,0
5,3,7,1,您的购买力范围是（单个作品的购买价，含运费）（非国内作品）,0,2,总价100RMB以内,290,245,45,290,35.02,36.14,30,828,678,150,0
5,3,7,1,您的购买力范围是（单个作品的购买价，含运费）（非国内作品）,0,3,总价150RMB以内,115,93,22,115,13.89,13.72,14.67,828,678,150,0
5,3,7,1,您的购买力范围是（单个作品的购买价，含运费）（非国内作品）,0,4,总价200RMB以内,113,91,22,113,13.65,13.42,14.67,828,678,150,0
5,3,7,1,您的购买力范围是（单个作品的购买价，含运费）（非国内作品）,0,5,总价300RMB以内,44,40,4,44,5.31,5.9,2.67,828,678,150,0
5,3,7,1,您的购买力范围是（单个作品的购买价，含运费）（非国内作品）,0,6,总价500RMB以内,20,16,4,20,2.42,2.36,2.67,828,678,150,0
5,3,8,2,因为什么原因您没有使用代购作为您的购买渠道（非国内作品）,0,0,认为代购加价过高,409,352,57,409,19.35,20.25,15.16,2114,1738,376,0
5,3,8,2,因为什么原因您没有使用代购作为您的购买渠道（非国内作品）,0,1,没有或无法使用网银,963,737,226,963,45.55,42.41,60.11,2114,1738,376,0
5,3,8,2,因为什么原因您没有使用代购作为您的购买渠道（非国内作品）,0,2,不知道存在这样的代购,666,586,80,666,31.5,33.72,21.28,2114,1738,376,0
5,3,8,2,因为什么原因您没有使用代购作为您的购买渠道（非国内作品）,0,3,身居海外难以使用以大陆为主的代购,76,63,13,76,3.6,3.62,3.46,2114,1738,376,0
5,3,9,3,环境中存在什么样的购买二次同人作品的阻碍（非国内作品）,1,0,家人或朋友的反对,553,407,146,553,44.74,41.53,57.03,1236,980,256,0
5,3,9,3,环境中存在什么样的购买二次同人作品的阻碍（非国内作品）,1,1,居所没有放置空间,306,246,60,306,24.76,25.1,23.44,1236,980,256,0
5,3,9,3,环境中存在什么样的购买二次同人作品的阻碍（非国内作品）,1,2,其他方面的障碍,782,640,142,782,63.27,65.31,55.47,1236,980,256,0
5,3,10,3,购买过国内创作的二次同人作品吗,0,0,热衷于购买,771,557,213,770,9.8,8.69,14.63,7865,6407,1456,2
5,3,10,3,购买过国内创作的二次同人作品吗,0,1,购买过,3270,2603,666,3269,41.58,40.63,45.74,7865,6407,1456,2
5,3,10,3,购买过国内创作的二次同人作品吗,0,2,想买但是没有条件,2068,1713,355,2068,26.29,26.74,24.38,7865,6407,1456,2
5,3,10,3,购买过国内创作的二次同人作品吗,0,3,没有考虑过,1756,1534,222,1756,22.33,23.94,15.25,7865,6407,1456,2
5,3,11,1,购买过什么类型的二次创作（国内作品）,1,0,音乐类,1735,1362,371,1733,42.96,43.13,42.21,4039,3158,879,2
5,3,11,1,购买过什么类型的二次创作（国内作品）,1,1,漫画类,2067,1503,563,2066,51.18,47.59,64.05,4039,3158,879,2
5,3,11,1,购买过什么类型的二次创作（国内作品）,1,2,插画类,1752,1215,536,1751,43.38,38.47,60.98,4039,3158,879,2
5,3,11,1,购买过什么类型的二次创作（国内作品）,1,3,小说类,797,574,223,797,19.73,18.18,25.37,4039,3158,879,2
5,3,11,1,购买过什么类型的二次创作（国内作品）,1,4,视频类,1326,1103,223,1326,32.83,34.93,25.37,4039,3158,879,2
5,3,11,1,购买过什么类型的二次创作（国内作品）,1,5,软件类,743,637,105,742,18.4,20.17,11.95,4039,3158,879,2
5,3,11,1,购买过什么类型的二次创作（国内作品）,1,6,实物类,1199,907,292,1199,29.69,28.72,33.22,4039,3158,879,2
5,3,11,1,购买过什么类型的二次创作（国内作品）,1,7,其他,361,286,75,361,8.94,9.06,8.53,4039,3158,879,2
5,3,12,2,购买二次创作的渠道一般是（国内作品）,1,0,展会购买,2287,1759,527,2286,56.68,55.77,59.95,4035,3154,879,2
5,3,12,2,购买二次创作的渠道一般是（国内作品）,1,1,网络通贩,2993,2323,669,2992,74.18,73.65,76.11,4035,3154,879,2
5,3,12,2,购买二次创作的渠道一般是（国内作品）,1,2,他人转手,434,300,134,434,10.76,9.51,15.24,4035,3154,879,2
5,3,12,2,购买二次创作的渠道一般是（国内作品）,1,3,其他形式,386,281,105,386,9.57,8.91,11.95,4035,3154,879,2
5,3,12,2,购买二次创作的渠道一般是（国内作品）,1,4,下载贩卖,313,270,43,313,7.76,8.56,4.89,4035,3154,879,2
5,3,13,3,能接受的单个作品购买价上限是（国内作品）,0,0,40RMB以内,125,93,32,125,3.1,2.95,3.64,4036,3155,879,2
5,3,13,3,能接受的单个作品购买价上限是（国内作品）,0,1,50RMB以内,382,282,100,382,9.46,8.94,11.38,4036,3155,879,2
5,3,13,3,能接受的单个作品购买价上限是（国内作品）,0,2,100RMB以内,1143,857,285,1142,28.32,27.16,32.42,4036,3155,879,2
5,3,13,3,能接受的单个作品购买价上限是（国内作品）,0,3,150RMB以内,694,539,154,693,17.2,17.08,17.52,4036,3155,879,2
5,3,13,3,能接受的单个作品购买价上限是（国内作品）,0,4,200RMB以内,827,667,160,827,20.49,21.14,18.2,4036,3155,879,2
5,3,13,3,能接受的单个作品购买价上限是（国内作品）,0,5,300RMB以内,555,455,100,555,13.75,14.42,11.38,4036,3155,879,2
5,3,13,3,能接受的单个作品购买价上限是（国内作品）,0,6,300RMB以上,310,262,48,310,7.68,8.3,5.46,4036,3155,879,2
5,3,14,4,因何原因阻碍了购买（国内作品）,1,0,价格过高,496,421,75,496,24,24.59,21.13,2067,1712,355,0
5,3,14,4,因何原因阻碍了购买（国内作品）,1,1,渠道不便,1194,973,221,1194,57.76,56.83,62.25,2067,1712,355,0
5,3,14,4,因何原因阻碍了购买（国内作品）,1,2,环境阻碍,981,789,192,981,47.46,46.09,54.08,2067,1712,355,0
5,3,14,4,因何原因阻碍了购买（国内作品）,1,3,没喜欢的,273,223,50,273,13.21,13.03,14.08,2067,1712,355,0
5,3,15,1,您的购买力范围是（单个作品的购买价，含运费）（国内作品）,0,0,没有自主购买能力,89,74,15,89,17.94,17.58,20,496,421,75,0
5,3,15,1,您的购买力范围是（单个作品的购买价，含运费）（国内作品）,0,1,总价50RMB以内,121,97,24,121,24.4,23.04,32,496,421,75,0
5,3,15,1,您的购买力范围是（单个作品的购买价，含运费）（国内作品）,0,2,总价100RMB以内,175,149,26,175,35.28,35.39,34.67,496,421,75,0
5,3,15,1,您的购买力范围是（单个作品的购买价，含运费）（国内作品）,0,3,总价150RMB以内,60,55,5,60,12.1,13.06,6.67,496,421,75,0
5,3,15,1,您的购买力范围是（单个作品的购买价，含运费）（国内作品）,0,4,总价200RMB以内,37,34,3,37,7.46,8.08,4,496,421,75,0
5,3,15,1,您的购买力范围是（单个作品的购买价，含运费）（国内作品）,0,5,总价300RMB以内,12,10,2,12,2.42,2.38,2.67,496,421,75,0
5,3,15,1,您的购买力范围是（单个作品的购买价，含运费）（国内作品）,0,6,总价500RMB以内,2,2,0,2,0.4,0.48,0,496,421,75,0
5,3,16,2,环境中存在什么样的购买二次同人作品的阻碍（国内作品）,1,0,家人或朋友的反对,437,330,107,437,44.59,41.88,55.73,980,788,192,0
5,3,16,2,环境中存在什么样的购买二次同人作品的阻碍（国内作品）,1,1,居所没有放置空间,228,184,44,228,23.27,23.35,22.92,980,788,192,0
5,3,16,2,环境中存在什么样的购买二次同人作品的阻碍（国内作品）,1,2,其他方面的障碍,603,502,101,603,61.53,63.71,52.6,980,788,192,0
5,3,17,4,有想过做东方的同人创作吗,0,0,已经做过或正在做,1373,907,465,1372,17.47,14.17,31.94,7861,6402,1456,3
5,3,17,4,有想过做东方的同人创作吗,0,1,想过还没有实际做过,3765,3071,693,3764,47.89,47.97,47.6,7861,6402,1456,3
5,3,17,4,有想过做东方的同人创作吗,0,2,没有想过,2723,2424,298,2722,34.64,37.86,20.47,7861,6402,1456,3
5,3,18,1,想做或者做过什么类型的创作,1,0,音乐类,1415,1120,294,1414,27.56,28.18,25.39,5134,3974,1158,2
5,3,18,1,想做或者做过什么类型的创作,1,1,漫画类,1474,953,521,1474,28.71,23.98,44.99,5134,3974,1158,2
5,3,18,1,想做或者做过什么类型的创作,1,2,插画类,1684,1044,639,1683,32.8,26.27,55.18,5134,3974,1158,2
5,3,18,1,想做或者做过什么类型的创作,1,3,小说类,1797,1353,444,1797,35,34.05,38.34,5134,3974,1158,2
5,3,18,1,想做或者做过什么类型的创作,1,4,视频类,1733,1402,330,1732,33.76,35.28,28.5,5134,3974,1158,2
5,3,18,1,想做或者做过什么类型的创作,1,5,软件类,1090,941,149,1090,21.23,23.68,12.87,5134,3974,1158,2
5,3,18,1,想做或者做过什么类型的创作,1,6,实物类,316,213,103,316,6.16,5.36,8.89,5134,3974,1158,2
5,3,18,1,想做或者做过什么类型的创作,1,7,其他,469,373,96,469,9.14,9.39,8.29,5134,3974,1158,2
5,3,19,2,因何原因阻碍了创作的实行,1,0,没有时间,2359,1911,448,2359,62.76,62.35,64.65,3759,3065,693,1
5,3,19,2,因何原因阻碍了创作的实行,1,1,技术不够,3044,2490,553,3043,80.98,81.24,79.8,3759,3065,693,1
5,3,19,2,因何原因阻碍了创作的实行,1,2,环境阻碍,818,662,155,817,21.76,21.6,22.37,3759,3065,693,1
5,3,19,2,因何原因阻碍了创作的实行,1,3,资金不足,692,547,145,692,18.41,17.85,20.92,3759,3065,693,1
5,3,19,2,因何原因阻碍了创作的实行,1,4,缺乏人脉,723,579,144,723,19.23,18.89,20.78,3759,3065,693,1
5,3,19,2,因何原因阻碍了创作的实行,1,5,自身惰性,1503,1232,271,1503,39.98,40.2,39.11,3759,3065,693,1
5,3,19,2,因何原因阻碍了创作的实行,1,6,兴趣转移,108,82,26,108,2.87,2.68,3.75,3759,3065,693,1
5,3,19,2,因何原因阻碍了创作的实行,1,7,其他原因,215,170,45,215,5.72,5.55,6.49,3759,3065,693,1
5,3,20,3,是否还在继续进行着东方的同人创作,0,0,是,1188,780,407,1187,86.59,86.09,87.53,1372,906,465,1
5,3,20,3,是否还在继续进行着东方的同人创作,0,1,否,184,126,58,184,13.41,13.91,12.47,1372,906,465,1
5,3,21,1,在创作过程中遇到过什么样的困难,1,0,需要从其他事情上分时间与精力,812,544,267,811,68.47,69.92,65.6,1186,778,407,1
5,3,21,1,在创作过程中遇到过什么样的困难,1,1,资金十分紧张或缺乏,140,96,44,140,11.8,12.34,10.81,1186,778,407,1
5,3,21,1,在创作过程中遇到过什么样的困难,1,2,发展人脉的过程非常艰难,207,140,67,207,17.45,17.99,16.46,1186,778,407,1
5,3,21,1,在创作过程中遇到过什么样的困难,1,3,感到到自身水平或技术不足,904,584,319,903,76.22,75.06,78.38,1186,778,407,1
5,3,21,1,在创作过程中遇到过什么样的困难,1,4,没有人关注或支持,334,210,124,334,28.16,26.99,30.47,1186,778,407,1
5,3,21,1,在创作过程中遇到过什么样的困难,1,5,难以维持自己的动力,281,189,92,281,23.69,24.29,22.6,1186,778,407,1
5,3,21,1,在创作过程中遇到过什么样的困难,1,6,缺少发布或交流的渠道与平台,166,122,44,166,14,15.68,10.81,1186,778,407,1
5,3,21,1,在创作过程中遇到过什么样的困难,1,7,周边氛围对创作非常不友好,142,97,45,142,11.97,12.47,11.06,1186,778,407,1
5,3,21,1,在创作过程中遇到过什么样的困难,1,8,其他困难,77,51,26,77,6.49,6.56,6.39,1186,778,407,1
5,3,22,2,停止创作的直接原因是,1,0,没有时间,121,87,34,121,65.76,69.05,58.62,184,126,58,0
5,3,22,2,停止创作的直接原因是,1,1,环境阻碍,41,31,10,41,22.28,24.6,17.24,184,126,58,0
5,3,22,2,停止创作的直接原因是,1,2,缺乏条件,36,28,8,36,19.57,22.22,13.79,184,126,58,0
5,3,22,2,停止创作的直接原因是,1,3,兴趣转移,41,21,20,41,22.28,16.67,34.48,184,126,58,0
5,3,22,2,停止创作的直接原因是,1,4,想要休息,32,26,6,32,17.39,20.63,10.34,184,126,58,0
5,3,22,2,停止创作的直接原因是,1,5,缺乏创意,61,47,14,61,33.15,37.3,24.14,184,126,58,0
5,3,22,2,停止创作的直接原因是,1,6,其他原因,19,13,6,19,10.33,10.32,10.34,184,126,58,0
5,3,23,5,原作和二次同人您更热衷于,0,0,原作,1427,1158,269,1427,17.92,17.86,18.25,7962,6483,1474,5
5,3,23,5,原作和二次同人您更热衷于,0,1,二次同人,725,610,114,724,9.11,9.41,7.73,7962,6483,1474,5
5,3,23,5,原作和二次同人您更热衷于,0,2,都很喜欢,5758,4675,1079,5754,72.32,72.11,73.2,7962,6483,1474,5
5,3,23,5,原作和二次同人您更热衷于,0,3,都没兴趣,52,40,12,52,0.65,0.62,0.81,7962,6483,1474,5
5,3,24,6,是否购买实物型周边（手办、抱枕、挂链、钱包、贴纸、挂画等类）,0,0,有购买,4833,3807,1022,4829,60.67,58.7,69.29,7966,6486,1475,5
5,3,24,6,是否购买实物型周边（手办、抱枕、挂链、钱包、贴纸、挂画等类）,0,1,想买但是没有机会,1892,1606,285,1891,23.75,24.76,19.32,7966,6486,1475,5
5,3,24,6,是否购买实物型周边（手办、抱枕、挂链、钱包、贴纸、挂画等类）,0,2,没有考虑过,1241,1073,168,1241,15.58,16.54,11.39,7966,6486,1475,5
5,3,25,1,购买周边的时候是否会介意它是否是盗版或存在盗图情况,0,0,非常介意,2350,1773,574,2347,34.96,32.77,43.92,6722,5410,1307,5
5,3,25,1,购买周边的时候是否会介意它是否是盗版或存在盗图情况,0,1,略微在意,3706,3070,634,3704,55.13,56.75,48.51,6722,5410,1307,5
5,3,25,1,购买周边的时候是否会介意它是否是盗版或存在盗图情况,0,2,完全不在乎,228,188,40,228,3.39,3.48,3.06,6722,5410,1307,5
5,3,25,1,购买周边的时候是否会介意它是否是盗版或存在盗图情况,0,3,没有想过这个问题,438,379,59,438,6.52,7.01,4.51,6722,5410,1307,5
5,3,26,7,是否购买过盗版的东方相关画集,0,0,购买过（并且知道是盗版）,610,475,135,610,7.66,7.33,9.16,7961,6482,1474,5
5,3,26,7,是否购买过盗版的东方相关画集,0,1,购买过（当时以为是正版）,1094,813,278,1091,13.74,12.54,18.86,7961,6482,1474,5
5,3,26,7,是否购买过盗版的东方相关画集,0,2,没有购买过（持无所谓态度）,2169,1870,298,2168,27.25,28.85,20.22,7961,6482,1474,5
5,3,26,7,是否购买过盗版的东方相关画集,0,3,没有购买过（持抵制态度）,4088,3324,763,4087,51.35,51.28,51.76,7961,6482,1474,5
5,4,0,1,是否参加过东方专门同人展,0,0,有,1447,1171,275,1446,18.18,18.07,18.67,7958,6480,1473,5
5,4,0,1,是否参加过东方专门同人展,0,1,没有,6511,5309,1198,6507,81.82,81.93,81.33,7958,6480,1473,5
5,4,1,1,过去一年内有没有参加过东方专门同人展,0,0,有,987,819,167,986,68.35,70.06,60.95,1444,1169,274,1
5,4,1,1,过去一年内有没有参加过东方专门同人展,0,1,没有,457,350,107,457,31.65,29.94,39.05,1444,1169,274,1
5,4,2,2,没有参加过展会的原因是,1,0,路费太贵,2407,1939,468,2407,36.97,36.53,39.07,6510,5308,1198,4
5,4,2,2,没有参加过展会的原因是,1,1,没有时间,5010,4104,903,5007,76.96,77.32,75.38,6510,5308,1198,4
5,4,2,2,没有参加过展会的原因是,1,2,家里阻拦,1407,1030,375,1405,21.61,19.4,31.3,6510,5308,1198,4
5,4,2,2,没有参加过展会的原因是,1,3,不感兴趣,535,439,96,535,8.22,8.27,8.01,6510,5308,1198,4
5,4,2,2,没有参加过展会的原因是,1,4,未曾听说,1012,869,142,1011,15.55,16.37,11.85,6510,5308,1198,4
5,4,3,3,是否只考虑参加本地或附近地区的同人展,0,0,仅参加本地或附近地区的,5627,4588,1036,5624,70.82,70.9,70.48,7946,6471,1470,5
5,4,3,3,是否只考虑参加本地或附近地区的同人展,0,1,异地的展会也会去,2319,1883,434,2317,29.18,29.1,29.52,7946,6471,1470,5
5,4,4,2,浏览东方project主题站点的频率如何,0,0,经常,3988,3222,764,3986,50.12,49.73,51.87,7957,6479,1473,5
5,4,4,2,浏览东方project主题站点的频率如何,0,1,偶尔,3152,2588,561,3149,39.61,39.94,38.09,7957,6479,1473,5
5,4,4,2,浏览东方project主题站点的频率如何,0,2,很少,686,556,130,686,8.62,8.58,8.83,7957,6479,1473,5
5,4,4,2,浏览东方project主题站点的频率如何,0,3,从不,131,113,18,131,1.65,1.74,1.22,7957,6479,1473,5
5,4,5,3,平日里接触东方信息的渠道是,1,0,论坛贴吧等主题社区,6316,5138,1176,6314,79.37,79.31,79.73,7958,6478,1475,5
5,4,5,3,平日里接触东方信息的渠道是,1,1,微博推特类网站,2995,2157,835,2992,37.64,33.3,56.61,7958,6478,1475,5
5,4,5,3,平日里接触东方信息的渠道是,1,2,社交网络（如人人，FB，G+等）,1551,1239,311,1550,19.49,19.13,21.08,7958,6478,1475,5
5,4,5,3,平日里接触东方信息的渠道是,1,3,视频网站,5765,4765,997,5762,72.44,73.56,67.59,7958,6478,1475,5
5,4,5,3,平日里接触东方信息的渠道是,1,4,即时通信工具（包括群）,3289,2728,561,3289,41.33,42.11,38.03,7958,6478,1475,5
5,4,5,3,平日里接触东方信息的渠道是,1,5,现实生活,1357,1096,259,1355,17.05,16.92,17.56,7958,6478,1475,5
5,4,5,3,平日里接触东方信息的渠道是,1,6,其他途径,1047,856,190,1046,13.16,13.21,12.88,7958,6478,1475,5
5,4,6,4,是否会主动向周围的人介绍东方Project,0,0,会,4400,3526,871,4397,55.46,54.57,59.41,7933,6462,1466,5
5,4,6,4,是否会主动向周围的人介绍东方Project,0,1,不会,2944,2447,496,2943,37.11,37.87,33.83,7933,6462,1466,5
5,4,6,4,是否会主动向周围的人介绍东方Project,0,2,会刻意隐藏东方爱好者的身份,589,489,99,588,7.42,7.57,6.75,7933,6462,1466,5
5,4,7,1,选择了什么方式去介绍,0,0,详细入微的对各方面进行说明,1117,867,247,1114,25.42,24.62,28.39,4395,3522,870,3
5,4,7,1,选择了什么方式去介绍,0,1,通过二次创作吸引对方,1253,993,260,1253,28.51,28.19,29.89,4395,3522,870,3
5,4,7,1,选择了什么方式去介绍,0,2,以官方作品来进行介绍,859,710,149,859,19.54,20.16,17.13,4395,3522,870,3
5,4,7,1,选择了什么方式去介绍,0,3,给予相关网站或资料任其自由发展,448,353,95,448,10.19,10.02,10.92,4395,3522,870,3
5,4,7,1,选择了什么方式去介绍,0,4,仅仅进行了简单的说明,718,599,119,718,16.34,17.01,13.68,4395,3522,870,3
5,4,8,2,介绍的效果如何,0,0,对方成为了东方爱好者,1047,823,222,1045,23.81,23.35,25.52,4397,3524,870,3
5,4,8,2,介绍的效果如何,0,1,对方知道了东方但是不感兴趣,2778,2238,539,2777,63.18,63.51,61.95,4397,3524,870,3
5,4,8,2,介绍的效果如何,0,2,对方没能明白东方是什么,413,334,79,413,9.39,9.48,9.08,4397,3524,870,3
5,4,8,2,介绍的效果如何,0,3,对方不愿意听你的介绍,139,115,24,139,3.16,3.26,2.76,4397,3524,870,3
5,4,8,2,介绍的效果如何,0,4,对方对东方产生了反感,20,14,6,20,0.45,0.4,0.69,4397,3524,870,3
