character_cn,character_key,event_count,earliest_event_date,latest_event_date,platforms,poll_regions,event_types,comment_or_danmaku_sample_count,bilibili_query_or_title_hit_count,tieba_evidence_count,tieba_rank_heading_coverage_count,tieba_fulltext_comment_sample_count,tieba_round21_nested_reply_sample_count,tieba_pre21_fulltext_comment_sample_count,pixiv_tag_count_snapshot,round21_rank,canon_verification_status,research_scope,coverage_limit
稗田阿求,稗田阿求,12,2008-02-18,2024-08-24,Bilibili;Japanese blog;X,jp,canon_extrapolation;countdown_meme;counter_interpretation;meme_video;result_meme;result_table_mention,11,40,0,1,4,4,0,9976,79,basic_index_only,included,事件数与题名命中数只表示本次证据表覆盖，不是角色人气或作品量排名。
古明地恋,古明地恋,8,2009-01-31,2026-08-22,Bilibili;Japanese blog;Pixiv;Tieba;X,jp,comment_reaction;discussion_thread;result_interpretation;result_meme;rule_counterfactual;support_art,19,2,1,1,12,3,9,,1,basic_index_only,included,事件数与题名命中数只表示本次证据表覆盖，不是角色人气或作品量排名。
宇佐见莲子,宇佐见莲子,6,2008-02-18,2026-08-23,Bilibili;Japanese blog;Tieba;X,;jp,character_lecture;group_lecture;result_interpretation;result_table_mention;support_thread,3,2,2,1,2,2,0,,38,verified,included,事件数与题名命中数只表示本次证据表覆盖，不是角色人气或作品量排名。
藤原妹红,藤原妹红,5,2008-02-18,2026-08-23,Japanese blog;Tieba;X,jp,prediction_thread;result_interpretation;result_table_mention,5,1,1,1,4,4,0,,9,basic_index_only,included,事件数与题名命中数只表示本次证据表覆盖，不是角色人气或作品量排名。
东风谷早苗,东风谷早苗,4,2008-02-18,2012-02-29,Japanese blog,jp,result_interpretation,4,2,0,1,4,4,0,,13,basic_index_only,included,事件数与题名命中数只表示本次证据表覆盖，不是角色人气或作品量排名。
八云紫,八云紫,4,2008-02-18,2012-02-29,Japanese blog,jp,result_interpretation;result_table_mention,4,6,0,1,2,2,0,,16,basic_index_only,included,事件数与题名命中数只表示本次证据表覆盖，不是角色人气或作品量排名。
四季映姬·夜摩仙那度,四季映姬夜摩仙那度,4,2005-12-28,2011-03-03,Japanese blog;Pixiv,jp,result_interpretation;result_table_mention;support_art,8,0,0,1,8,4,4,,24,basic_index_only,included,事件数与题名命中数只表示本次证据表覆盖，不是角色人气或作品量排名。
娜兹玲,娜兹玲,4,2010-02-13,2012-02-29,Japanese blog;Pixiv;X,jp,prediction;result_interpretation;support_art,1,0,0,1,1,1,0,,58,basic_index_only,included,事件数与题名命中数只表示本次证据表覆盖，不是角色人气或作品量排名。
射命丸文,射命丸文,4,2005-12-28,2011-03-02,Japanese blog,jp,result_interpretation,8,0,1,1,3,3,0,,11,basic_index_only,included,事件数与题名命中数只表示本次证据表覆盖，不是角色人气或作品量排名。
小恶魔,小恶魔,4,2008-02-18,2020-02-22,Bilibili;Japanese blog,;jp,character_lecture;result_table_mention,1,1,0,1,1,1,0,,57,verified,included,事件数与题名命中数只表示本次证据表覆盖，不是角色人气或作品量排名。
易者,易者,4,2015-03-01,2016-01-21,Pixiv;X,jp,derivative_art;result_meme;support_or_mobilization,7,39,0,1,6,3,3,193,140,out_of_scope_no_thbwiki_index,excluded,事件数与题名命中数只表示本次证据表覆盖，不是角色人气或作品量排名。
河城荷取,河城荷取,4,2008-02-18,2011-03-02,Japanese blog,jp,result_interpretation;result_table_mention,1,0,0,1,1,1,0,,44,basic_index_only,included,事件数与题名命中数只表示本次证据表覆盖，不是角色人气或作品量排名。
犬走椛,犬走椛,4,2008-02-18,2012-02-29,Japanese blog,jp,comment_reaction;result_interpretation;result_table_mention,4,0,0,1,3,3,0,,30,basic_index_only,included,事件数与题名命中数只表示本次证据表覆盖，不是角色人气或作品量排名。
玛艾露贝莉·赫恩,玛艾露贝莉赫恩,4,2008-02-18,2026-08-23,Bilibili;Japanese blog;Tieba,;jp,character_lecture;result_table_mention;support_thread,2,4,2,1,1,1,0,,55,verified,included,事件数与题名命中数只表示本次证据表覆盖，不是角色人气或作品量排名。
鬼人正邪,鬼人正邪,4,2009-01-31,2015-06-02,Japanese blog;X,jp,meme_pairing;result_interpretation;result_visualization,7,39,0,1,3,3,0,14580,35,basic_index_only,included,事件数与题名命中数只表示本次证据表覆盖，不是角色人气或作品量排名。
魂魄妖梦,魂魄妖梦,4,2008-02-18,2012-02-29,Japanese blog,jp,result_interpretation;result_table_mention,6,0,0,1,5,4,1,,7,basic_index_only,included,事件数与题名命中数只表示本次证据表覆盖，不是角色人气或作品量排名。
八坂神奈子,八坂神奈子,3,2008-02-18,2011-03-03,Japanese blog,jp,result_interpretation;result_table_mention,10,0,0,1,7,3,4,,69,basic_index_only,included,事件数与题名命中数只表示本次证据表覆盖，不是角色人气或作品量排名。
八意永琳,八意永琳,3,2008-02-18,2012-02-29,Japanese blog,jp,result_interpretation;result_table_mention,1,40,0,1,1,1,0,17121,28,basic_index_only,included,事件数与题名命中数只表示本次证据表覆盖，不是角色人气或作品量排名。
古明地觉,古明地觉,3,2009-01-31,2026-08-22,Japanese blog;Pixiv;Tieba,jp,result_interpretation;support_art;support_thread,5,2,1,1,4,4,0,,8,basic_index_only,included,事件数与题名命中数只表示本次证据表覆盖，不是角色人气或作品量排名。
大妖精,大妖精,3,2008-02-18,2020-02-12,Bilibili;Japanese blog,;jp,character_lecture;result_table_mention,5,1,2,1,1,1,0,,53,verified,included,事件数与题名命中数只表示本次证据表覆盖，不是角色人气或作品量排名。
小野塚小町,小野塚小町,3,2005-12-28,2009-01-31,Japanese blog,jp,result_interpretation;result_table_mention,0,0,0,1,0,0,0,,75,basic_index_only,included,事件数与题名命中数只表示本次证据表覆盖，不是角色人气或作品量排名。
森近霖之助,森近霖之助,3,2008-02-18,2012-02-29,Japanese blog,jp,result_interpretation;result_table_mention,1,0,0,1,1,1,0,,82,basic_index_only,included,事件数与题名命中数只表示本次证据表覆盖，不是角色人气或作品量排名。
洩矢诹访子,洩矢诹访子,3,2008-02-18,2011-03-03,Japanese blog,jp,result_interpretation;result_table_mention,2,0,0,1,2,2,0,,23,basic_index_only,included,事件数与题名命中数只表示本次证据表覆盖，不是角色人气或作品量排名。
爱丽丝·玛格特洛依德,爱丽丝玛格特洛依德,3,2008-02-18,2012-02-29,Japanese blog,jp,result_interpretation;result_table_mention,4,0,0,1,4,4,0,,14,basic_index_only,included,事件数与题名命中数只表示本次证据表覆盖，不是角色人气或作品量排名。
秋穰子,秋穰子,3,2008-02-18,2011-03-02,Japanese blog,jp,result_interpretation;result_table_mention,2,0,0,1,2,2,0,,106,basic_index_only,included,事件数与题名命中数只表示本次证据表覆盖，不是角色人气或作品量排名。
秋静叶,秋静叶,3,2008-02-18,2011-03-02,Japanese blog,jp,result_interpretation;result_table_mention,1,0,0,1,1,1,0,,107,basic_index_only,included,事件数与题名命中数只表示本次证据表覆盖，不是角色人气或作品量排名。
米斯蒂娅·萝蕾拉,米斯蒂娅萝蕾拉,3,2008-02-18,2021-10-07,Bilibili;Japanese blog,cn;jp,game_exposure;result_interpretation;result_table_mention,5,46,1,1,4,4,0,,47,basic_index_only,included,事件数与题名命中数只表示本次证据表覆盖，不是角色人气或作品量排名。
茨木华扇,茨木华扇,3,2011-03-05,2012-02-29,Japanese blog,jp,comment_reaction;result_interpretation;result_table_mention,3,39,0,1,2,2,0,,45,basic_index_only,included,事件数与题名命中数只表示本次证据表覆盖，不是角色人气或作品量排名。
西行寺幽幽子,西行寺幽幽子,3,2005-12-28,2009-01-31,Japanese blog,jp,result_interpretation;result_table_mention,3,0,0,1,3,3,0,,12,basic_index_only,included,事件数与题名命中数只表示本次证据表覆盖，不是角色人气或作品量排名。
铃仙·优昙华院·因幡,铃仙优昙华院因幡,3,2008-02-18,2011-03-02,Japanese blog,jp,result_interpretation;result_table_mention,3,4,0,1,3,2,1,,15,basic_index_only,included,事件数与题名命中数只表示本次证据表覆盖，不是角色人气或作品量排名。
雾雨魔理沙,雾雨魔理沙,3,2005-12-28,2011-03-03,Japanese blog,jp,result_interpretation,5,5,1,1,4,4,0,,2,basic_index_only,included,事件数与题名命中数只表示本次证据表覆盖，不是角色人气或作品量排名。
露米娅,露米娅,3,2008-02-18,2012-02-29,Japanese blog,jp,result_interpretation;result_table_mention,5,0,1,1,4,4,0,,19,basic_index_only,included,事件数与题名命中数只表示本次证据表覆盖，不是角色人气或作品量排名。
风见幽香,风见幽香,3,2008-02-18,2011-03-02,Japanese blog,jp,result_interpretation;result_table_mention,4,1,0,1,4,4,0,,27,basic_index_only,included,事件数与题名命中数只表示本次证据表覆盖，不是角色人气或作品量排名。
伊吹萃香,伊吹萃香,2,2008-02-18,2012-02-29,Japanese blog,jp,result_interpretation;result_table_mention,3,1,0,1,3,3,0,,29,basic_index_only,included,事件数与题名命中数只表示本次证据表覆盖，不是角色人气或作品量排名。
博丽灵梦,博丽灵梦,2,2005-12-28,2008-02-18,Japanese blog,jp,result_interpretation,9,21,3,1,3,3,0,,3,basic_index_only,included,事件数与题名命中数只表示本次证据表覆盖，不是角色人气或作品量排名。
哆来咪·苏伊特,哆来咪苏伊特,2,2018-01-20,2018-01-23,X,jp,result_interpretation;support_art,2,39,0,1,2,2,0,9171,59,basic_index_only,included,事件数与题名命中数只表示本次证据表覆盖，不是角色人气或作品量排名。
帕秋莉·诺蕾姬,帕秋莉诺蕾姬,2,2008-02-18,2009-01-31,Japanese blog,jp,result_interpretation;result_table_mention,3,0,0,1,3,3,0,,18,basic_index_only,included,事件数与题名命中数只表示本次证据表覆盖，不是角色人气或作品量排名。
幽谷响子,幽谷响子,2,2022-11-18,2024-01-25,Bilibili,cn,game_exposure;result_visibility,2,39,0,1,2,2,0,,110,basic_index_only,included,事件数与题名命中数只表示本次证据表覆盖，不是角色人气或作品量排名。
梅蒂欣·梅兰可莉,梅蒂欣梅兰可莉,2,2005-12-28,2008-02-18,Japanese blog,jp,result_table_mention,0,0,0,1,0,0,0,,93,basic_index_only,included,事件数与题名命中数只表示本次证据表覆盖，不是角色人气或作品量排名。
水桥帕露西,水桥帕露西,2,2015-06-02,2022-09-27,X,jp,meme_pairing;result_celebration,4,0,0,1,3,2,1,,37,basic_index_only,included,事件数与题名命中数只表示本次证据表覆盖，不是角色人气或作品量排名。
神玉,神玉,2,2017-02-01,2025-08-31,X,jp,long_tail_statistics;result_interpretation,0,0,0,0,0,0,0,,170,basic_index_only,included,事件数与题名命中数只表示本次证据表覆盖，不是角色人气或作品量排名。
绵月丰姬,绵月丰姬,2,2011-03-05,2025-08-15,Bilibili;Japanese blog,jp,result_table_mention;support_meme,15,39,1,1,2,2,0,3412,73,verified,included,事件数与题名命中数只表示本次证据表覆盖，不是角色人气或作品量排名。
莉格露·奈特巴格,莉格露奈特巴格,2,2008-02-18,2025-08-30,Japanese blog;X,jp,result_table_mention;rule_interpretation,3,39,1,1,2,2,0,16993,63,basic_index_only,included,事件数与题名命中数只表示本次证据表覆盖，不是角色人气或作品量排名。
莉莉卡·普莉兹姆利巴,莉莉卡普莉兹姆利巴,2,2008-02-18,2011-03-02,Japanese blog,jp,result_table_mention,0,0,0,1,0,0,0,,132,basic_index_only,included,事件数与题名命中数只表示本次证据表覆盖，不是角色人气或作品量排名。
莉莉霍瓦特（莉莉白）,莉莉霍瓦特莉莉白,2,2008-02-18,2011-03-02,Japanese blog,jp,result_table_mention,1,0,0,1,1,1,0,,71,basic_index_only,included,事件数与题名命中数只表示本次证据表覆盖，不是角色人气或作品量排名。
蕾拉·普莉兹姆利巴,蕾拉普莉兹姆利巴,2,2016-11-06,2024-11-08,Bilibili,,derivative_animation;derivative_catalogue,0,0,0,0,0,0,0,,171,basic_index_only,included,事件数与题名命中数只表示本次证据表覆盖，不是角色人气或作品量排名。
蕾米莉亚·斯卡蕾特,蕾米莉亚斯卡蕾特,2,2008-02-18,2009-01-31,Japanese blog,jp,result_interpretation;result_table_mention,5,3,0,1,5,3,2,,6,basic_index_only,included,事件数与题名命中数只表示本次证据表覆盖，不是角色人气或作品量排名。
蕾蒂·霍瓦特洛克,蕾蒂霍瓦特洛克,2,2008-02-18,2009-01-31,Japanese blog,jp,result_interpretation;result_table_mention,0,0,0,1,0,0,0,,100,basic_index_only,included,事件数与题名命中数只表示本次证据表覆盖，不是角色人气或作品量排名。
豫母都日狭美,豫母都日狭美,2,2023-08-17,2023-10-02,Bilibili,;jp,character_lecture;result_visibility,0,4,0,1,0,0,0,,96,verified,included,事件数与题名命中数只表示本次证据表覆盖，不是角色人气或作品量排名。
键山雏,键山雏,2,2008-02-18,2009-01-31,Japanese blog,jp,result_interpretation;result_table_mention,2,0,0,1,2,2,0,,39,basic_index_only,included,事件数与题名命中数只表示本次证据表覆盖，不是角色人气或作品量排名。
饕餮尤魔,饕餮尤魔,2,2022-04-28,2024-01-25,Bilibili,cn,game_exposure;result_visibility,4,39,0,1,4,4,0,5225,48,basic_index_only,included,事件数与题名命中数只表示本次证据表覆盖，不是角色人气或作品量排名。
魅魔,魅魔,2,2025-01-22,2026-05-07,Bilibili,;jp,meme_video;result_visibility,1,3,0,1,1,1,0,,49,verified,included,事件数与题名命中数只表示本次证据表覆盖，不是角色人气或作品量排名。
丁礼田舞,丁礼田舞,1,2024-05-26,2024-05-26,Bilibili,,derivative_music,0,0,0,1,0,0,0,,123,basic_index_only,included,事件数与题名命中数只表示本次证据表覆盖，不是角色人气或作品量排名。
三头慧之子,三头慧之子,1,2023-08-13,2023-08-13,Bilibili,,official_music_visibility,0,0,0,1,0,0,0,,128,basic_index_only,included,事件数与题名命中数只表示本次证据表覆盖，不是角色人气或作品量排名。
上白泽慧音,上白泽慧音,1,2008-02-18,2008-02-18,Japanese blog,jp,result_table_mention,3,0,0,1,2,2,0,,52,basic_index_only,included,事件数与题名命中数只表示本次证据表覆盖，不是角色人气或作品量排名。
丰聪耳神子,丰聪耳神子,1,2012-02-29,2012-02-29,Japanese blog,jp,result_interpretation,4,3,0,1,3,2,1,,36,basic_index_only,included,事件数与题名命中数只表示本次证据表覆盖，不是角色人气或作品量排名。
九十九八桥,九十九八桥,1,2024-07-14,2024-07-14,Bilibili,,derivative_music,2,0,0,1,2,2,0,,144,basic_index_only,included,事件数与题名命中数只表示本次证据表覆盖，不是角色人气或作品量排名。
九十九弁弁,九十九弁弁,1,2024-07-14,2024-07-14,Bilibili,,derivative_music,0,0,0,1,0,0,0,,124,basic_index_only,included,事件数与题名命中数只表示本次证据表覆盖，不是角色人气或作品量排名。
今泉影狼,今泉影狼,1,2026-08-23,2026-08-23,Tieba,jp,support_thread,6,0,1,1,4,4,0,,83,basic_index_only,included,事件数与题名命中数只表示本次证据表覆盖，不是角色人气或作品量排名。
依莉斯,依莉斯,1,2022-07-01,2022-07-01,Bilibili,,fan_share,0,0,0,1,0,0,0,,150,basic_index_only,included,事件数与题名命中数只表示本次证据表覆盖，不是角色人气或作品量排名。
北白河千百合,北白河千百合,1,2022-11-26,2022-11-26,Bilibili,,derivative_music,0,0,0,1,0,0,0,,139,basic_index_only,included,事件数与题名命中数只表示本次证据表覆盖，不是角色人气或作品量排名。
十六夜咲夜,十六夜咲夜,1,2008-02-18,2008-02-18,Japanese blog,jp,result_table_mention,4,0,0,1,4,4,0,,5,basic_index_only,included,事件数与题名命中数只表示本次证据表覆盖，不是角色人气或作品量排名。
卡娜·安娜贝拉尔,卡娜安娜贝拉尔,1,2022-02-15,2022-02-15,Bilibili,,derivative_mmd,0,0,0,1,0,0,0,,122,basic_index_only,included,事件数与题名命中数只表示本次证据表覆盖，不是角色人气或作品量排名。
咪咪号,咪咪号,1,2025-10-03,2025-10-03,Bilibili,,participatory_derivative,0,0,0,0,0,0,0,,183,basic_index_only,included,事件数与题名命中数只表示本次证据表覆盖，不是角色人气或作品量排名。
因幡天为（因幡帝）,因幡天为因幡帝,1,2008-02-18,2008-02-18,Japanese blog,jp,result_table_mention,1,0,0,1,1,1,0,,64,basic_index_only,included,事件数与题名命中数只表示本次证据表覆盖，不是角色人气或作品量排名。
圣白莲,圣白莲,1,2011-03-03,2011-03-03,Japanese blog,jp,result_interpretation,5,0,0,1,4,4,0,,50,basic_index_only,included,事件数与题名命中数只表示本次证据表覆盖，不是角色人气或作品量排名。
埴安神袿姬,埴安神袿姬,1,2019-08-12,2019-08-12,Bilibili,,official_music_visibility,0,0,0,1,0,0,0,,62,basic_index_only,included,事件数与题名命中数只表示本次证据表覆盖，不是角色人气或作品量排名。
多多良小伞,多多良小伞,1,2011-03-03,2011-03-03,Japanese blog,jp,result_interpretation,5,0,1,1,4,4,0,,22,basic_index_only,included,事件数与题名命中数只表示本次证据表覆盖，不是角色人气或作品量排名。
大鲶鱼,大鲶鱼,1,2024-04-25,2024-04-25,Bilibili,,derivative_music,0,0,0,0,0,0,0,,174,basic_index_only,included,事件数与题名命中数只表示本次证据表覆盖，不是角色人气或作品量排名。
天火人血枪,天火人血枪,1,2023-08-16,2023-08-16,Bilibili,,derivative_music,0,0,0,1,0,0,0,,111,basic_index_only,included,事件数与题名命中数只表示本次证据表覆盖，不是角色人气或作品量排名。
奥莲姬,奥莲姬,1,2023-01-03,2023-01-03,Bilibili,,derivative_music,0,0,0,1,0,0,0,,161,basic_index_only,included,事件数与题名命中数只表示本次证据表覆盖，不是角色人气或作品量排名。
奥野田美宵,奥野田美宵,1,2019-12-01,2019-12-01,Bilibili,,derivative_music,0,0,0,1,0,0,0,,89,basic_index_only,included,事件数与题名命中数只表示本次证据表覆盖，不是角色人气或作品量排名。
妖精（女仆妖精、向日葵妖精等）,妖精女仆妖精向日葵妖精等,1,2025-08-30,2025-08-30,X,jp,candidate_definition_watch,1,0,2,1,1,1,0,,101,out_of_scope_no_thbwiki_index,excluded,事件数与题名命中数只表示本次证据表覆盖，不是角色人气或作品量排名。
姬海棠果,姬海棠果,1,2012-02-29,2012-02-29,Japanese blog,jp,result_interpretation,2,0,0,1,3,3,0,,77,basic_index_only,included,事件数与题名命中数只表示本次证据表覆盖，不是角色人气或作品量排名。
嫦娥,嫦娥,1,2019-09-15,2019-09-15,Bilibili,,MMD_derivative,0,0,0,0,0,0,0,,186,basic_index_only,included,事件数与题名命中数只表示本次证据表覆盖，不是角色人气或作品量排名。
宫出口瑞灵,宫出口瑞灵,1,2025-08-30,2025-08-30,X,jp,result_celebration,3,39,0,1,2,2,0,1547,91,verified,included,事件数与题名命中数只表示本次证据表覆盖，不是角色人气或作品量排名。
寅丸星,寅丸星,1,2012-02-29,2012-02-29,Japanese blog,jp,result_interpretation,1,0,0,1,1,1,0,,109,basic_index_only,included,事件数与题名命中数只表示本次证据表覆盖，不是角色人气或作品量排名。
封兽魑魅,封兽魑魅,1,2025-05-05,2025-05-05,Bilibili,,new_work_music_visibility,0,0,0,1,0,0,0,,133,basic_index_only,included,事件数与题名命中数只表示本次证据表覆盖，不是角色人气或作品量排名。
封兽鵺,封兽鵺,1,2011-02-19,2011-02-19,Pixiv,jp,support_art,4,0,0,1,3,2,1,,54,basic_index_only,included,事件数与题名命中数只表示本次证据表覆盖，不是角色人气或作品量排名。
小兔姬,小兔姬,1,2024-04-01,2024-04-01,Bilibili,,gameplay_derivative,0,0,0,1,0,0,0,,160,basic_index_only,included,事件数与题名命中数只表示本次证据表覆盖，不是角色人气或作品量排名。
尔子田里乃,尔子田里乃,1,2024-05-26,2024-05-26,Bilibili,,derivative_music,1,0,0,1,1,1,0,,129,basic_index_only,included,事件数与题名命中数只表示本次证据表覆盖，不是角色人气或作品量排名。
幻月,幻月,1,2025-08-03,2025-08-03,Bilibili,,pairing_derivative,1,0,0,1,1,1,0,,80,basic_index_only,included,事件数与题名命中数只表示本次证据表覆盖，不是角色人气或作品量排名。
幽幻魔眼,幽幻魔眼,1,2025-08-31,2025-08-31,X,jp,long_tail_statistics,0,0,0,0,0,0,0,,167,basic_index_only,included,事件数与题名命中数只表示本次证据表覆盖，不是角色人气或作品量排名。
庭渡久侘歌,庭渡久侘歌,1,2025-03-06,2025-03-06,Bilibili,,derivative_series,0,0,0,1,0,0,0,,86,basic_index_only,included,事件数与题名命中数只表示本次证据表覆盖，不是角色人气或作品量排名。
戎璎花,戎璎花,1,2024-09-16,2024-09-16,Bilibili,,derivative_music,0,0,0,1,0,0,0,,145,basic_index_only,included,事件数与题名命中数只表示本次证据表覆盖，不是角色人气或作品量排名。
无名的读书妖怪（朱鹭子）,无名的读书妖怪朱鹭子,1,2011-03-05,2011-03-05,Japanese blog,jp,result_table_mention,0,0,0,1,0,0,0,,134,basic_index_only,included,事件数与题名命中数只表示本次证据表覆盖，不是角色人气或作品量排名。
朝仓理香子,朝仓理香子,1,2022-11-27,2022-11-27,Bilibili,,derivative_music,0,0,0,0,0,0,0,,165,basic_index_only,included,事件数与题名命中数只表示本次证据表覆盖，不是角色人气或作品量排名。
杖刀偶磨弓,杖刀偶磨弓,1,2024-06-08,2024-06-08,Bilibili,,meme_video,0,3,0,1,0,0,0,,120,verified,included,事件数与题名命中数只表示本次证据表覆盖，不是角色人气或作品量排名。
梅露兰·普莉兹姆利巴,梅露兰普莉兹姆利巴,1,2008-02-18,2008-02-18,Japanese blog,jp,result_table_mention,0,0,0,1,0,0,0,,125,basic_index_only,included,事件数与题名命中数只表示本次证据表覆盖，不是角色人气或作品量排名。
梦月,梦月,1,2025-08-03,2025-08-03,Bilibili,,pairing_derivative,0,0,0,1,0,0,0,,108,basic_index_only,included,事件数与题名命中数只表示本次证据表覆盖，不是角色人气或作品量排名。
比那名居天子,比那名居天子,1,2009-01-31,2009-01-31,Japanese blog,jp,result_interpretation,4,5,0,1,4,3,1,,21,basic_index_only,included,事件数与题名命中数只表示本次证据表覆盖，不是角色人气或作品量排名。
永江衣玖,永江衣玖,1,2009-01-31,2009-01-31,Japanese blog,jp,result_interpretation,1,0,0,1,1,1,0,,76,basic_index_only,included,事件数与题名命中数只表示本次证据表覆盖，不是角色人气或作品量排名。
清兰,清兰,1,2017-03-06,2017-03-06,Bilibili,,derivative_animation,0,1,0,1,0,0,0,,117,basic_index_only,included,事件数与题名命中数只表示本次证据表覆盖，不是角色人气或作品量排名。
火焰猫燐,火焰猫燐,1,2009-01-31,2009-01-31,Japanese blog,jp,result_interpretation,2,0,0,1,2,2,0,,46,basic_index_only,included,事件数与题名命中数只表示本次证据表覆盖，不是角色人气或作品量排名。
爱塔妮缇拉尔瓦,爱塔妮缇拉尔瓦,1,2026-08-23,2026-08-23,Bilibili,,official_game_visibility,0,0,0,1,0,0,0,,127,basic_index_only,included,事件数与题名命中数只表示本次证据表覆盖，不是角色人气或作品量排名。
牛崎润美,牛崎润美,1,2026-08-23,2026-08-23,Tieba,jp,prediction_thread,1,0,1,1,0,0,0,,159,basic_index_only,included,事件数与题名命中数只表示本次证据表覆盖，不是角色人气或作品量排名。
物部布都,物部布都,1,2012-02-29,2012-02-29,Japanese blog,jp,result_interpretation,1,0,0,1,1,1,0,,40,basic_index_only,included,事件数与题名命中数只表示本次证据表覆盖，不是角色人气或作品量排名。
玄爷,玄爷,1,2023-09-01,2023-09-01,Bilibili,,canon_reappearance_discussion,0,0,0,0,0,0,0,,169,basic_index_only,included,事件数与题名命中数只表示本次证据表覆盖，不是角色人气或作品量排名。
玉造魅须丸,玉造魅须丸,1,2021-05-04,2021-05-04,Bilibili,,official_music_visibility,0,0,0,1,0,0,0,,148,basic_index_only,included,事件数与题名命中数只表示本次证据表覆盖，不是角色人气或作品量排名。
琪露诺,琪露诺,1,2008-02-18,2008-02-18,Japanese blog,jp,result_table_mention,7,2,1,1,4,4,0,,10,basic_index_only,included,事件数与题名命中数只表示本次证据表覆盖，不是角色人气或作品量排名。
矜羯罗,矜羯罗,1,2022-11-06,2022-11-06,Bilibili,,derivative_music,0,0,0,1,0,0,0,,154,basic_index_only,included,事件数与题名命中数只表示本次证据表覆盖，不是角色人气或作品量排名。
红美铃,红美铃,1,2008-02-18,2008-02-18,Japanese blog,jp,result_table_mention,3,0,3,1,1,1,0,,17,basic_index_only,included,事件数与题名命中数只表示本次证据表覆盖，不是角色人气或作品量排名。
绵月依姬,绵月依姬,1,2011-03-05,2011-03-05,Japanese blog,jp,result_table_mention,1,4,0,1,1,1,0,,94,basic_index_only,included,事件数与题名命中数只表示本次证据表覆盖，不是角色人气或作品量排名。
胡桃,胡桃,1,2026-08-22,2026-08-22,Bilibili,,poll_support_art,0,0,0,1,0,0,0,,130,basic_index_only,included,事件数与题名命中数只表示本次证据表覆盖，不是角色人气或作品量排名。
舞,舞,1,2023-05-25,2023-05-25,Bilibili,,derivative_music,0,0,0,1,0,0,0,,153,basic_index_only,included,事件数与题名命中数只表示本次证据表覆盖，不是角色人气或作品量排名。
艾丽,艾丽,1,2022-04-23,2022-04-23,Bilibili,,derivative_music,0,0,0,1,0,0,0,,149,basic_index_only,included,事件数与题名命中数只表示本次证据表覆盖，不是角色人气或作品量排名。
芙兰朵露·斯卡蕾特,芙兰朵露斯卡蕾特,1,2008-02-18,2008-02-18,Japanese blog,jp,result_table_mention,2,0,0,1,2,2,0,,4,basic_index_only,included,事件数与题名命中数只表示本次证据表覆盖，不是角色人气或作品量排名。
菊理,菊理,1,2025-08-31,2025-08-31,X,jp,long_tail_statistics,0,0,0,0,0,0,0,,181,basic_index_only,included,事件数与题名命中数只表示本次证据表覆盖，不是角色人气或作品量排名。
萨丽爱尔,萨丽爱尔,1,2022-11-07,2022-11-07,Bilibili,,derivative_music,0,0,0,1,0,0,0,,142,basic_index_only,included,事件数与题名命中数只表示本次证据表覆盖，不是角色人气或作品量排名。
萨拉,萨拉,1,2023-03-09,2023-03-09,Bilibili,,derivative_music,0,0,0,0,0,0,0,,178,basic_index_only,included,事件数与题名命中数只表示本次证据表覆盖，不是角色人气或作品量排名。
蓬莱山辉夜,蓬莱山辉夜,1,2008-02-18,2008-02-18,Japanese blog,jp,result_table_mention,4,0,0,1,4,2,2,,25,basic_index_only,included,事件数与题名命中数只表示本次证据表覆盖，不是角色人气或作品量排名。
里香,里香,1,2017-05-15,2017-05-15,Bilibili,,derivative_animation,0,0,0,0,0,0,0,,164,basic_index_only,included,事件数与题名命中数只表示本次证据表覆盖，不是角色人气或作品量排名。
铃瑚,铃瑚,1,2017-03-06,2017-03-06,Bilibili,,derivative_animation,0,0,0,1,0,0,0,,137,basic_index_only,included,事件数与题名命中数只表示本次证据表覆盖，不是角色人气或作品量排名。
雪,雪,1,2023-05-25,2023-05-25,Bilibili,,derivative_music,0,0,0,1,0,0,0,,156,basic_index_only,included,事件数与题名命中数只表示本次证据表覆盖，不是角色人气或作品量排名。
霍青娥,霍青娥,1,2012-02-29,2012-02-29,Japanese blog,jp,result_interpretation,0,0,0,1,0,0,0,,68,basic_index_only,included,事件数与题名命中数只表示本次证据表覆盖，不是角色人气或作品量排名。
露娜切露德,露娜切露德,1,2011-03-02,2011-03-02,Japanese blog,jp,result_table_mention,3,0,0,1,2,2,0,,97,basic_index_only,included,事件数与题名命中数只表示本次证据表覆盖，不是角色人气或作品量排名。
露娜萨·普莉兹姆利巴,露娜萨普莉兹姆利巴,1,2008-02-18,2008-02-18,Japanese blog,jp,result_table_mention,0,0,0,1,0,0,0,,103,basic_index_only,included,事件数与题名命中数只表示本次证据表覆盖，不是角色人气或作品量排名。
露易兹,露易兹,1,2025-08-31,2025-08-31,X,jp,long_tail_statistics,0,0,0,0,0,0,0,,176,basic_index_only,included,事件数与题名命中数只表示本次证据表覆盖，不是角色人气或作品量排名。
饭纲丸龙,饭纲丸龙,1,2026-08-21,2026-08-21,Bilibili,jp,support_video,3,5,0,1,4,4,0,,42,verified,included,事件数与题名命中数只表示本次证据表覆盖，不是角色人气或作品量排名。
驹草山如,驹草山如,1,2026-08-22,2026-08-22,Tieba,jp,support_thread,3,0,1,1,2,2,0,,152,basic_index_only,included,事件数与题名命中数只表示本次证据表覆盖，不是角色人气或作品量排名。
魂魄妖忌,魂魄妖忌,1,2023-02-11,2023-02-11,Bilibili,,derivative_mmd,0,0,0,1,0,0,0,,155,basic_index_only,included,事件数与题名命中数只表示本次证据表覆盖，不是角色人气或作品量排名。
黑谷山女,黑谷山女,1,2011-03-02,2011-03-02,Japanese blog,jp,result_table_mention,0,0,0,1,0,0,0,,113,basic_index_only,included,事件数与题名命中数只表示本次证据表覆盖，不是角色人气或作品量排名。
万岁乐,万岁乐,0,,,,,,0,0,0,0,0,0,0,,197,out_of_scope_no_thbwiki_index,excluded,事件数与题名命中数只表示本次证据表覆盖，不是角色人气或作品量排名。
东方鬼角色,东方鬼角色,0,,,,,,1,0,0,0,0,0,0,,,not_round21_candidate_or_unmatched_evidence,context_only,事件数与题名命中数只表示本次证据表覆盖，不是角色人气或作品量排名。
乌鸦（地狱鸦、紫和文的使魔等）,乌鸦地狱鸦紫和文的使魔等,0,,,,,,0,0,0,0,0,0,0,,185,out_of_scope_no_thbwiki_index,excluded,事件数与题名命中数只表示本次证据表覆盖，不是角色人气或作品量排名。
二岩猯藏,二岩猯藏,0,,,,,,1,0,0,1,1,1,0,,78,basic_index_only,included,事件数与题名命中数只表示本次证据表覆盖，不是角色人气或作品量排名。
云居一轮,云居一轮,0,,,,,,1,0,0,1,1,1,0,,118,out_of_scope_no_thbwiki_index,excluded,事件数与题名命中数只表示本次证据表覆盖，不是角色人气或作品量排名。
云山,云山,0,,,,,,0,0,0,0,0,0,0,,168,out_of_scope_no_thbwiki_index,excluded,事件数与题名命中数只表示本次证据表覆盖，不是角色人气或作品量排名。
今泉影狼;少名针妙丸;鬼人正邪,今泉影狼少名针妙丸鬼人正邪,0,,,,,,0,0,0,0,1,0,1,,,not_round21_candidate_or_unmatched_evidence,context_only,事件数与题名命中数只表示本次证据表覆盖，不是角色人气或作品量排名。
仙台四郎（福神）,仙台四郎福神,0,,,,,,0,0,0,0,0,0,0,,202,out_of_scope_no_thbwiki_index,excluded,事件数与题名命中数只表示本次证据表覆盖，不是角色人气或作品量排名。
依神女苑,依神女苑,0,,,,,,8,0,1,1,3,2,1,,74,basic_index_only,included,事件数与题名命中数只表示本次证据表覆盖，不是角色人气或作品量排名。
依神女苑;依神紫苑,依神女苑依神紫苑,0,,,,,,0,0,0,0,1,0,1,,,not_round21_candidate_or_unmatched_evidence,context_only,事件数与题名命中数只表示本次证据表覆盖，不是角色人气或作品量排名。
依神女苑;八坂神奈子;依神紫苑,依神女苑八坂神奈子依神紫苑,0,,,,,,0,0,0,0,1,0,1,,,not_round21_candidate_or_unmatched_evidence,context_only,事件数与题名命中数只表示本次证据表覆盖，不是角色人气或作品量排名。
依神女苑;古明地恋;依神紫苑,依神女苑古明地恋依神紫苑,0,,,,,,0,0,0,0,1,0,1,,,not_round21_candidate_or_unmatched_evidence,context_only,事件数与题名命中数只表示本次证据表覆盖，不是角色人气或作品量排名。
依神女苑;少名针妙丸;射命丸文;博丽灵梦;八坂神奈子;丰聪耳神子;依神紫苑;圣白莲,依神女苑少名针妙丸射命丸文博丽灵梦八坂神奈子丰聪耳神子依神紫苑圣白莲,0,,,,,,0,0,0,0,1,0,1,,,not_round21_candidate_or_unmatched_evidence,context_only,事件数与题名命中数只表示本次证据表覆盖，不是角色人气或作品量排名。
依神紫苑,依神紫苑,0,,,,,,13,0,2,1,8,3,5,,34,basic_index_only,included,事件数与题名命中数只表示本次证据表覆盖，不是角色人气或作品量排名。
先代巫女,先代巫女,0,,,,,,2,0,0,1,2,2,0,,105,out_of_scope_no_thbwiki_index,excluded,事件数与题名命中数只表示本次证据表覆盖，不是角色人气或作品量排名。
克劳恩皮丝,克劳恩皮丝,0,,,,,,1,0,0,1,1,1,0,,70,basic_index_only,included,事件数与题名命中数只表示本次证据表覆盖，不是角色人气或作品量排名。
兔子（玉兔、永远亭的妖怪兔等）,兔子玉兔永远亭的妖怪兔等,0,,,,,,0,0,0,0,0,0,0,,184,out_of_scope_no_thbwiki_index,excluded,事件数与题名命中数只表示本次证据表覆盖，不是角色人气或作品量排名。
八云紫;射命丸文,八云紫射命丸文,0,,,,,,0,0,0,0,1,0,1,,,not_round21_candidate_or_unmatched_evidence,context_only,事件数与题名命中数只表示本次证据表覆盖，不是角色人气或作品量排名。
八云蓝,八云蓝,0,,,,,,1,0,0,1,1,1,0,,31,basic_index_only,included,事件数与题名命中数只表示本次证据表覆盖，不是角色人气或作品量排名。
冈崎梦美,冈崎梦美,0,,,,,,1,0,0,1,1,1,0,,90,basic_index_only,included,事件数与题名命中数只表示本次证据表覆盖，不是角色人气或作品量排名。
冴月麟,冴月麟,0,,,,,,4,10,0,1,4,4,0,,119,basic_index_only,included,事件数与题名命中数只表示本次证据表覆盖，不是角色人气或作品量排名。
华扇的宠物（久米、竿打、雷兽（务光）、彭祖、人面犬等）,华扇的宠物久米竿打雷兽务光彭祖人面犬等,0,,,,,,0,0,0,0,0,0,0,,189,out_of_scope_no_thbwiki_index,excluded,事件数与题名命中数只表示本次证据表覆盖，不是角色人气或作品量排名。
卓柏卡布拉,卓柏卡布拉,0,,,,,,0,0,0,0,0,0,0,,188,out_of_scope_no_thbwiki_index,excluded,事件数与题名命中数只表示本次证据表覆盖，不是角色人气或作品量排名。
古明地恋;鬼人正邪;封兽鵺,古明地恋鬼人正邪封兽鵺,0,,,,,,0,0,0,0,1,0,1,,,not_round21_candidate_or_unmatched_evidence,context_only,事件数与题名命中数只表示本次证据表覆盖，不是角色人气或作品量排名。
吉吊八千慧,吉吊八千慧,0,,,,,,1,0,0,1,1,1,0,,81,basic_index_only,included,事件数与题名命中数只表示本次证据表覆盖，不是角色人气或作品量排名。
命莲,命莲,0,,,,,,0,0,0,0,0,0,0,,199,out_of_scope_no_thbwiki_index,excluded,事件数与题名命中数只表示本次证据表覆盖，不是角色人气或作品量排名。
地精,地精,0,,,,,,0,0,0,0,0,0,0,,192,out_of_scope_no_thbwiki_index,excluded,事件数与题名命中数只表示本次证据表覆盖，不是角色人气或作品量排名。
坂田合欢,坂田合欢,0,,,,,,1,0,0,1,1,1,0,,141,basic_index_only,included,事件数与题名命中数只表示本次证据表覆盖，不是角色人气或作品量排名。
堀川雷鼓,堀川雷鼓,0,,,,,,2,0,0,1,2,2,0,,92,basic_index_only,included,事件数与题名命中数只表示本次证据表覆盖，不是角色人气或作品量排名。
多角色,多角色,0,,,,,,1,0,10,0,0,0,0,,,not_round21_candidate_or_unmatched_evidence,context_only,事件数与题名命中数只表示本次证据表覆盖，不是角色人气或作品量排名。
大鹫灵,大鹫灵,0,,,,,,0,0,0,0,0,0,0,,205,out_of_scope_no_thbwiki_index,excluded,事件数与题名命中数只表示本次证据表覆盖，不是角色人气或作品量排名。
天弓千亦,天弓千亦,0,,,,,,1,0,0,1,1,1,0,,56,basic_index_only,included,事件数与题名命中数只表示本次证据表覆盖，不是角色人气或作品量排名。
天狗（香霖堂的天狗、大天狗等）,天狗香霖堂的天狗大天狗等,0,,,,,,0,0,0,0,0,0,0,,198,out_of_scope_no_thbwiki_index,excluded,事件数与题名命中数只表示本次证据表覆盖，不是角色人气或作品量排名。
姬虫百百世,姬虫百百世,0,,,,,,2,0,0,1,2,2,0,,102,basic_index_only,included,事件数与题名命中数只表示本次证据表覆盖，不是角色人气或作品量排名。
孙美天,孙美天,0,,,,,,1,0,0,1,1,1,0,,136,basic_index_only,included,事件数与题名命中数只表示本次证据表覆盖，不是角色人气或作品量排名。
宇佐见堇子,宇佐见堇子,0,,,,,,2,0,0,1,2,2,0,,85,basic_index_only,included,事件数与题名命中数只表示本次证据表覆盖，不是角色人气或作品量排名。
宫古芳香,宫古芳香,0,,,,,,1,0,0,1,1,1,0,,98,basic_index_only,included,事件数与题名命中数只表示本次证据表覆盖，不是角色人气或作品量排名。
小铃的父母,小铃的父母,0,,,,,,0,0,0,0,0,0,0,,218,out_of_scope_no_thbwiki_index,excluded,事件数与题名命中数只表示本次证据表覆盖，不是角色人气或作品量排名。
少名针妙丸,少名针妙丸,0,,,,,,5,0,0,1,2,2,0,,87,basic_index_only,included,事件数与题名命中数只表示本次证据表覆盖，不是角色人气或作品量排名。
尘塚姥芽,尘塚姥芽,0,,,,,,1,0,0,1,1,1,0,,163,basic_index_only,included,事件数与题名命中数只表示本次证据表覆盖，不是角色人气或作品量排名。
山城高岭,山城高岭,0,,,,,,1,0,0,1,1,1,0,,146,basic_index_only,included,事件数与题名命中数只表示本次证据表覆盖，不是角色人气或作品量排名。
岩笠,岩笠,0,,,,,,0,0,0,0,0,0,0,,190,out_of_scope_no_thbwiki_index,excluded,事件数与题名命中数只表示本次证据表覆盖，不是角色人气或作品量排名。
幽灵（包括怨灵、神灵、旧作的一种杂鱼）,幽灵包括怨灵神灵旧作的一种杂鱼,0,,,,,,0,0,0,0,0,0,0,,204,out_of_scope_no_thbwiki_index,excluded,事件数与题名命中数只表示本次证据表覆盖，不是角色人气或作品量排名。
座敷童子,座敷童子,0,,,,,,0,0,0,0,0,0,0,,217,out_of_scope_no_thbwiki_index,excluded,事件数与题名命中数只表示本次证据表覆盖，不是角色人气或作品量排名。
影华扇（断善修恶的怪臂 - 茨木童子之臂）,影华扇断善修恶的怪臂茨木童子之臂,0,,,,,,0,0,0,1,0,0,0,,131,out_of_scope_no_thbwiki_index,excluded,事件数与题名命中数只表示本次证据表覆盖，不是角色人气或作品量排名。
抗抑郁药大叔（长相酷似周杰伦的村民）,抗抑郁药大叔长相酷似周杰伦的村民,0,,,,,,0,0,0,0,0,0,0,,166,out_of_scope_no_thbwiki_index,excluded,事件数与题名命中数只表示本次证据表覆盖，不是角色人气或作品量排名。
摩多罗隐岐奈,摩多罗隐岐奈,0,,,,,,4,0,0,1,4,3,1,,43,basic_index_only,included,事件数与题名命中数只表示本次证据表覆盖，不是角色人气或作品量排名。
斯塔萨菲雅,斯塔萨菲雅,0,,,,,,1,0,0,1,1,1,0,,114,basic_index_only,included,事件数与题名命中数只表示本次证据表覆盖，不是角色人气或作品量排名。
日白残无,日白残无,0,,,,,,1,0,0,1,1,1,0,,103,verified,included,事件数与题名命中数只表示本次证据表覆盖，不是角色人气或作品量排名。
旧作的无名道中Boss,旧作的无名道中boss,0,,,,,,0,0,0,0,0,0,0,,177,out_of_scope_no_thbwiki_index,excluded,事件数与题名命中数只表示本次证据表覆盖，不是角色人气或作品量排名。
明罗,明罗,0,,,,,,1,0,0,1,1,1,0,,162,basic_index_only,included,事件数与题名命中数只表示本次证据表覆盖，不是角色人气或作品量排名。
星熊勇仪,星熊勇仪,0,,,,,,0,1,0,1,0,0,0,,84,basic_index_only,included,事件数与题名命中数只表示本次证据表覆盖，不是角色人气或作品量排名。
月之都的门卫,月之都的门卫,0,,,,,,0,0,0,0,0,0,0,,209,out_of_scope_no_thbwiki_index,excluded,事件数与题名命中数只表示本次证据表覆盖，不是角色人气或作品量排名。
木花咲耶姬,木花咲耶姬,0,,,,,,0,0,0,0,0,0,0,,207,out_of_scope_no_thbwiki_index,excluded,事件数与题名命中数只表示本次证据表覆盖，不是角色人气或作品量排名。
本居小铃,本居小铃,0,,,,,,0,2,0,1,0,0,0,,72,basic_index_only,included,事件数与题名命中数只表示本次证据表覆盖，不是角色人气或作品量排名。
村纱水蜜,村纱水蜜,0,,,,,,1,0,0,1,1,1,0,,67,basic_index_only,included,事件数与题名命中数只表示本次证据表覆盖，不是角色人气或作品量排名。
村里的人类（在文花帖、求闻史记、铃奈庵等登场的人类）,村里的人类在文花帖求闻史记铃奈庵等登场的人类,0,,,,,,0,0,0,0,0,0,0,,192,out_of_scope_no_thbwiki_index,excluded,事件数与题名命中数只表示本次证据表覆盖，不是角色人气或作品量排名。
核热造神非想天则,核热造神非想天则,0,,,,,,0,0,0,0,0,0,0,,180,out_of_scope_no_thbwiki_index,excluded,事件数与题名命中数只表示本次证据表覆盖，不是角色人气或作品量排名。
桑尼米尔克,桑尼米尔克,0,,,,,,1,0,0,1,1,1,0,,116,basic_index_only,included,事件数与题名命中数只表示本次证据表覆盖，不是角色人气或作品量排名。
梦子,梦子,0,,,,,,1,0,0,1,1,1,0,,135,basic_index_only,included,事件数与题名命中数只表示本次证据表覆盖，不是角色人气或作品量排名。
橙,橙,0,,,,,,1,0,0,1,1,1,0,,51,basic_index_only,included,事件数与题名命中数只表示本次证据表覆盖，不是角色人气或作品量排名。
毘沙门天,毘沙门天,0,,,,,,0,0,0,0,0,0,0,,209,out_of_scope_no_thbwiki_index,excluded,事件数与题名命中数只表示本次证据表覆盖，不是角色人气或作品量排名。
毛玉,毛玉,0,,,,,,0,0,0,0,0,0,0,,173,out_of_scope_no_thbwiki_index,excluded,事件数与题名命中数只表示本次证据表覆盖，不是角色人气或作品量排名。
水江浦岛子（瑞江浦岛子）,水江浦岛子瑞江浦岛子,0,,,,,,0,0,0,0,0,0,0,,213,out_of_scope_no_thbwiki_index,excluded,事件数与题名命中数只表示本次证据表覆盖，不是角色人气或作品量排名。
水獭灵,水獭灵,0,,,,,,0,0,0,0,0,0,0,,174,out_of_scope_no_thbwiki_index,excluded,事件数与题名命中数只表示本次证据表覆盖，不是角色人气或作品量排名。
沓颊,沓颊,0,,,,,,0,0,0,0,0,0,0,,215,out_of_scope_no_thbwiki_index,excluded,事件数与题名命中数只表示本次证据表覆盖，不是角色人气或作品量排名。
河童（含山童）,河童含山童,0,,,,,,0,0,0,0,0,0,0,,196,out_of_scope_no_thbwiki_index,excluded,事件数与题名命中数只表示本次证据表覆盖，不是角色人气或作品量排名。
灵乌路空,灵乌路空,0,,,,,,4,0,0,1,4,4,0,,32,basic_index_only,included,事件数与题名命中数只表示本次证据表覆盖，不是角色人气或作品量排名。
烟烟罗,烟烟罗,0,,,,,,0,0,0,0,0,0,0,,221,out_of_scope_no_thbwiki_index,excluded,事件数与题名命中数只表示本次证据表覆盖，不是角色人气或作品量排名。
爱丽丝的人偶（上海、蓬莱、大江户等）,爱丽丝的人偶上海蓬莱大江户等,0,,,,,,0,0,0,1,0,0,0,,126,out_of_scope_no_thbwiki_index,excluded,事件数与题名命中数只表示本次证据表覆盖，不是角色人气或作品量排名。
爱莲,爱莲,0,,,,,,2,0,0,1,2,2,0,,147,basic_index_only,included,事件数与题名命中数只表示本次证据表覆盖，不是角色人气或作品量排名。
狐（妖怪狐、年幼的妖狐等）,狐妖怪狐年幼的妖狐等,0,,,,,,0,0,0,0,0,0,0,,191,out_of_scope_no_thbwiki_index,excluded,事件数与题名命中数只表示本次证据表覆盖，不是角色人气或作品量排名。
狸（妖怪狸、野铁炮等）,狸妖怪狸野铁炮等,0,,,,,,0,0,0,0,0,0,0,,216,out_of_scope_no_thbwiki_index,excluded,事件数与题名命中数只表示本次证据表覆盖，不是角色人气或作品量排名。
琪斯美,琪斯美,0,,,,,,1,0,0,1,1,1,0,,151,basic_index_only,included,事件数与题名命中数只表示本次证据表覆盖，不是角色人气或作品量排名。
留琴,留琴,0,,,,,,2,0,0,1,2,2,0,,157,basic_index_only,included,事件数与题名命中数只表示本次证据表覆盖，不是角色人气或作品量排名。
盐家老板,盐家老板,0,,,,,,0,0,0,0,0,0,0,,207,out_of_scope_no_thbwiki_index,excluded,事件数与题名命中数只表示本次证据表覆盖，不是角色人气或作品量排名。
睡鼠,睡鼠,0,,,,,,0,0,0,0,0,0,0,,218,out_of_scope_no_thbwiki_index,excluded,事件数与题名命中数只表示本次证据表覆盖，不是角色人气或作品量排名。
矢田寺成美,矢田寺成美,0,,,,,,2,0,0,1,1,1,0,,143,basic_index_only,included,事件数与题名命中数只表示本次证据表覆盖，不是角色人气或作品量排名。
神绮,神绮,0,,,,,,2,39,0,1,2,2,0,5894,61,verified,included,事件数与题名命中数只表示本次证据表覆盖，不是角色人气或作品量排名。
秦心,秦心,0,,,,,,4,2,0,1,4,4,0,,20,basic_index_only,included,事件数与题名命中数只表示本次证据表覆盖，不是角色人气或作品量排名。
稀神探女,稀神探女,0,,,,,,2,0,0,1,2,2,0,,41,basic_index_only,included,事件数与题名命中数只表示本次证据表覆盖，不是角色人气或作品量排名。
纯狐,纯狐,0,,,,,,3,1,0,1,3,3,0,,26,basic_index_only,included,事件数与题名命中数只表示本次证据表覆盖，不是角色人气或作品量排名。
苏我屠自古,苏我屠自古,0,,,,,,1,0,0,1,1,1,0,,88,basic_index_only,included,事件数与题名命中数只表示本次证据表覆盖，不是角色人气或作品量排名。
若鹭姬,若鹭姬,0,,,,,,2,0,0,1,1,1,0,,99,basic_index_only,included,事件数与题名命中数只表示本次证据表覆盖，不是角色人气或作品量排名。
若鹭姬;上白泽慧音,若鹭姬上白泽慧音,0,,,,,,0,0,0,0,1,0,1,,,not_round21_candidate_or_unmatched_evidence,context_only,事件数与题名命中数只表示本次证据表覆盖，不是角色人气或作品量排名。
莱卡,莱卡,0,,,,,,0,0,0,0,0,0,0,,212,out_of_scope_no_thbwiki_index,excluded,事件数与题名命中数只表示本次证据表覆盖，不是角色人气或作品量排名。
菅牧典,菅牧典,0,,,,,,2,1,0,1,2,2,0,,66,basic_index_only,included,事件数与题名命中数只表示本次证据表覆盖，不是角色人气或作品量排名。
蓬莱人形封面的少女（夹克子）,蓬莱人形封面的少女夹克子,0,,,,,,0,0,0,1,0,0,0,,115,out_of_scope_no_thbwiki_index,excluded,事件数与题名命中数只表示本次证据表覆盖，不是角色人气或作品量排名。
蓬莱人形碟面的少女（Label子）,蓬莱人形碟面的少女label子,0,,,,,,0,0,0,1,0,0,0,,158,out_of_scope_no_thbwiki_index,excluded,事件数与题名命中数只表示本次证据表覆盖，不是角色人气或作品量排名。
蛞蝓（蛞蝓卫门）,蛞蝓蛞蝓卫门,0,,,,,,0,0,0,0,0,0,0,,187,out_of_scope_no_thbwiki_index,excluded,事件数与题名命中数只表示本次证据表覆盖，不是角色人气或作品量排名。
蟒蛇,蟒蛇,0,,,,,,0,0,0,0,0,0,0,,214,out_of_scope_no_thbwiki_index,excluded,事件数与题名命中数只表示本次证据表覆盖，不是角色人气或作品量排名。
袈裟罗婆娑罗,袈裟罗婆娑罗,0,,,,,,0,0,0,0,0,0,0,,200,out_of_scope_no_thbwiki_index,excluded,事件数与题名命中数只表示本次证据表覆盖，不是角色人气或作品量排名。
豪德寺三花,豪德寺三花,0,,,,,,1,0,0,1,1,1,0,,121,basic_index_only,included,事件数与题名命中数只表示本次证据表覆盖，不是角色人气或作品量排名。
赤蛮奇,赤蛮奇,0,,,,,,4,0,0,1,3,2,1,,65,basic_index_only,included,事件数与题名命中数只表示本次证据表覆盖，不是角色人气或作品量排名。
赫卡提亚·拉碧斯拉祖利,赫卡提亚拉碧斯拉祖利,0,,,,,,2,0,0,1,2,2,0,,33,basic_index_only,included,事件数与题名命中数只表示本次证据表覆盖，不是角色人气或作品量排名。
运松翁,运松翁,0,,,,,,0,0,0,0,0,0,0,,218,out_of_scope_no_thbwiki_index,excluded,事件数与题名命中数只表示本次证据表覆盖，不是角色人气或作品量排名。
道神驯子,道神驯子,0,,,,,,2,0,0,1,3,3,0,,60,basic_index_only,included,事件数与题名命中数只表示本次证据表覆盖，不是角色人气或作品量排名。
都市传说的怪异（阿菊、八尺大人等）,都市传说的怪异阿菊八尺大人等,0,,,,,,0,0,0,0,0,0,0,,201,out_of_scope_no_thbwiki_index,excluded,事件数与题名命中数只表示本次证据表覆盖，不是角色人气或作品量排名。
酒虫,酒虫,0,,,,,,0,0,0,0,0,0,0,,209,out_of_scope_no_thbwiki_index,excluded,事件数与题名命中数只表示本次证据表覆盖，不是角色人气或作品量排名。
野槌,野槌,0,,,,,,0,0,0,0,0,0,0,,179,out_of_scope_no_thbwiki_index,excluded,事件数与题名命中数只表示本次证据表覆盖，不是角色人气或作品量排名。
野狼灵,野狼灵,0,,,,,,0,0,0,0,0,0,0,,194,out_of_scope_no_thbwiki_index,excluded,事件数与题名命中数只表示本次证据表覆盖，不是角色人气或作品量排名。
铃仙二号,铃仙二号,0,,,,,,0,1,0,1,0,0,0,,138,basic_index_only,included,事件数与题名命中数只表示本次证据表覆盖，不是角色人气或作品量排名。
降神的神灵（天照、伊豆能卖等）,降神的神灵天照伊豆能卖等,0,,,,,,0,0,0,0,0,0,0,,202,out_of_scope_no_thbwiki_index,excluded,事件数与题名命中数只表示本次证据表覆盖，不是角色人气或作品量排名。
飞碟（红、蓝、绿、其他）,飞碟红蓝绿其他,0,,,,,,0,0,0,0,0,0,0,,171,out_of_scope_no_thbwiki_index,excluded,事件数与题名命中数只表示本次证据表覆盖，不是角色人气或作品量排名。
骊驹早鬼,骊驹早鬼,0,,,,,,1,0,0,1,1,1,0,,112,basic_index_only,included,事件数与题名命中数只表示本次证据表覆盖，不是角色人气或作品量排名。
高丽野阿吽,高丽野阿吽,0,,,,,,3,0,0,1,3,3,0,,95,basic_index_only,included,事件数与题名命中数只表示本次证据表覆盖，不是角色人气或作品量排名。
魂魄妖梦;古明地恋;博丽灵梦,魂魄妖梦古明地恋博丽灵梦,0,,,,,,0,0,0,0,1,0,1,,,not_round21_candidate_or_unmatched_evidence,context_only,事件数与题名命中数只表示本次证据表覆盖，不是角色人气或作品量排名。
鲵吞亭店主,鲵吞亭店主,0,,,,,,0,0,0,0,0,0,0,,205,out_of_scope_no_thbwiki_index,excluded,事件数与题名命中数只表示本次证据表覆盖，不是角色人气或作品量排名。
鲵吞亭的常客,鲵吞亭的常客,0,,,,,,0,0,0,0,0,0,0,,182,out_of_scope_no_thbwiki_index,excluded,事件数与题名命中数只表示本次证据表覆盖，不是角色人气或作品量排名。
龙（子龙、邪龙等）,龙子龙邪龙等,0,,,,,,0,0,0,0,0,0,0,,195,out_of_scope_no_thbwiki_index,excluded,事件数与题名命中数只表示本次证据表覆盖，不是角色人气或作品量排名。
