event_id,event_date,event_time_precision,platform,platform_region,poll_region_alignment,diffusion_class,character_cn,character_jp,event_type,community_layer,poll_round_before,poll_round_after,phase,source_url,source_title_or_excerpt,metric_snapshot,observed_at,interpretation,causal_limit,verification_status,character_key,before_rank,after_rank,rank_improvement,before_candidate_count,after_candidate_count,before_top_percentile,after_top_percentile,before_points_jp,after_points_jp,before_primary_jp,after_primary_jp,before_official_support_jp,after_official_support_jp,before_votes_cn,after_votes_cn,before_primary_cn,after_primary_cn,before_weighted_score_cn,after_weighted_score_cn,join_status,alignment_limit
x_r7_nazrin_prediction,2010-02-13,day,X,JP,jp,domestic_platform_poll_alignment,娜兹玲,ナズーリン,prediction,discussion,6,7,during_vote,https://x.com/sen_astronomy/status/9016895673,星莲船角色中娜兹玲可能最有人气,,2026-08-23,第7回投票期内已有针对新作角色相对人气的公开预测,预测帖不能代替结果也不能量化动员,verified_logged_in,娜兹玲,,25,,,124,,80.4878,,3107,,295,,,,,,,,,after_only,时间相邻只支持描述性对齐；社媒互动、播放、标签量、支援数和投票指标禁止相加。
pixiv_r8_satori_support,2011-02-19,day,Pixiv,JP,jp,domestic_platform_poll_alignment,古明地觉,古明地 さとり,support_art,derivative,7,8,during_vote,https://www.pixiv.net/artworks/16794603,第8回投票末日为觉等六名角色应援,576赞;194收藏;27752阅览,2026-08-23,投票截止日发布的多角色应援漫画把二创直接接入投票期,当前累计指标不能还原2011年的当日曝光,verified_logged_in,古明地觉,8,8,0.0,124,128,94.3089,94.4882,5471,6113,732,871,,,,,,,,,before_and_after,时间相邻只支持描述性对齐；社媒互动、播放、标签量、支援数和投票指标禁止相加。
pixiv_r8_eiki_support,2011-02-19,day,Pixiv,JP,jp,domestic_platform_poll_alignment,四季映姬·夜摩仙那度,四季映姫・ヤマザナドゥ,support_art,derivative,7,8,during_vote,https://www.pixiv.net/artworks/16794603,第8回投票末日为映姬等六名角色应援,576赞;194收藏;27752阅览,2026-08-23,同一作品支持多名角色说明应援供给不能按作品数直接等同单角色票数,当前累计指标不能还原2011年的当日曝光,verified_logged_in,四季映姬夜摩仙那度,26,35,-9.0,124,128,79.6748,73.2283,2889,2486,427,369,,,,,,,,,before_and_after,时间相邻只支持描述性对齐；社媒互动、播放、标签量、支援数和投票指标禁止相加。
pixiv_r8_koishi_support,2011-02-19,day,Pixiv,JP,jp,domestic_platform_poll_alignment,古明地恋,古明地 こいし,support_art,derivative,7,8,during_vote,https://www.pixiv.net/artworks/16794603,第8回投票末日为恋恋等六名角色应援,576赞;194收藏;27752阅览,2026-08-23,2011评论只关注恋恋的玩笑显示多角色应援也会被单角色注意力重新聚焦,单条评论不代表受众总体偏好,verified_logged_in,古明地恋,22,15,7.0,124,128,82.9268,88.9764,3283,4827,434,706,,,,,,,,,before_and_after,时间相邻只支持描述性对齐；社媒互动、播放、标签量、支援数和投票指标禁止相加。
pixiv_r8_nue_support,2011-02-19,day,Pixiv,JP,jp,domestic_platform_poll_alignment,封兽鵺,封獣 ぬえ,support_art,derivative,7,8,during_vote,https://www.pixiv.net/artworks/16794603,第8回投票末日为鵺等六名角色应援,576赞;194收藏;27752阅览,2026-08-23,早期Pixiv已存在投票末日的多角色应援实践,作品存在不等于受众完成了投票,verified_logged_in,封兽鵺,41,38,3.0,124,128,67.4797,70.8661,1783,2314,160,212,,,,,,,,,before_and_after,时间相邻只支持描述性对齐；社媒互动、播放、标签量、支援数和投票指标禁止相加。
pixiv_r8_nazrin_support,2011-02-19,day,Pixiv,JP,jp,domestic_platform_poll_alignment,娜兹玲,ナズーリン,support_art,derivative,7,8,during_vote,https://www.pixiv.net/artworks/16794603,第8回投票末日为娜兹玲等六名角色应援,576赞;194收藏;27752阅览,2026-08-23,与第7回X预测相隔一年后仍可见娜兹玲应援作品,不能从两条材料推断稳定支持盘大小,verified_logged_in,娜兹玲,25,27,-2.0,124,128,80.4878,79.5276,3107,2886,295,318,,,,,,,,,before_and_after,时间相邻只支持描述性对齐；社媒互动、播放、标签量、支援数和投票指标禁止相加。
pixiv_r8_koishi_focus_comment,2011-02-19,day,Pixiv,JP,jp,domestic_platform_poll_alignment,古明地恋,古明地 こいし,comment_reaction,comment,7,8,post_publish,https://www.pixiv.net/artworks/16794603,五人应援图里我只对恋恋有兴趣,,2026-08-23,评论层显示受众会从群体应援中提取单角色笑点,单条评论只能作质性样本,verified_logged_in,古明地恋,22,15,7.0,124,128,82.9268,88.9764,3283,4827,434,706,,,,,,,,,before_and_after,时间相邻只支持描述性对齐；社媒互动、播放、标签量、支援数和投票指标禁止相加。
pixiv_easya_early,2015-03-01,day,Pixiv,JP,jp,domestic_platform_poll_alignment,易者,易者,derivative_art,derivative,10,11,inter_round,https://www.pixiv.net/artworks/49042898,易者二创早期样本,,2026-08-23,易者在进入第11回榜单前已有可见二创并非投票后才出现,单件作品不能证明覆盖规模或名次原因,verified_logged_in,易者,,100,,,172,,42.1053,,129,,18,,0,,,,,,,after_only,时间相邻只支持描述性对齐；社媒互动、播放、标签量、支援数和投票指标禁止相加。
x_r11_mokou_lolk_effect,2015-06-01,second,X,JP,jp,domestic_platform_poll_alignment,藤原妹红,藤原 妹紅,result_interpretation,discussion,10,11,post_result,https://x.com/yakumo_midori_/status/605202324164706304,深秘录登场效应被用于解释妹红重返Top10,,2026-08-23,赛后即时把官方新作登场与名次变化联系起来,这是社区解释而非控制其他因素后的因果估计,verified_logged_in,藤原妹红,12,8,4.0,159,172,93.038,95.9064,3934,5290,808,1021,,6,,,,,,,before_and_after,时间相邻只支持描述性对齐；社媒互动、播放、标签量、支援数和投票指标禁止相加。
x_r11_seija_rise,2015-06-01,second,X,JP,jp,domestic_platform_poll_alignment,鬼人正邪,鬼人 正邪,result_interpretation,discussion,10,11,post_result,https://x.com/kochi13/status/605216258016092160,正邪布都小伞上涨尚可理解但莲子发生了什么,,2026-08-23,第11回结果后社区明确注意到正邪等角色上涨,帖子未给出完整机制和反事实,verified_logged_in,鬼人正邪,56,27,29.0,159,172,65.1899,84.7953,1107,2303,97,337,,6,,,,,,,before_and_after,时间相邻只支持描述性对齐；社媒互动、播放、标签量、支援数和投票指标禁止相加。
x_r11_renko_surprise,2015-06-01,second,X,JP,jp,domestic_platform_poll_alignment,宇佐见莲子,宇佐見 蓮子,result_interpretation,discussion,10,11,post_result,https://x.com/kochi13/status/605216258016092160,正邪布都小伞上涨尚可理解但莲子发生了什么,,2026-08-23,同一帖子把莲子作为无法解释的上涨案例保留了不确定性,惊讶不等于发现了传播机制,verified_logged_in,宇佐见莲子,37,22,15.0,159,172,77.2152,87.7193,1889,2577,231,342,,3,,,,,,,before_and_after,时间相邻只支持描述性对齐；社媒互动、播放、标签量、支援数和投票指标禁止相加。
x_r11_seija_parsee_pair,2015-06-02,second,X,JP,jp,domestic_platform_poll_alignment,鬼人正邪,鬼人 正邪,meme_pairing,comment,10,11,post_result,https://x.com/levelerf/status/605689454615920640,下克上后的正邪与嫉妒妖怪帕露西同列27是否形成新组合,,2026-08-23,一设中的下克上与同名次偶合被快速组合成赛后新梗,结果后生成的组合梗不能反向解释投票期票数,verified_logged_in,鬼人正邪,56,27,29.0,159,172,65.1899,84.7953,1107,2303,97,337,,6,,,,,,,before_and_after,时间相邻只支持描述性对齐；社媒互动、播放、标签量、支援数和投票指标禁止相加。
x_r11_parsee_seija_pair,2015-06-02,second,X,JP,jp,domestic_platform_poll_alignment,水桥帕露西,水橋 パルスィ,meme_pairing,comment,10,11,post_result,https://x.com/levelerf/status/605689454615920640,下克上后的正邪与嫉妒妖怪帕露西同列27是否形成新组合,,2026-08-23,同名次成为跨角色二创关系的触发器,回复样本不代表组合梗已广泛扩散,verified_logged_in,水桥帕露西,25,27,-2.0,159,172,84.8101,84.7953,2216,2303,387,450,,7,,,,,,,before_and_after,时间相邻只支持描述性对齐；社媒互动、播放、标签量、支援数和投票指标禁止相加。
x_r11_overview,2015-06-02,second,X,JP,jp,domestic_platform_poll_alignment,鬼人正邪,鬼人 正邪,result_visualization,discussion,10,11,post_result,https://x.com/chair_RYUCA/status/605422650312257536,第11回个人看点图,679转发;486赞,2026-08-23,结果可视化本身形成高互动的二次传播入口,当前看到的是帖子累计互动不是投票规模,verified_logged_in,鬼人正邪,56,27,29.0,159,172,65.1899,84.7953,1107,2303,97,337,,6,,,,,,,before_and_after,时间相邻只支持描述性对齐；社媒互动、播放、标签量、支援数和投票指标禁止相加。
x_r12_easya_last_day,2016-01-16,second,X,JP,jp,domestic_platform_poll_alignment,易者,易者,support_or_mobilization,discussion,11,12,during_vote,https://x.com/augur_bot/status/688013210868408320,投票末日提醒并以易经太极图包装易者,,2026-08-23,角色一设和视觉符号被直接用于投票末日动员,无法识别看帖者是否投票或改变选择,verified_logged_in,易者,100,77,23.0,172,169,42.1053,54.7619,129,1083,18,96,0,3,,,,,,,before_and_after,时间相邻只支持描述性对齐；社媒互动、播放、标签量、支援数和投票指标禁止相加。
x_r12_easya_followup,2016-01-16,second,X,JP,jp,domestic_platform_poll_alignment,易者,易者,support_or_mobilization,discussion,11,12,post_vote,https://x.com/augur_bot/status/688303381190807552,投票后继续以易者身份梗自我包装,,2026-08-23,连续角色扮演说明易者热度不只是一条结果帖,无法把账号连续发帖换算成受众人数,verified_logged_in,易者,100,77,23.0,172,169,42.1053,54.7619,129,1083,18,96,0,3,,,,,,,before_and_after,时间相邻只支持描述性对齐；社媒互动、播放、标签量、支援数和投票指标禁止相加。
x_r12_easya_result,2016-01-21,second,X,JP,jp,domestic_platform_poll_alignment,易者,易者,result_meme,discussion,11,12,post_result,https://x.com/augur_bot/status/690144683004203008,赛后以幸运数字解释易者名次,,2026-08-23,名次数字被吸收为易者占卜梗的一部分,结果梗不能解释结果产生过程,verified_logged_in,易者,100,77,23.0,172,169,42.1053,54.7619,129,1083,18,96,0,3,,,,,,,before_and_after,时间相邻只支持描述性对齐；社媒互动、播放、标签量、支援数和投票指标禁止相加。
x_akyuu_death_2016,2016-08-13,second,X,JP,jp,domestic_platform_poll_alignment,稗田阿求,稗田 阿求,canon_extrapolation,discussion,12,13,long_term_background,https://x.com/Tea_tya_rairen/status/764279935317848064,若幻想乡不是海螺小姐时空阿求不久会死,,2026-08-23,直接证明现实年表死亡梗至少在2016年已公开出现,单帖不足以测量当年普及率,verified_logged_in,稗田阿求,69,65,4.0,169,175,59.5238,63.2184,1391,1278,116,115,0,1,,,,,,,before_and_after,时间相邻只支持描述性对齐；社媒互动、播放、标签量、支援数和投票指标禁止相加。
x_r13_shingyoku_rise,2017-02-01,second,X,JP,jp,domestic_platform_poll_alignment,神玉,神玉,result_interpretation,discussion,12,13,post_result,https://x.com/nickel495/status/826800952749338625,神玉上升11位且为旧作角色中升幅最大,,2026-08-23,小众旧作角色的变化在第13回已被专门统计,升幅最大按该帖口径仍应与官方全榜复核,verified_logged_in,神玉,150,139,11.0,169,175,11.3095,20.6897,43,61,3,5,0,0,,,,,,,before_and_after,时间相邻只支持描述性对齐；社媒互动、播放、标签量、支援数和投票指标禁止相加。
x_akyuu_death_2017,2017-12-13,second,X,JP,jp,domestic_platform_poll_alignment,稗田阿求,稗田 阿求,canon_extrapolation,discussion,13,14,long_term_background,https://x.com/sidou_nanami/status/940958989092773888,再出约五作阿求就会死,,2026-08-23,现实时间与作品数量被继续用于阿求寿命推算,推算不是官方剧情时间,verified_logged_in,稗田阿求,65,74,-9.0,175,186,63.2184,60.5405,1278,981,115,90,1,1,,,,,,,before_and_after,时间相邻只支持描述性对齐；社媒互动、播放、标签量、支援数和投票指标禁止相加。
x_r14_doremy_support,2018-01-20,second,X,JP,jp,domestic_platform_poll_alignment,哆来咪·苏伊特,ドレミー・スイート,support_art,derivative,13,14,during_vote,https://x.com/mottle_silver/status/954708420074004481,第14回末日滑入式哆来咪支援图,,2026-08-23,投票末日有明确角色应援且随后名次70到27,时间相邻不等于支援图造成43名跃升,verified_logged_in,哆来咪苏伊特,70,27,43.0,175,186,60.3448,85.9459,1146,2623,66,228,2,10,,,,,,,before_and_after,时间相邻只支持描述性对齐；社媒互动、播放、标签量、支援数和投票指标禁止相加。
x_r14_doremy_rise,2018-01-23,second,X,JP,jp,domestic_platform_poll_alignment,哆来咪·苏伊特,ドレミー・スイート,result_interpretation,discussion,13,14,post_result,https://x.com/_yutoy/status/955735768076464128,哆来咪上涨很厉害,,2026-08-23,赛后社区清楚注意到哆来咪大幅上涨,感叹帖不提供机制识别,verified_logged_in,哆来咪苏伊特,70,27,43.0,175,186,60.3448,85.9459,1146,2623,66,228,2,10,,,,,,,before_and_after,时间相邻只支持描述性对齐；社媒互动、播放、标签量、支援数和投票指标禁止相加。
x_akyuu_death_2018,2018-05-20,second,X,JP,jp,domestic_platform_poll_alignment,稗田阿求,稗田 阿求,canon_extrapolation,derivative,14,15,long_term_background,https://x.com/sidou_nanami/status/998146829056274433,若阿求死时灵梦也会相当大年纪并据此构思二创,,2026-08-23,寿命梗已经被用于二创世界观构思,二创设想不是官方年表,verified_logged_in,稗田阿求,74,72,2.0,186,186,60.5405,61.6216,981,758,90,73,1,1,,,,,,,before_and_after,时间相邻只支持描述性对齐；社媒互动、播放、标签量、支援数和投票指标禁止相加。
x_akyuu_death_2020,2020-03-20,second,X,JP,jp,domestic_platform_poll_alignment,稗田阿求,稗田 阿求,canon_extrapolation,discussion,15,16,long_term_background,https://x.com/908kureha/status/1240952902438416384,比一百天后死的鳄鱼更在意相识十多年的阿求是否会死,,2026-08-23,阿求梗与当时流行死亡叙事发生跨作品关联,单帖互动与覆盖未记录,verified_logged_in,稗田阿求,72,72,0.0,186,198,61.6216,63.9594,758,1060,73,90,1,0,,,,,,,before_and_after,时间相邻只支持描述性对齐；社媒互动、播放、标签量、支援数和投票指标禁止相加。
x_akyuu_death_2021,2021-09-10,second,X,JP,jp,domestic_platform_poll_alignment,稗田阿求,稗田 阿求,canon_extrapolation,discussion,16,17,long_term_background,https://x.com/touhouhenkenbot/status/1436144263763410959,2024年前后阿求是否死亡会成为世界观转折点,44转发;355赞,2026-08-23,高于前述单帖的可见互动证明2024节点在投票前数年已被公开讨论,互动量不能视为支持票,verified_logged_in,稗田阿求,72,83,-11.0,198,206,63.9594,60.0,1060,917,90,87,0,5,,,,,,,before_and_after,时间相邻只支持描述性对齐；社媒互动、播放、标签量、支援数和投票指标禁止相加。
x_r18_parsee_38,2022-09-27,second,X,JP,jp,domestic_platform_poll_alignment,水桥帕露西,水橋 パルスィ,result_celebration,derivative,17,18,post_result,https://x.com/rotonoturugi_1/status/1574773819096846337,第18回帕露西38名庆祝,,2026-08-23,中腰部角色也有明确名次庆祝作品,庆祝帖不能说明未发帖支持者的规模,verified_logged_in,水桥帕露西,41,38,3.0,206,208,80.4878,82.1256,2184,3058,339,426,7,6,,,,,,,before_and_after,时间相邻只支持描述性对齐；社媒互动、播放、标签量、支援数和投票指标禁止相加。
x_akyuu_death_2023,2023-08-11,second,X,JP,jp,domestic_platform_poll_alignment,稗田阿求,稗田 阿求,canon_extrapolation,discussion,18,19,long_term_background,https://x.com/aqpaca/status/1689935324343144448,吐槽太多人以阿求今年会死为前提,,2026-08-23,反向吐槽说明该说法在2023年已成为可识别前提,仍不能由单帖判断多数粉丝真实信念,verified_logged_in,稗田阿求,87,86,1.0,208,216,58.4541,60.4651,960,1112,81,109,4,5,,,,,,,before_and_after,时间相邻只支持描述性对齐；社媒互动、播放、标签量、支援数和投票指标禁止相加。
x_akyuu_countdown_2024,2024-07-25,second,X,JP,jp,domestic_platform_poll_alignment,稗田阿求,稗田 阿求,countdown_meme,discussion,19,20,pre_vote,https://x.com/3d_Kazu/status/1816399892388155709,距离阿求命日不到两周,,2026-08-23,2024节点在投票前进入倒计时阶段且承接多年旧梗,精确命日是社区推算不是官方剧情,verified_logged_in,稗田阿求,86,39,47.0,216,217,60.4651,82.4074,1112,3011,109,315,5,6,,,,,,,before_and_after,时间相邻只支持描述性对齐；社媒互动、播放、标签量、支援数和投票指标禁止相加。
x_akyuu_counterview_2024,2024-07-28,second,X,JP,jp,domestic_platform_poll_alignment,稗田阿求,稗田 阿求,counter_interpretation,discussion,19,20,pre_vote,https://x.com/takomokota/status/1817510696353169478,只是考据党讨论粉丝总体并不真认为她会死,,2026-08-23,保留同一社区内部对梗普及度和认真程度的反方意见,单条反方帖也不能代表总体,verified_logged_in,稗田阿求,86,39,47.0,216,217,60.4651,82.4074,1112,3011,109,315,5,6,,,,,,,before_and_after,时间相邻只支持描述性对齐；社媒互动、播放、标签量、支援数和投票指标禁止相加。
x_r21_larva_rule,2025-08-30,second,X,JP,jp,domestic_platform_poll_alignment,莉格露·奈特巴格,リグル・ナイトバグ,rule_interpretation,discussion,20,21,post_result,https://x.com/Velno_31/status/1961657279889248518,预测旧权重对莉格露名次影响,,2026-08-23,规则变化如何影响长尾角色被即时讨论,社区估算需与官方复算区分,verified_logged_in,莉格露奈特巴格,71,63,8.0,217,221,67.5926,71.8182,1323,1906,234,227,6,6,,,,,,,before_and_after,时间相邻只支持描述性对齐；社媒互动、播放、标签量、支援数和投票指标禁止相加。
x_r21_rule_counterfactual,2025-08-30,second,X,JP,jp,domestic_platform_poll_alignment,古明地恋,古明地 こいし,rule_counterfactual,discussion,20,21,post_result,https://x.com/iTsumiH2O/status/1961752329176379426,按旧2比1计分重算第21回,,2026-08-23,说明冠军标题对计分权重敏感且回复将其与琪露诺九梗联系,社区帖与官方复算口径必须分开,verified_logged_in,古明地恋,4,1,3.0,217,221,98.6111,100.0,16273,27688,3334,5133,32,28,,,,,,,before_and_after,时间相邻只支持描述性对齐；社媒互动、播放、标签量、支援数和投票指标禁止相加。
x_r21_ryurei_top100,2025-08-30,second,X,JP,jp,domestic_platform_poll_alignment,宫出口瑞灵,宮出口瑞霊,result_celebration,derivative,20,21,post_result,https://x.com/KKalfa55611932/status/1961789699737133318,瑞灵首次Top100并继续为第22回应援,,2026-08-23,瑞灵118到91且官方支援数8到138与持续应援同时可见,支援数和帖子不能相加或当成票数,verified_logged_in,宫出口瑞灵,118,91,27.0,217,221,45.8333,59.0909,507,1207,38,91,8,138,,,,,,,before_and_after,时间相邻只支持描述性对齐；社媒互动、播放、标签量、支援数和投票指标禁止相加。
x_r21_louise_longtail,2025-08-31,second,X,JP,jp,domestic_platform_poll_alignment,露易兹,ルイズ,long_tail_statistics,discussion,20,21,post_result,https://x.com/kuroyuMKW_0906/status/1961817971673952643,第21回长尾露易兹神玉幽玄魔眼等分层统计,,2026-08-23,结果讨论明确覆盖旧作长尾而非只看Top100,分层统计的候选定义仍需与官方表逐项核对,verified_logged_in,露易兹,169,176,-7.0,217,221,22.2222,20.4545,87,108,7,8,1,1,,,,,,,before_and_after,时间相邻只支持描述性对齐；社媒互动、播放、标签量、支援数和投票指标禁止相加。
x_r21_shingyoku_longtail,2025-08-31,second,X,JP,jp,domestic_platform_poll_alignment,神玉,神玉,long_tail_statistics,discussion,20,21,post_result,https://x.com/kuroyuMKW_0906/status/1961817971673952643,第21回长尾露易兹神玉幽玄魔眼等分层统计,,2026-08-23,神玉在早期第13回与第21回长尾讨论中均被点名,帖子不能填补不存在的逐年社媒全量,verified_logged_in,神玉,170,170,0.0,217,221,21.7593,23.1818,86,154,9,16,3,2,,,,,,,before_and_after,时间相邻只支持描述性对齐；社媒互动、播放、标签量、支援数和投票指标禁止相加。
x_r21_mimaeye_longtail,2025-08-31,second,X,JP,jp,domestic_platform_poll_alignment,幽幻魔眼,ユウゲンマガン,long_tail_statistics,discussion,20,21,post_result,https://x.com/kuroyuMKW_0906/status/1961817971673952643,第21回长尾露易兹神玉幽玄魔眼等分层统计,,2026-08-23,无台词旧作角色也进入赛后分层旁证,长尾微小票差对同票和候选口径敏感,verified_logged_in,幽幻魔眼,165,167,-2.0,217,221,24.0741,24.5455,115,170,9,8,1,2,,,,,,,before_and_after,时间相邻只支持描述性对齐；社媒互动、播放、标签量、支援数和投票指标禁止相加。
x_r21_kikuri_bottom,2025-08-31,second,X,JP,jp,domestic_platform_poll_alignment,菊理,キクリ,long_tail_statistics,discussion,20,21,post_result,https://x.com/kuroyuMKW_0906/status/1961811821289160881,最低位有名Boss菊理讨论,,2026-08-23,最低位角色也能成为统计讨论对象避免幸存者偏差,单帖不代表菊理拥有稳定创作生态,verified_logged_in,菊理,184,181,3.0,217,221,15.2778,18.1818,49,77,1,4,1,1,,,,,,,before_and_after,时间相邻只支持描述性对齐；社媒互动、播放、标签量、支援数和投票指标禁止相加。
x_r21_fairy_merge_watch,2025-08-30,day,X,JP,jp,domestic_platform_poll_alignment,妖精（女仆妖精、向日葵妖精等）,妖精（メイド妖精・ひまわり妖精 他）,candidate_definition_watch,discussion,20,21,post_result,https://x.com/iTsumiH2O/status/1961752329176379426,一押率与规则讨论牵出合并候选项异常变化,,2026-08-23,妖精合并项171到101需优先核查候选定义和合并口径,没有足够证据前不解释为真实人气暴涨,needs_candidate_definition_audit,妖精女仆妖精向日葵妖精等,171,101,70.0,217,221,21.2963,54.5455,85,971,4,186,,9,,,,,,,before_and_after,时间相邻只支持描述性对齐；社媒互动、播放、标签量、支援数和投票指标禁止相加。
jmpd_r4_marisa,2005-12-28,day,Japanese blog,JP,jp,domestic_platform_poll_alignment,雾雨魔理沙,霧雨 魔理沙,result_interpretation,analysis,4,5,post_result,https://exemptyjmpd.blog.fc2.com/blog-entry-358.html,第4回结果分析：魔理沙连续强势（含EX规则可视作三连冠）,个人赛后观察；无互动量快照,2026-08-24,作者把魔理沙的连续高位作为第4回最醒目的结果叙事,单篇博客为事后解释且未控制规则与投票者构成,verified_public_web,雾雨魔理沙,1,2,-1.0,71,94,100.0,98.9247,1301,3867,409,844,,,,,,,,,before_and_after,时间相邻只支持描述性对齐；社媒互动、播放、标签量、支援数和投票指标禁止相加。
jmpd_r4_reimu,2005-12-28,day,Japanese blog,JP,jp,domestic_platform_poll_alignment,博丽灵梦,博麗 霊夢,result_interpretation,analysis,4,5,post_result,https://exemptyjmpd.blog.fc2.com/blog-entry-358.html,第4回结果分析：灵梦大幅上升,个人赛后观察；无互动量快照,2026-08-24,作者明确指出灵梦排名改善但未给出可检验的单一原因,单篇博客为事后解释且未控制规则与投票者构成,verified_public_web,博丽灵梦,2,1,1.0,71,94,98.5714,100.0,1245,3927,379,881,,,,,,,,,before_and_after,时间相邻只支持描述性对齐；社媒互动、播放、标签量、支援数和投票指标禁止相加。
jmpd_r4_yuyuko,2005-12-28,day,Japanese blog,JP,jp,domestic_platform_poll_alignment,西行寺幽幽子,西行寺 幽々子,result_interpretation,analysis,4,5,post_result,https://exemptyjmpd.blog.fc2.com/blog-entry-358.html,第4回结果分析：幽幽子第4位，作者认为可能进入稳定区间,个人赛后观察；无互动量快照,2026-08-24,这是对名次所处区间的描述性解释，不是稳定粉丝盘的测量,单篇博客为事后解释且未控制规则与投票者构成,verified_public_web,西行寺幽幽子,4,6,-2.0,71,94,95.7143,94.6237,1092,2973,312,661,,,,,,,,,before_and_after,时间相邻只支持描述性对齐；社媒互动、播放、标签量、支援数和投票指标禁止相加。
jmpd_r4_aya,2005-12-28,day,Japanese blog,JP,jp,domestic_platform_poll_alignment,射命丸文,射命丸 文,result_interpretation,analysis,4,5,post_result,https://exemptyjmpd.blog.fc2.com/blog-entry-358.html,第4回新角色文第8位；作者预测《文花帖》后续可能继续提高其人气,个人赛后观察；无互动量快照,2026-08-24,文花帖预期被写成赛后解释与预测，不能视为后来上升的唯一原因,预测与因果均未被该文单独验证,verified_public_web,射命丸文,8,3,5.0,71,94,90.0,97.8495,886,3774,167,648,,,,,,,,,before_and_after,时间相邻只支持描述性对齐；社媒互动、播放、标签量、支援数和投票指标禁止相加。
jmpd_r4_komachi,2005-12-28,day,Japanese blog,JP,jp,domestic_platform_poll_alignment,小野塚小町,小野塚 小町,result_interpretation,analysis,4,5,post_result,https://exemptyjmpd.blog.fc2.com/blog-entry-358.html,第4回新角色小町第23位；作者认为名次偏低,个人赛后观察；无互动量快照,2026-08-24,记录作者对小町名次的主观惊讶,单篇博客且没有投票者调查或曝光量数据,verified_public_web,小野塚小町,23,28,-5.0,71,94,68.5714,70.9677,237,855,32,87,,,,,,,,,before_and_after,时间相邻只支持描述性对齐；社媒互动、播放、标签量、支援数和投票指标禁止相加。
jmpd_r4_eiki,2005-12-28,day,Japanese blog,JP,jp,domestic_platform_poll_alignment,四季映姬·夜摩仙那度,四季映姫・ヤマザナドゥ,result_table_mention,analysis,4,5,post_result,https://exemptyjmpd.blog.fc2.com/blog-entry-358.html,第4回新角色映姬第25位，列入新角色名次观察,个人赛后观察；无互动量快照,2026-08-24,仅表示作者将映姬纳入新角色结果表的讨论,表格出现不等于角色机制或投票动员证据,verified_public_web,四季映姬夜摩仙那度,25,18,7.0,71,94,65.7143,81.7204,225,1586,32,211,,,,,,,,,before_and_after,时间相邻只支持描述性对齐；社媒互动、播放、标签量、支援数和投票指标禁止相加。
jmpd_r4_medicine,2005-12-28,day,Japanese blog,JP,jp,domestic_platform_poll_alignment,梅蒂欣·梅兰可莉,メディスン・メランコリー,result_table_mention,analysis,4,5,post_result,https://exemptyjmpd.blog.fc2.com/blog-entry-358.html,第4回新角色梅蒂欣第34位，列入新角色名次观察,个人赛后观察；无互动量快照,2026-08-24,仅表示作者将梅蒂欣纳入新角色结果表的讨论,表格出现不等于角色机制或投票动员证据,verified_public_web,梅蒂欣梅兰可莉,34,43,-9.0,71,94,52.8571,54.8387,93,306,14,42,,,,,,,,,before_and_after,时间相邻只支持描述性对齐；社媒互动、播放、标签量、支援数和投票指标禁止相加。
jmpd_r5_reimu,2008-02-18,day,Japanese blog,JP,jp,domestic_platform_poll_alignment,博丽灵梦,博麗 霊夢,result_interpretation,analysis,5,6,post_result,https://exemptyjmpd.blog.fc2.com/blog-entry-1375.html,第5回按作品拆分分析：灵梦与魔理沙为主人公组，灵梦摆脱“拿不到第一”的形象,个人赛后观察；无互动量快照,2026-08-24,文章把主人公组的名次变化与长期印象并置,单篇博客为事后观察，未控制投票者构成与其他曝光,verified_public_web,博丽灵梦,1,1,0.0,94,108,100.0,100.0,3927,5739,881,1312,,,,,,,,,before_and_after,时间相邻只支持描述性对齐；社媒互动、播放、标签量、支援数和投票指标禁止相加。
jmpd_r5_marisa,2008-02-18,day,Japanese blog,JP,jp,domestic_platform_poll_alignment,雾雨魔理沙,霧雨 魔理沙,result_interpretation,analysis,5,6,post_result,https://exemptyjmpd.blog.fc2.com/blog-entry-1375.html,第5回按作品拆分分析：魔理沙仍保持强势,个人赛后观察；无互动量快照,2026-08-24,作者把魔理沙视为主人公组的持续高位基线,单篇博客为事后观察，未控制投票者构成与其他曝光,verified_public_web,雾雨魔理沙,2,3,-1.0,94,108,98.9247,98.1308,3867,5380,844,1145,,,,,,,,,before_and_after,时间相邻只支持描述性对齐；社媒互动、播放、标签量、支援数和投票指标禁止相加。
jmpd_r5_sakuya,2008-02-18,day,Japanese blog,JP,jp,domestic_platform_poll_alignment,十六夜咲夜,十六夜 咲夜,result_table_mention,analysis,5,6,post_result,https://exemptyjmpd.blog.fc2.com/blog-entry-1375.html,第5回红魔乡组表格列出咲夜并比较组内名次,按作品拆分的赛后结果表；无互动量快照,2026-08-24,仅表示红魔乡组角色被纳入作者的排名观察,表格出现不等于角色机制或投票动员证据,verified_public_web,十六夜咲夜,4,2,2.0,94,108,96.7742,99.0654,3154,5433,631,1144,,,,,,,,,before_and_after,时间相邻只支持描述性对齐；社媒互动、播放、标签量、支援数和投票指标禁止相加。
jmpd_r5_remilia,2008-02-18,day,Japanese blog,JP,jp,domestic_platform_poll_alignment,蕾米莉亚·斯卡蕾特,レミリア・スカーレット,result_table_mention,analysis,5,6,post_result,https://exemptyjmpd.blog.fc2.com/blog-entry-1375.html,第5回红魔乡组表格列出蕾米莉亚并比较组内名次,按作品拆分的赛后结果表；无互动量快照,2026-08-24,仅表示红魔乡组角色被纳入作者的排名观察,表格出现不等于角色机制或投票动员证据,verified_public_web,蕾米莉亚斯卡蕾特,5,5,0.0,94,108,95.6989,96.2617,3083,4945,582,976,,,,,,,,,before_and_after,时间相邻只支持描述性对齐；社媒互动、播放、标签量、支援数和投票指标禁止相加。
jmpd_r5_flandre,2008-02-18,day,Japanese blog,JP,jp,domestic_platform_poll_alignment,芙兰朵露·斯卡蕾特,フランドール・スカーレット,result_table_mention,analysis,5,6,post_result,https://exemptyjmpd.blog.fc2.com/blog-entry-1375.html,第5回红魔乡组表格列出芙兰朵露并比较组内名次,按作品拆分的赛后结果表；无互动量快照,2026-08-24,仅表示红魔乡组角色被纳入作者的排名观察,表格出现不等于角色机制或投票动员证据,verified_public_web,芙兰朵露斯卡蕾特,10,12,-2.0,94,108,90.3226,89.7196,2497,3654,400,655,,,,,,,,,before_and_after,时间相邻只支持描述性对齐；社媒互动、播放、标签量、支援数和投票指标禁止相加。
jmpd_r5_patchouli,2008-02-18,day,Japanese blog,JP,jp,domestic_platform_poll_alignment,帕秋莉·诺蕾姬,パチュリー・ノーレッジ,result_table_mention,analysis,5,6,post_result,https://exemptyjmpd.blog.fc2.com/blog-entry-1375.html,第5回红魔乡组表格列出帕秋莉并比较组内名次,按作品拆分的赛后结果表；无互动量快照,2026-08-24,仅表示红魔乡组角色被纳入作者的排名观察,表格出现不等于角色机制或投票动员证据,verified_public_web,帕秋莉诺蕾姬,11,14,-3.0,94,108,89.2473,87.8505,2474,3450,518,703,,,,,,,,,before_and_after,时间相邻只支持描述性对齐；社媒互动、播放、标签量、支援数和投票指标禁止相加。
jmpd_r5_cirno,2008-02-18,day,Japanese blog,JP,jp,domestic_platform_poll_alignment,琪露诺,チルノ,result_table_mention,analysis,5,6,post_result,https://exemptyjmpd.blog.fc2.com/blog-entry-1375.html,第5回红魔乡组表格列出琪露诺并比较组内名次,按作品拆分的赛后结果表；无互动量快照,2026-08-24,仅表示红魔乡组角色被纳入作者的排名观察,表格出现不等于角色机制或投票动员证据,verified_public_web,琪露诺,15,18,-3.0,94,108,84.9462,84.1121,2075,2604,379,487,,,,,,,,,before_and_after,时间相邻只支持描述性对齐；社媒互动、播放、标签量、支援数和投票指标禁止相加。
jmpd_r5_meiling,2008-02-18,day,Japanese blog,JP,jp,domestic_platform_poll_alignment,红美铃,紅 美鈴,result_table_mention,analysis,5,6,post_result,https://exemptyjmpd.blog.fc2.com/blog-entry-1375.html,第5回红魔乡组表格列出美铃并比较组内名次,按作品拆分的赛后结果表；无互动量快照,2026-08-24,仅表示红魔乡组角色被纳入作者的排名观察,表格出现不等于角色机制或投票动员证据,verified_public_web,红美铃,19,22,-3.0,94,108,80.6452,80.3738,1521,2415,266,462,,,,,,,,,before_and_after,时间相邻只支持描述性对齐；社媒互动、播放、标签量、支援数和投票指标禁止相加。
jmpd_r5_rumia,2008-02-18,day,Japanese blog,JP,jp,domestic_platform_poll_alignment,露米娅,ルーミア,result_table_mention,analysis,5,6,post_result,https://exemptyjmpd.blog.fc2.com/blog-entry-1375.html,第5回红魔乡组表格列出露米娅并比较组内名次,按作品拆分的赛后结果表；无互动量快照,2026-08-24,仅表示红魔乡组角色被纳入作者的排名观察,表格出现不等于角色机制或投票动员证据,verified_public_web,露米娅,34,38,-4.0,94,108,64.5161,65.4206,661,1362,92,232,,,,,,,,,before_and_after,时间相邻只支持描述性对齐；社媒互动、播放、标签量、支援数和投票指标禁止相加。
jmpd_r5_little_devil,2008-02-18,day,Japanese blog,JP,jp,domestic_platform_poll_alignment,小恶魔,小悪魔,result_table_mention,analysis,5,6,post_result,https://exemptyjmpd.blog.fc2.com/blog-entry-1375.html,第5回红魔乡组表格列出小恶魔并比较组内名次,按作品拆分的赛后结果表；无互动量快照,2026-08-24,仅表示红魔乡组角色被纳入作者的排名观察,表格出现不等于角色机制或投票动员证据,verified_public_web,小恶魔,38,44,-6.0,94,108,60.2151,59.8131,455,823,53,93,,,,,,,,,before_and_after,时间相邻只支持描述性对齐；社媒互动、播放、标签量、支援数和投票指标禁止相加。
jmpd_r5_daiyousei,2008-02-18,day,Japanese blog,JP,jp,domestic_platform_poll_alignment,大妖精,大妖精,result_table_mention,analysis,5,6,post_result,https://exemptyjmpd.blog.fc2.com/blog-entry-1375.html,第5回红魔乡组表格列出大妖精并比较组内名次,按作品拆分的赛后结果表；无互动量快照,2026-08-24,仅表示红魔乡组角色被纳入作者的排名观察,表格出现不等于角色机制或投票动员证据,verified_public_web,大妖精,45,52,-7.0,94,108,52.6882,52.3364,238,592,28,84,,,,,,,,,before_and_after,时间相邻只支持描述性对齐；社媒互动、播放、标签量、支援数和投票指标禁止相加。
jmpd_r5_yuyuko,2008-02-18,day,Japanese blog,JP,jp,domestic_platform_poll_alignment,西行寺幽幽子,西行寺 幽々子,result_table_mention,analysis,5,6,post_result,https://exemptyjmpd.blog.fc2.com/blog-entry-1375.html,第5回妖々梦组表格列出幽幽子并比较组内名次,按作品拆分的赛后结果表；无互动量快照,2026-08-24,仅表示妖々梦组角色被纳入作者的排名观察,表格出现不等于角色机制或投票动员证据,verified_public_web,西行寺幽幽子,6,10,-4.0,94,108,94.6237,91.5888,2973,3973,661,879,,,,,,,,,before_and_after,时间相邻只支持描述性对齐；社媒互动、播放、标签量、支援数和投票指标禁止相加。
jmpd_r5_yukari,2008-02-18,day,Japanese blog,JP,jp,domestic_platform_poll_alignment,八云紫,八雲 紫,result_table_mention,analysis,5,6,post_result,https://exemptyjmpd.blog.fc2.com/blog-entry-1375.html,第5回妖々梦组表格列出紫并比较组内名次,按作品拆分的赛后结果表；无互动量快照,2026-08-24,仅表示妖々梦组角色被纳入作者的排名观察,表格出现不等于角色机制或投票动员证据,verified_public_web,八云紫,7,6,1.0,94,108,93.5484,95.3271,2887,4471,561,884,,,,,,,,,before_and_after,时间相邻只支持描述性对齐；社媒互动、播放、标签量、支援数和投票指标禁止相加。
jmpd_r5_alice,2008-02-18,day,Japanese blog,JP,jp,domestic_platform_poll_alignment,爱丽丝·玛格特洛依德,アリス・マーガトロイド,result_table_mention,analysis,5,6,post_result,https://exemptyjmpd.blog.fc2.com/blog-entry-1375.html,第5回妖々梦组表格列出爱丽丝并比较组内名次,按作品拆分的赛后结果表；无互动量快照,2026-08-24,仅表示妖々梦组角色被纳入作者的排名观察,表格出现不等于角色机制或投票动员证据,verified_public_web,爱丽丝玛格特洛依德,8,8,0.0,94,108,92.4731,93.4579,2574,4065,598,960,,,,,,,,,before_and_after,时间相邻只支持描述性对齐；社媒互动、播放、标签量、支援数和投票指标禁止相加。
jmpd_r5_youmu,2008-02-18,day,Japanese blog,JP,jp,domestic_platform_poll_alignment,魂魄妖梦,魂魄 妖夢,result_table_mention,analysis,5,6,post_result,https://exemptyjmpd.blog.fc2.com/blog-entry-1375.html,第5回妖々梦组表格列出妖梦并比较组内名次,按作品拆分的赛后结果表；无互动量快照,2026-08-24,仅表示妖々梦组角色被纳入作者的排名观察,表格出现不等于角色机制或投票动员证据,verified_public_web,魂魄妖梦,12,15,-3.0,94,108,88.172,86.9159,2169,3277,425,702,,,,,,,,,before_and_after,时间相邻只支持描述性对齐；社媒互动、播放、标签量、支援数和投票指标禁止相加。
jmpd_r5_layti,2008-02-18,day,Japanese blog,JP,jp,domestic_platform_poll_alignment,蕾蒂·霍瓦特洛克,レティ・ホワイトロック,result_table_mention,analysis,5,6,post_result,https://exemptyjmpd.blog.fc2.com/blog-entry-1375.html,第5回妖々梦组表格列出蕾蒂并比较组内名次,按作品拆分的赛后结果表；无互动量快照,2026-08-24,仅表示妖々梦组角色被纳入作者的排名观察,表格出现不等于角色机制或投票动员证据,verified_public_web,蕾蒂霍瓦特洛克,39,47,-8.0,94,108,59.1398,57.0093,452,790,78,140,,,,,,,,,before_and_after,时间相邻只支持描述性对齐；社媒互动、播放、标签量、支援数和投票指标禁止相加。
jmpd_r5_lilywhite,2008-02-18,day,Japanese blog,JP,jp,domestic_platform_poll_alignment,莉莉霍瓦特（莉莉白）,リリーホワイト,result_table_mention,analysis,5,6,post_result,https://exemptyjmpd.blog.fc2.com/blog-entry-1375.html,第5回妖々梦组表格列出莉莉白并比较组内名次,按作品拆分的赛后结果表；无互动量快照,2026-08-24,仅表示妖々梦组角色被纳入作者的排名观察,表格出现不等于角色机制或投票动员证据,verified_public_web,莉莉霍瓦特莉莉白,46,62,-16.0,94,108,51.6129,42.9907,231,290,33,53,,,,,,,,,before_and_after,时间相邻只支持描述性对齐；社媒互动、播放、标签量、支援数和投票指标禁止相加。
jmpd_r5_lunasa,2008-02-18,day,Japanese blog,JP,jp,domestic_platform_poll_alignment,露娜萨·普莉兹姆利巴,ルナサ・プリズムリバー,result_table_mention,analysis,5,6,post_result,https://exemptyjmpd.blog.fc2.com/blog-entry-1375.html,第5回妖々梦组表格列出露娜萨并比较组内名次,按作品拆分的赛后结果表；无互动量快照,2026-08-24,仅表示妖々梦组角色被纳入作者的排名观察,表格出现不等于角色机制或投票动员证据,verified_public_web,露娜萨普莉兹姆利巴,31,42,-11.0,94,108,67.7419,61.6822,808,1090,135,166,,,,,,,,,before_and_after,时间相邻只支持描述性对齐；社媒互动、播放、标签量、支援数和投票指标禁止相加。
jmpd_r5_merlin,2008-02-18,day,Japanese blog,JP,jp,domestic_platform_poll_alignment,梅露兰·普莉兹姆利巴,メルラン・プリズムリバー,result_table_mention,analysis,5,6,post_result,https://exemptyjmpd.blog.fc2.com/blog-entry-1375.html,第5回妖々梦组表格列出梅露兰并比较组内名次,按作品拆分的赛后结果表；无互动量快照,2026-08-24,仅表示妖々梦组角色被纳入作者的排名观察,表格出现不等于角色机制或投票动员证据,verified_public_web,梅露兰普莉兹姆利巴,48,60,-12.0,94,108,49.4624,44.8598,215,309,30,40,,,,,,,,,before_and_after,时间相邻只支持描述性对齐；社媒互动、播放、标签量、支援数和投票指标禁止相加。
jmpd_r5_lilica,2008-02-18,day,Japanese blog,JP,jp,domestic_platform_poll_alignment,莉莉卡·普莉兹姆利巴,リリカ・プリズムリバー,result_table_mention,analysis,5,6,post_result,https://exemptyjmpd.blog.fc2.com/blog-entry-1375.html,第5回妖々梦组表格列出莉莉卡并比较组内名次,按作品拆分的赛后结果表；无互动量快照,2026-08-24,仅表示妖々梦组角色被纳入作者的排名观察,表格出现不等于角色机制或投票动员证据,verified_public_web,莉莉卡普莉兹姆利巴,44,58,-14.0,94,108,53.7634,46.729,252,343,33,43,,,,,,,,,before_and_after,时间相邻只支持描述性对齐；社媒互动、播放、标签量、支援数和投票指标禁止相加。
jmpd_r5_suika,2008-02-18,day,Japanese blog,JP,jp,domestic_platform_poll_alignment,伊吹萃香,伊吹 萃香,result_table_mention,analysis,5,6,post_result,https://exemptyjmpd.blog.fc2.com/blog-entry-1375.html,第5回萃梦想组表格列出萃香并比较组内名次,按作品拆分的赛后结果表；无互动量快照,2026-08-24,仅表示萃梦想组角色被纳入作者的排名观察,表格出现不等于角色机制或投票动员证据,verified_public_web,伊吹萃香,22,20,2.0,94,108,77.4194,82.243,1454,2444,179,336,,,,,,,,,before_and_after,时间相邻只支持描述性对齐；社媒互动、播放、标签量、支援数和投票指标禁止相加。
jmpd_r5_mokou,2008-02-18,day,Japanese blog,JP,jp,domestic_platform_poll_alignment,藤原妹红,藤原 妹紅,result_table_mention,analysis,5,6,post_result,https://exemptyjmpd.blog.fc2.com/blog-entry-1375.html,第5回永夜抄组表格列出妹红并比较组内名次,按作品拆分的赛后结果表；无互动量快照,2026-08-24,仅表示永夜抄组角色被纳入作者的排名观察,表格出现不等于角色机制或投票动员证据,verified_public_web,藤原妹红,9,7,2.0,94,108,91.3978,94.3925,2544,4162,425,777,,,,,,,,,before_and_after,时间相邻只支持描述性对齐；社媒互动、播放、标签量、支援数和投票指标禁止相加。
jmpd_r5_keine,2008-02-18,day,Japanese blog,JP,jp,domestic_platform_poll_alignment,上白泽慧音,上白沢 慧音,result_table_mention,analysis,5,6,post_result,https://exemptyjmpd.blog.fc2.com/blog-entry-1375.html,第5回永夜抄组表格列出慧音并比较组内名次,按作品拆分的赛后结果表；无互动量快照,2026-08-24,仅表示永夜抄组角色被纳入作者的排名观察,表格出现不等于角色机制或投票动员证据,verified_public_web,上白泽慧音,17,23,-6.0,94,108,82.7957,79.4393,1830,2214,319,375,,,,,,,,,before_and_after,时间相邻只支持描述性对齐；社媒互动、播放、标签量、支援数和投票指标禁止相加。
jmpd_r5_reisen,2008-02-18,day,Japanese blog,JP,jp,domestic_platform_poll_alignment,铃仙·优昙华院·因幡,鈴仙・優曇華院・イナバ,result_table_mention,analysis,5,6,post_result,https://exemptyjmpd.blog.fc2.com/blog-entry-1375.html,第5回永夜抄组表格列出铃仙并比较组内名次,按作品拆分的赛后结果表；无互动量快照,2026-08-24,仅表示永夜抄组角色被纳入作者的排名观察,表格出现不等于角色机制或投票动员证据,verified_public_web,铃仙优昙华院因幡,21,26,-5.0,94,108,78.4946,76.6355,1489,2086,236,363,,,,,,,,,before_and_after,时间相邻只支持描述性对齐；社媒互动、播放、标签量、支援数和投票指标禁止相加。
jmpd_r5_kaguya,2008-02-18,day,Japanese blog,JP,jp,domestic_platform_poll_alignment,蓬莱山辉夜,蓬莱山 輝夜,result_table_mention,analysis,5,6,post_result,https://exemptyjmpd.blog.fc2.com/blog-entry-1375.html,第5回永夜抄组表格列出辉夜并比较组内名次,按作品拆分的赛后结果表；无互动量快照,2026-08-24,仅表示永夜抄组角色被纳入作者的排名观察,表格出现不等于角色机制或投票动员证据,verified_public_web,蓬莱山辉夜,23,30,-7.0,94,108,76.3441,72.8972,1342,1775,233,329,,,,,,,,,before_and_after,时间相邻只支持描述性对齐；社媒互动、播放、标签量、支援数和投票指标禁止相加。
jmpd_r5_eirin,2008-02-18,day,Japanese blog,JP,jp,domestic_platform_poll_alignment,八意永琳,八意 永琳,result_table_mention,analysis,5,6,post_result,https://exemptyjmpd.blog.fc2.com/blog-entry-1375.html,第5回永夜抄组表格列出永琳并比较组内名次,按作品拆分的赛后结果表；无互动量快照,2026-08-24,仅表示永夜抄组角色被纳入作者的排名观察,表格出现不等于角色机制或投票动员证据,verified_public_web,八意永琳,24,33,-9.0,94,108,75.2688,70.0935,1298,1581,171,214,,,,,,,,,before_and_after,时间相邻只支持描述性对齐；社媒互动、播放、标签量、支援数和投票指标禁止相加。
jmpd_r5_mystia,2008-02-18,day,Japanese blog,JP,jp,domestic_platform_poll_alignment,米斯蒂娅·萝蕾拉,ミスティア・ローレライ,result_table_mention,analysis,5,6,post_result,https://exemptyjmpd.blog.fc2.com/blog-entry-1375.html,第5回永夜抄组表格列出米斯蒂娅并比较组内名次,按作品拆分的赛后结果表；无互动量快照,2026-08-24,仅表示永夜抄组角色被纳入作者的排名观察,表格出现不等于角色机制或投票动员证据,verified_public_web,米斯蒂娅萝蕾拉,30,39,-9.0,94,108,68.8172,64.486,815,1329,135,254,,,,,,,,,before_and_after,时间相邻只支持描述性对齐；社媒互动、播放、标签量、支援数和投票指标禁止相加。
jmpd_r5_tewi,2008-02-18,day,Japanese blog,JP,jp,domestic_platform_poll_alignment,因幡天为（因幡帝）,因幡 てゐ,result_table_mention,analysis,5,6,post_result,https://exemptyjmpd.blog.fc2.com/blog-entry-1375.html,第5回永夜抄组表格列出因幡帝并比较组内名次,按作品拆分的赛后结果表；无互动量快照,2026-08-24,仅表示永夜抄组角色被纳入作者的排名观察,表格出现不等于角色机制或投票动员证据,verified_public_web,因幡天为因幡帝,33,43,-10.0,94,108,65.5914,60.7477,744,932,89,129,,,,,,,,,before_and_after,时间相邻只支持描述性对齐；社媒互动、播放、标签量、支援数和投票指标禁止相加。
jmpd_r5_riggle,2008-02-18,day,Japanese blog,JP,jp,domestic_platform_poll_alignment,莉格露·奈特巴格,リグル・ナイトバグ,result_table_mention,analysis,5,6,post_result,https://exemptyjmpd.blog.fc2.com/blog-entry-1375.html,第5回永夜抄组表格列出莉格露并比较组内名次,按作品拆分的赛后结果表；无互动量快照,2026-08-24,仅表示永夜抄组角色被纳入作者的排名观察,表格出现不等于角色机制或投票动员证据,verified_public_web,莉格露奈特巴格,41,48,-7.0,94,108,56.9892,56.0748,410,725,73,151,,,,,,,,,before_and_after,时间相邻只支持描述性对齐；社媒互动、播放、标签量、支援数和投票指标禁止相加。
jmpd_r5_aya,2008-02-18,day,Japanese blog,JP,jp,domestic_platform_poll_alignment,射命丸文,射命丸 文,result_interpretation,analysis,5,6,post_result,https://exemptyjmpd.blog.fc2.com/blog-entry-1375.html,第5回花映塚组表格列出文并讨论其新角色时代的高位,个人赛后观察；无互动量快照,2026-08-24,文是作者按作品拆分分析中明确讨论的花映塚高位角色,单篇博客为事后观察，不能证明后续名次由该文所述因素造成,verified_public_web,射命丸文,3,11,-8.0,94,108,97.8495,90.6542,3774,3738,648,667,,,,,,,,,before_and_after,时间相邻只支持描述性对齐；社媒互动、播放、标签量、支援数和投票指标禁止相加。
jmpd_r5_eiki,2008-02-18,day,Japanese blog,JP,jp,domestic_platform_poll_alignment,四季映姬·夜摩仙那度,四季映姫・ヤマザナドゥ,result_table_mention,analysis,5,6,post_result,https://exemptyjmpd.blog.fc2.com/blog-entry-1375.html,第5回花映塚组表格列出映姬并比较组内名次,按作品拆分的赛后结果表；无互动量快照,2026-08-24,仅表示花映塚组角色被纳入作者的排名观察,表格出现不等于角色机制或投票动员证据,verified_public_web,四季映姬夜摩仙那度,18,24,-6.0,94,108,81.7204,78.5047,1586,2200,211,308,,,,,,,,,before_and_after,时间相邻只支持描述性对齐；社媒互动、播放、标签量、支援数和投票指标禁止相加。
jmpd_r5_yuuka,2008-02-18,day,Japanese blog,JP,jp,domestic_platform_poll_alignment,风见幽香,風見 幽香,result_table_mention,analysis,5,6,post_result,https://exemptyjmpd.blog.fc2.com/blog-entry-1375.html,第5回花映塚组表格列出幽香并比较组内名次,按作品拆分的赛后结果表；无互动量快照,2026-08-24,仅表示花映塚组角色被纳入作者的排名观察,表格出现不等于角色机制或投票动员证据,verified_public_web,风见幽香,20,9,11.0,94,108,79.5699,92.5234,1517,4005,263,709,,,,,,,,,before_and_after,时间相邻只支持描述性对齐；社媒互动、播放、标签量、支援数和投票指标禁止相加。
jmpd_r5_komachi,2008-02-18,day,Japanese blog,JP,jp,domestic_platform_poll_alignment,小野塚小町,小野塚 小町,result_table_mention,analysis,5,6,post_result,https://exemptyjmpd.blog.fc2.com/blog-entry-1375.html,第5回花映塚组表格列出小町并比较组内名次,按作品拆分的赛后结果表；无互动量快照,2026-08-24,仅表示花映塚组角色被纳入作者的排名观察,表格出现不等于角色机制或投票动员证据,verified_public_web,小野塚小町,28,31,-3.0,94,108,70.9677,71.9626,855,1728,87,215,,,,,,,,,before_and_after,时间相邻只支持描述性对齐；社媒互动、播放、标签量、支援数和投票指标禁止相加。
jmpd_r5_medicine,2008-02-18,day,Japanese blog,JP,jp,domestic_platform_poll_alignment,梅蒂欣·梅兰可莉,メディスン・メランコリー,result_table_mention,analysis,5,6,post_result,https://exemptyjmpd.blog.fc2.com/blog-entry-1375.html,第5回花映塚组表格列出梅蒂欣并比较组内名次,按作品拆分的赛后结果表；无互动量快照,2026-08-24,仅表示花映塚组角色被纳入作者的排名观察,表格出现不等于角色机制或投票动员证据,verified_public_web,梅蒂欣梅兰可莉,43,53,-10.0,94,108,54.8387,51.4019,306,500,42,71,,,,,,,,,before_and_after,时间相邻只支持描述性对齐；社媒互动、播放、标签量、支援数和投票指标禁止相加。
jmpd_r5_sanae,2008-02-18,day,Japanese blog,JP,jp,domestic_platform_poll_alignment,东风谷早苗,東風谷 早苗,result_interpretation,analysis,5,6,post_result,https://exemptyjmpd.blog.fc2.com/blog-entry-1375.html,第5回风神录组表格列出早苗并讨论新作角色组内表现,个人赛后观察；无互动量快照,2026-08-24,文章将早苗作为风神录新作组的核心角色观察,单篇博客为事后观察，不能证明新作出场以外的独立因果,verified_public_web,东风谷早苗,13,4,9.0,94,108,87.0968,97.1963,2135,5315,335,1026,,,,,,,,,before_and_after,时间相邻只支持描述性对齐；社媒互动、播放、标签量、支援数和投票指标禁止相加。
jmpd_r5_suwako,2008-02-18,day,Japanese blog,JP,jp,domestic_platform_poll_alignment,洩矢诹访子,洩矢 諏訪子,result_table_mention,analysis,5,6,post_result,https://exemptyjmpd.blog.fc2.com/blog-entry-1375.html,第5回风神录组表格列出诹访子并比较组内名次,按作品拆分的赛后结果表；无互动量快照,2026-08-24,仅表示风神录组角色被纳入作者的排名观察,表格出现不等于角色机制或投票动员证据,verified_public_web,洩矢诹访子,16,17,-1.0,94,108,83.871,85.0467,1987,2691,245,340,,,,,,,,,before_and_after,时间相邻只支持描述性对齐；社媒互动、播放、标签量、支援数和投票指标禁止相加。
jmpd_r5_hina,2008-02-18,day,Japanese blog,JP,jp,domestic_platform_poll_alignment,键山雏,鍵山 雛,result_table_mention,analysis,5,6,post_result,https://exemptyjmpd.blog.fc2.com/blog-entry-1375.html,第5回风神录组表格列出雏并比较组内名次,按作品拆分的赛后结果表；无互动量快照,2026-08-24,仅表示风神录组角色被纳入作者的排名观察,表格出现不等于角色机制或投票动员证据,verified_public_web,键山雏,25,27,-2.0,94,108,74.1935,75.7009,1092,1945,108,275,,,,,,,,,before_and_after,时间相邻只支持描述性对齐；社媒互动、播放、标签量、支援数和投票指标禁止相加。
jmpd_r5_nitori,2008-02-18,day,Japanese blog,JP,jp,domestic_platform_poll_alignment,河城荷取,河城 にとり,result_table_mention,analysis,5,6,post_result,https://exemptyjmpd.blog.fc2.com/blog-entry-1375.html,第5回风神录组表格列出荷取并比较组内名次,按作品拆分的赛后结果表；无互动量快照,2026-08-24,仅表示风神录组角色被纳入作者的排名观察,表格出现不等于角色机制或投票动员证据,verified_public_web,河城荷取,26,25,1.0,94,108,73.1183,77.5701,934,2116,86,277,,,,,,,,,before_and_after,时间相邻只支持描述性对齐；社媒互动、播放、标签量、支援数和投票指标禁止相加。
jmpd_r5_momiji,2008-02-18,day,Japanese blog,JP,jp,domestic_platform_poll_alignment,犬走椛,犬走 椛,result_table_mention,analysis,5,6,post_result,https://exemptyjmpd.blog.fc2.com/blog-entry-1375.html,第5回风神录组表格列出椛并比较组内名次,按作品拆分的赛后结果表；无互动量快照,2026-08-24,仅表示风神录组角色被纳入作者的排名观察,表格出现不等于角色机制或投票动员证据,verified_public_web,犬走椛,29,29,0.0,94,108,69.8925,73.8318,848,1816,83,252,,,,,,,,,before_and_after,时间相邻只支持描述性对齐；社媒互动、播放、标签量、支援数和投票指标禁止相加。
jmpd_r5_kanako,2008-02-18,day,Japanese blog,JP,jp,domestic_platform_poll_alignment,八坂神奈子,八坂 神奈子,result_table_mention,analysis,5,6,post_result,https://exemptyjmpd.blog.fc2.com/blog-entry-1375.html,第5回风神录组表格列出神奈子并比较组内名次,按作品拆分的赛后结果表；无互动量快照,2026-08-24,仅表示风神录组角色被纳入作者的排名观察,表格出现不等于角色机制或投票动员证据,verified_public_web,八坂神奈子,32,32,0.0,94,108,66.6667,71.028,773,1659,100,240,,,,,,,,,before_and_after,时间相邻只支持描述性对齐；社媒互动、播放、标签量、支援数和投票指标禁止相加。
jmpd_r5_shizuha,2008-02-18,day,Japanese blog,JP,jp,domestic_platform_poll_alignment,秋静叶,秋 静葉,result_table_mention,analysis,5,6,post_result,https://exemptyjmpd.blog.fc2.com/blog-entry-1375.html,第5回风神录组表格列出静叶并比较组内名次,按作品拆分的赛后结果表；无互动量快照,2026-08-24,仅表示风神录组角色被纳入作者的排名观察,表格出现不等于角色机制或投票动员证据,verified_public_web,秋静叶,52,50,2.0,94,108,45.1613,54.2056,120,706,9,85,,,,,,,,,before_and_after,时间相邻只支持描述性对齐；社媒互动、播放、标签量、支援数和投票指标禁止相加。
jmpd_r5_minoriko,2008-02-18,day,Japanese blog,JP,jp,domestic_platform_poll_alignment,秋穰子,秋 穣子,result_table_mention,analysis,5,6,post_result,https://exemptyjmpd.blog.fc2.com/blog-entry-1375.html,第5回风神录组表格列出穰子并比较组内名次,按作品拆分的赛后结果表；无互动量快照,2026-08-24,仅表示风神录组角色被纳入作者的排名观察,表格出现不等于角色机制或投票动员证据,verified_public_web,秋穰子,54,49,5.0,94,108,43.0108,55.1402,97,712,10,90,,,,,,,,,before_and_after,时间相邻只支持描述性对齐；社媒互动、播放、标签量、支援数和投票指标禁止相加。
jmpd_r5_rinnosuke,2008-02-18,day,Japanese blog,JP,jp,domestic_platform_poll_alignment,森近霖之助,森近 霖之助,result_table_mention,analysis,5,6,post_result,https://exemptyjmpd.blog.fc2.com/blog-entry-1375.html,第5回书籍/音乐CD组表格列出霖之助并比较出版物角色名次,按作品拆分的赛后结果表；无互动量快照,2026-08-24,仅表示出版物角色被纳入作者的排名观察,表格出现不等于角色机制或投票动员证据,verified_public_web,森近霖之助,35,40,-5.0,94,108,63.4409,63.5514,659,1225,104,299,,,,,,,,,before_and_after,时间相邻只支持描述性对齐；社媒互动、播放、标签量、支援数和投票指标禁止相加。
jmpd_r5_akyuu,2008-02-18,day,Japanese blog,JP,jp,domestic_platform_poll_alignment,稗田阿求,稗田 阿求,result_table_mention,analysis,5,6,post_result,https://exemptyjmpd.blog.fc2.com/blog-entry-1375.html,第5回书籍/音乐CD组表格列出阿求并比较出版物角色名次,按作品拆分的赛后结果表；无互动量快照,2026-08-24,仅表示出版物角色被纳入作者的排名观察,表格出现不等于角色机制或投票动员证据,verified_public_web,稗田阿求,40,51,-11.0,94,108,58.0645,53.271,413,649,42,79,,,,,,,,,before_and_after,时间相邻只支持描述性对齐；社媒互动、播放、标签量、支援数和投票指标禁止相加。
jmpd_r5_renko,2008-02-18,day,Japanese blog,JP,jp,domestic_platform_poll_alignment,宇佐见莲子,宇佐見 蓮子,result_table_mention,analysis,5,6,post_result,https://exemptyjmpd.blog.fc2.com/blog-entry-1375.html,第5回书籍/音乐CD组表格列出莲子并比较秘封角色名次,按作品拆分的赛后结果表；无互动量快照,2026-08-24,仅表示秘封角色被纳入作者的排名观察,表格出现不等于角色机制或投票动员证据,verified_public_web,宇佐见莲子,37,46,-9.0,94,108,61.2903,57.9439,504,801,72,111,,,,,,,,,before_and_after,时间相邻只支持描述性对齐；社媒互动、播放、标签量、支援数和投票指标禁止相加。
jmpd_r5_merry,2008-02-18,day,Japanese blog,JP,jp,domestic_platform_poll_alignment,玛艾露贝莉·赫恩,マエリベリー・ハーン,result_table_mention,analysis,5,6,post_result,https://exemptyjmpd.blog.fc2.com/blog-entry-1375.html,第5回书籍/音乐CD组表格列出梅莉并比较秘封角色名次,按作品拆分的赛后结果表；无互动量快照,2026-08-24,仅表示秘封角色被纳入作者的排名观察,表格出现不等于角色机制或投票动员证据,verified_public_web,玛艾露贝莉赫恩,49,63,-14.0,94,108,48.3871,42.0561,190,279,10,15,,,,,,,,,before_and_after,时间相邻只支持描述性对齐；社媒互动、播放、标签量、支援数和投票指标禁止相加。
nix_r6_sanae,2009-01-31,day,Japanese blog,JP,jp,domestic_platform_poll_alignment,东风谷早苗,東風谷 早苗,result_interpretation,analysis,6,7,post_result,https://nix-in-desertis.blog.jp/archives/51569916.html,第6回分析：早苗大幅上升,个人赛后观察；无互动量快照,2026-08-24,作者把早苗列为本届最明显的上升角色之一,单篇博客为事后观察，不能证明上升由单一曝光造成,verified_public_web,东风谷早苗,4,2,2.0,108,124,97.1963,99.187,5315,7221,1026,1544,,,,,,,,,before_and_after,时间相邻只支持描述性对齐；社媒互动、播放、标签量、支援数和投票指标禁止相加。
nix_r6_yuuka,2009-01-31,day,Japanese blog,JP,jp,domestic_platform_poll_alignment,风见幽香,風見 幽香,result_interpretation,analysis,6,7,post_result,https://nix-in-desertis.blog.jp/archives/51569916.html,第6回分析：幽香大幅上升,个人赛后观察；无互动量快照,2026-08-24,作者把幽香列为上升幅度显著的角色,单篇博客为事后观察，不能证明二创、原作或投票结构的独立贡献,verified_public_web,风见幽香,9,7,2.0,108,124,92.5234,95.122,4005,5764,709,1122,,,,,,,,,before_and_after,时间相邻只支持描述性对齐；社媒互动、播放、标签量、支援数和投票指标禁止相加。
nix_r6_mokou,2009-01-31,day,Japanese blog,JP,jp,domestic_platform_poll_alignment,藤原妹红,藤原 妹紅,result_interpretation,analysis,6,7,post_result,https://nix-in-desertis.blog.jp/archives/51569916.html,第6回分析：妹红大幅上升,个人赛后观察；无互动量快照,2026-08-24,作者把妹红列为上升幅度显著的角色,单篇博客为事后观察，不能证明上升由单一曝光造成,verified_public_web,藤原妹红,7,9,-2.0,108,124,94.3925,93.4959,4162,5441,777,1074,,,,,,,,,before_and_after,时间相邻只支持描述性对齐；社媒互动、播放、标签量、支援数和投票指标禁止相加。
nix_r6_aya,2009-01-31,day,Japanese blog,JP,jp,domestic_platform_poll_alignment,射命丸文,射命丸 文,result_interpretation,analysis,6,7,post_result,https://nix-in-desertis.blog.jp/archives/51569916.html,第6回分析：文名次明显下降，作者联系角色池扩大与一押率特点,个人赛后观察；无互动量快照,2026-08-24,这是对下降的结构性解释，保留角色池变化和一押率两个候选机制,单篇博客与事后解释不能区分各机制的实际贡献,verified_public_web,射命丸文,11,18,-7.0,108,124,90.6542,86.1789,3738,4076,667,782,,,,,,,,,before_and_after,时间相邻只支持描述性对齐；社媒互动、播放、标签量、支援数和投票指标禁止相加。
nix_r6_yuyuko,2009-01-31,day,Japanese blog,JP,jp,domestic_platform_poll_alignment,西行寺幽幽子,西行寺 幽々子,result_interpretation,analysis,6,7,post_result,https://nix-in-desertis.blog.jp/archives/51569916.html,第6回分析：幽幽子下降被解释为角色数量增加造成的自然下降,个人赛后观察；无互动量快照,2026-08-24,作者将幽々子与角色池扩张联系为描述性解释,不能从单篇文章识别候选池扩张的独立因果效应,verified_public_web,西行寺幽幽子,10,11,-1.0,108,124,91.5888,91.8699,3973,5274,879,1189,,,,,,,,,before_and_after,时间相邻只支持描述性对齐；社媒互动、播放、标签量、支援数和投票指标禁止相加。
nix_r6_alice,2009-01-31,day,Japanese blog,JP,jp,domestic_platform_poll_alignment,爱丽丝·玛格特洛依德,アリス・マーガトロイド,result_interpretation,analysis,6,7,post_result,https://nix-in-desertis.blog.jp/archives/51569916.html,第6回分析：爱丽丝下降被解释为角色数量增加造成的自然下降,个人赛后观察；无互动量快照,2026-08-24,作者把爱丽丝作为角色池扩张后的自然回落例子,不能从单篇文章识别候选池扩张的独立因果效应,verified_public_web,爱丽丝玛格特洛依德,8,6,2.0,108,124,93.4579,95.935,4065,6238,960,1440,,,,,,,,,before_and_after,时间相邻只支持描述性对齐；社媒互动、播放、标签量、支援数和投票指标禁止相加。
nix_r6_remilia,2009-01-31,day,Japanese blog,JP,jp,domestic_platform_poll_alignment,蕾米莉亚·斯卡蕾特,レミリア・スカーレット,result_interpretation,analysis,6,7,post_result,https://nix-in-desertis.blog.jp/archives/51569916.html,第6回分析：蕾米莉亚基本维持，作者联系《绯想天》出场,个人赛后观察；无互动量快照,2026-08-24,社区分析把格斗作出场作为维持高位的可能解释,属于事后观察且未有曝光量或反事实对照,verified_public_web,蕾米莉亚斯卡蕾特,5,5,0.0,108,124,96.2617,96.748,4945,6747,976,1392,,,,,,,,,before_and_after,时间相邻只支持描述性对齐；社媒互动、播放、标签量、支援数和投票指标禁止相加。
nix_r6_yukari,2009-01-31,day,Japanese blog,JP,jp,domestic_platform_poll_alignment,八云紫,八雲 紫,result_interpretation,analysis,6,7,post_result,https://nix-in-desertis.blog.jp/archives/51569916.html,第6回分析：八云紫基本维持，作者联系《绯想天》出场,个人赛后观察；无互动量快照,2026-08-24,社区分析把格斗作出场作为维持高位的可能解释,属于事后观察且未有曝光量或反事实对照,verified_public_web,八云紫,6,12,-6.0,108,124,95.3271,91.0569,4471,5269,884,967,,,,,,,,,before_and_after,时间相邻只支持描述性对齐；社媒互动、播放、标签量、支援数和投票指标禁止相加。
nix_r6_eirin,2009-01-31,day,Japanese blog,JP,jp,domestic_platform_poll_alignment,八意永琳,八意 永琳,result_interpretation,analysis,6,7,post_result,https://nix-in-desertis.blog.jp/archives/51569916.html,第6回分析：永琳与永远亭组整体下降,个人赛后观察；无互动量快照,2026-08-24,作者将永远亭组作为群体下降现象观察,群体解释不能拆成单角色票数或因果贡献,verified_public_web,八意永琳,33,42,-9.0,108,124,70.0935,66.6667,1581,1765,214,244,,,,,,,,,before_and_after,时间相邻只支持描述性对齐；社媒互动、播放、标签量、支援数和投票指标禁止相加。
nix_r6_reisen,2009-01-31,day,Japanese blog,JP,jp,domestic_platform_poll_alignment,铃仙·优昙华院·因幡,鈴仙・優曇華院・イナバ,result_interpretation,analysis,6,7,post_result,https://nix-in-desertis.blog.jp/archives/51569916.html,第6回分析：铃仙随永远亭组整体下降,个人赛后观察；无互动量快照,2026-08-24,铃仙被放在永远亭组的共同趋势中讨论,群体解释不能拆成单角色票数或因果贡献,verified_public_web,铃仙优昙华院因幡,26,32,-6.0,108,124,76.6355,74.7967,2086,2643,363,487,,,,,,,,,before_and_after,时间相邻只支持描述性对齐；社媒互动、播放、标签量、支援数和投票指标禁止相加。
nix_r6_suwako,2009-01-31,day,Japanese blog,JP,jp,domestic_platform_poll_alignment,洩矢诹访子,洩矢 諏訪子,result_interpretation,analysis,6,7,post_result,https://nix-in-desertis.blog.jp/archives/51569916.html,第6回分析：诹访子未如预期上升,个人赛后观察；无互动量快照,2026-08-24,记录作者对风神录角色表现与预期不符的观察,预期是个人基准，不能代表社区总体预期,verified_public_web,洩矢诹访子,17,17,0.0,108,124,85.0467,86.9919,2691,4120,340,659,,,,,,,,,before_and_after,时间相邻只支持描述性对齐；社媒互动、播放、标签量、支援数和投票指标禁止相加。
nix_r6_nitori,2009-01-31,day,Japanese blog,JP,jp,domestic_platform_poll_alignment,河城荷取,河城 にとり,result_interpretation,analysis,6,7,post_result,https://nix-in-desertis.blog.jp/archives/51569916.html,第6回分析：荷取未如预期上升,个人赛后观察；无互动量快照,2026-08-24,记录作者对风神录角色表现与预期不符的观察,预期是个人基准，不能代表社区总体预期,verified_public_web,河城荷取,25,24,1.0,108,124,77.5701,81.3008,2116,3140,277,474,,,,,,,,,before_and_after,时间相邻只支持描述性对齐；社媒互动、播放、标签量、支援数和投票指标禁止相加。
nix_r6_kanako,2009-01-31,day,Japanese blog,JP,jp,domestic_platform_poll_alignment,八坂神奈子,八坂 神奈子,result_interpretation,analysis,6,7,post_result,https://nix-in-desertis.blog.jp/archives/51569916.html,第6回分析：神奈子基本维持,个人赛后观察；无互动量快照,2026-08-24,神奈子被列为风神录组中相对稳定者,单篇博客无法识别稳定的投票者构成或曝光原因,verified_public_web,八坂神奈子,32,34,-2.0,108,124,71.028,73.1707,1659,2462,240,408,,,,,,,,,before_and_after,时间相邻只支持描述性对齐；社媒互动、播放、标签量、支援数和投票指标禁止相加。
nix_r6_hina,2009-01-31,day,Japanese blog,JP,jp,domestic_platform_poll_alignment,键山雏,鍵山 雛,result_interpretation,analysis,6,7,post_result,https://nix-in-desertis.blog.jp/archives/51569916.html,第6回分析：雏基本维持,个人赛后观察；无互动量快照,2026-08-24,雏被列为风神录组中相对稳定者,单篇博客无法识别稳定的投票者构成或曝光原因,verified_public_web,键山雏,27,29,-2.0,108,124,75.7009,77.2358,1945,2742,275,464,,,,,,,,,before_and_after,时间相邻只支持描述性对齐；社媒互动、播放、标签量、支援数和投票指标禁止相加。
nix_r6_momiji,2009-01-31,day,Japanese blog,JP,jp,domestic_platform_poll_alignment,犬走椛,犬走 椛,result_interpretation,analysis,6,7,post_result,https://nix-in-desertis.blog.jp/archives/51569916.html,第6回分析：椛基本维持,个人赛后观察；无互动量快照,2026-08-24,椛被列为风神录组中相对稳定者,单篇博客无法识别稳定的投票者构成或曝光原因,verified_public_web,犬走椛,29,36,-7.0,108,124,73.8318,71.5447,1816,2261,252,367,,,,,,,,,before_and_after,时间相邻只支持描述性对齐；社媒互动、播放、标签量、支援数和投票指标禁止相加。
nix_r6_shizuha,2009-01-31,day,Japanese blog,JP,jp,domestic_platform_poll_alignment,秋静叶,秋 静葉,result_interpretation,analysis,6,7,post_result,https://nix-in-desertis.blog.jp/archives/51569916.html,第6回分析：秋姐妹略有上升，含静叶,个人赛后观察；无互动量快照,2026-08-24,秋姐妹被作为小幅上升群体观察,群体观察不能拆成单角色票数或因果贡献,verified_public_web,秋静叶,50,48,2.0,108,124,54.2056,61.7886,706,1480,85,186,,,,,,,,,before_and_after,时间相邻只支持描述性对齐；社媒互动、播放、标签量、支援数和投票指标禁止相加。
nix_r6_minoriko,2009-01-31,day,Japanese blog,JP,jp,domestic_platform_poll_alignment,秋穰子,秋 穣子,result_interpretation,analysis,6,7,post_result,https://nix-in-desertis.blog.jp/archives/51569916.html,第6回分析：秋姐妹略有上升，含穰子,个人赛后观察；无互动量快照,2026-08-24,秋姐妹被作为小幅上升群体观察,群体观察不能拆成单角色票数或因果贡献,verified_public_web,秋穰子,49,46,3.0,108,124,55.1402,63.4146,712,1523,90,217,,,,,,,,,before_and_after,时间相邻只支持描述性对齐；社媒互动、播放、标签量、支援数和投票指标禁止相加。
nix_r6_koishi,2009-01-31,day,Japanese blog,JP,jp,domestic_platform_poll_alignment,古明地恋,古明地 こいし,result_interpretation,analysis,6,7,post_result,https://nix-in-desertis.blog.jp/archives/51569916.html,第6回分析：地灵殿组恋、燐、觉的名次出乎作者预期,个人赛后观察；无互动量快照,2026-08-24,恋被纳入地灵殿组的意外名次观察,作者预期并非社区总体预期，不能直接转为原因结论,verified_public_web,古明地恋,35,22,13.0,108,124,68.2243,82.9268,1446,3283,149,434,,,,,,,,,before_and_after,时间相邻只支持描述性对齐；社媒互动、播放、标签量、支援数和投票指标禁止相加。
nix_r6_rin,2009-01-31,day,Japanese blog,JP,jp,domestic_platform_poll_alignment,火焰猫燐,火焔猫 燐,result_interpretation,analysis,6,7,post_result,https://nix-in-desertis.blog.jp/archives/51569916.html,第6回分析：地灵殿组恋、燐、觉的名次出乎作者预期,个人赛后观察；无互动量快照,2026-08-24,燐被纳入地灵殿组的意外名次观察,作者预期并非社区总体预期，不能直接转为原因结论,verified_public_web,火焰猫燐,34,46,-12.0,108,124,69.1589,63.4146,1499,1523,125,131,,,,,,,,,before_and_after,时间相邻只支持描述性对齐；社媒互动、播放、标签量、支援数和投票指标禁止相加。
nix_r6_satori,2009-01-31,day,Japanese blog,JP,jp,domestic_platform_poll_alignment,古明地觉,古明地 さとり,result_interpretation,analysis,6,7,post_result,https://nix-in-desertis.blog.jp/archives/51569916.html,第6回分析：地灵殿组恋、燐、觉的名次出乎作者预期,个人赛后观察；无互动量快照,2026-08-24,觉被纳入地灵殿组的意外名次观察,作者预期并非社区总体预期，不能直接转为原因结论,verified_public_web,古明地觉,13,8,5.0,108,124,88.785,94.3089,3591,5471,417,732,,,,,,,,,before_and_after,时间相邻只支持描述性对齐；社媒互动、播放、标签量、支援数和投票指标禁止相加。
nix_r6_tenshi,2009-01-31,day,Japanese blog,JP,jp,domestic_platform_poll_alignment,比那名居天子,比那名居 天子,result_interpretation,analysis,6,7,post_result,https://nix-in-desertis.blog.jp/archives/51569916.html,第6回分析：天子、衣玖属于作者认为的合理位置,个人赛后观察；无互动量快照,2026-08-24,天子被放入相对符合预期的名次观察,合理位置是作者判断，不能代表投票者共识,verified_public_web,比那名居天子,19,19,0.0,108,124,83.1776,85.3659,2603,3557,313,490,,,,,,,,,before_and_after,时间相邻只支持描述性对齐；社媒互动、播放、标签量、支援数和投票指标禁止相加。
nix_r6_iku,2009-01-31,day,Japanese blog,JP,jp,domestic_platform_poll_alignment,永江衣玖,永江 衣玖,result_interpretation,analysis,6,7,post_result,https://nix-in-desertis.blog.jp/archives/51569916.html,第6回分析：天子、衣玖属于作者认为的合理位置,个人赛后观察；无互动量快照,2026-08-24,衣玖被放入相对符合预期的名次观察,合理位置是作者判断，不能代表投票者共识,verified_public_web,永江衣玖,16,28,-12.0,108,124,85.9813,78.0488,2826,2813,319,342,,,,,,,,,before_and_after,时间相邻只支持描述性对齐；社媒互动、播放、标签量、支援数和投票指标禁止相加。
nix_r6_komachi,2009-01-31,day,Japanese blog,JP,jp,domestic_platform_poll_alignment,小野塚小町,小野塚 小町,result_interpretation,analysis,6,7,post_result,https://nix-in-desertis.blog.jp/archives/51569916.html,第6回评论区补充小町及其名次观点,评论区观点；无互动量快照,2026-08-24,评论区说明小町仍被放在赛后解释语境中,评论样本选择性强，不能代表全体社区,verified_public_web,小野塚小町,31,39,-8.0,108,124,71.9626,69.1057,1728,1988,215,293,,,,,,,,,before_and_after,时间相邻只支持描述性对齐；社媒互动、播放、标签量、支援数和投票指标禁止相加。
nix_r6_rinnosuke,2009-01-31,day,Japanese blog,JP,jp,domestic_platform_poll_alignment,森近霖之助,森近 霖之助,result_interpretation,analysis,6,7,post_result,https://nix-in-desertis.blog.jp/archives/51569916.html,第6回评论区补充霖之助观点,评论区观点；无互动量快照,2026-08-24,评论区说明出版物角色也进入赛后比较,评论样本选择性强，不能代表全体社区,verified_public_web,森近霖之助,40,45,-5.0,108,124,63.5514,64.2276,1225,1647,299,470,,,,,,,,,before_and_after,时间相邻只支持描述性对齐；社媒互动、播放、标签量、支援数和投票指标禁止相加。
nix_r6_pache,2009-01-31,day,Japanese blog,JP,jp,domestic_platform_poll_alignment,帕秋莉·诺蕾姬,パチュリー・ノーレッジ,result_interpretation,analysis,6,7,post_result,https://nix-in-desertis.blog.jp/archives/51569916.html,第6回一押率分析提到帕秋莉,一押率分析；无互动量快照,2026-08-24,一押率作为偏好分布旁证与总票分开保存,一押率统计受投票规则与样本构成影响，不能直接当作总人气,verified_public_web,帕秋莉诺蕾姬,14,16,-2.0,108,124,87.8505,87.8049,3450,4259,703,902,,,,,,,,,before_and_after,时间相邻只支持描述性对齐；社媒互动、播放、标签量、支援数和投票指标禁止相加。
nix_r6_youmu,2009-01-31,day,Japanese blog,JP,jp,domestic_platform_poll_alignment,魂魄妖梦,魂魄 妖夢,result_interpretation,analysis,6,7,post_result,https://nix-in-desertis.blog.jp/archives/51569916.html,第6回一押率分析提到妖梦,一押率分析；无互动量快照,2026-08-24,一押率作为偏好分布旁证与总票分开保存,一押率统计受投票规则与样本构成影响，不能直接当作总人气,verified_public_web,魂魄妖梦,15,13,2.0,108,124,86.9159,90.2439,3277,4510,702,967,,,,,,,,,before_and_after,时间相邻只支持描述性对齐；社媒互动、播放、标签量、支援数和投票指标禁止相加。
nix_r6_rumia,2009-01-31,day,Japanese blog,JP,jp,domestic_platform_poll_alignment,露米娅,ルーミア,result_interpretation,analysis,6,7,post_result,https://nix-in-desertis.blog.jp/archives/51569916.html,第6回一押率分析提到露米娅,一押率分析；无互动量快照,2026-08-24,一押率作为偏好分布旁证与总票分开保存,一押率统计受投票规则与样本构成影响，不能直接当作总人气,verified_public_web,露米娅,38,38,0.0,108,124,65.4206,69.9187,1362,2120,232,416,,,,,,,,,before_and_after,时间相邻只支持描述性对齐；社媒互动、播放、标签量、支援数和投票指标禁止相加。
nix_r6_mystia,2009-01-31,day,Japanese blog,JP,jp,domestic_platform_poll_alignment,米斯蒂娅·萝蕾拉,ミスティア・ローレライ,result_interpretation,analysis,6,7,post_result,https://nix-in-desertis.blog.jp/archives/51569916.html,第6回一押率分析提到米斯蒂娅,一押率分析；无互动量快照,2026-08-24,一押率作为偏好分布旁证与总票分开保存,一押率统计受投票规则与样本构成影响，不能直接当作总人气,verified_public_web,米斯蒂娅萝蕾拉,39,40,-1.0,108,124,64.486,68.2927,1329,1807,254,367,,,,,,,,,before_and_after,时间相邻只支持描述性对齐；社媒互动、播放、标签量、支援数和投票指标禁止相加。
nix_r6_layti,2009-01-31,day,Japanese blog,JP,jp,domestic_platform_poll_alignment,蕾蒂·霍瓦特洛克,レティ・ホワイトロック,result_interpretation,analysis,6,7,post_result,https://nix-in-desertis.blog.jp/archives/51569916.html,第6回一押率分析提到蕾蒂,一押率分析；无互动量快照,2026-08-24,一押率作为偏好分布旁证与总票分开保存,一押率统计受投票规则与样本构成影响，不能直接当作总人气,verified_public_web,蕾蒂霍瓦特洛克,47,53,-6.0,108,124,57.0093,57.7236,790,1082,140,192,,,,,,,,,before_and_after,时间相邻只支持描述性对齐；社媒互动、播放、标签量、支援数和投票指标禁止相加。
nix_r6_nitori_fav,2009-01-31,day,Japanese blog,JP,jp,domestic_platform_poll_alignment,河城荷取,河城 にとり,result_interpretation,analysis,6,7,post_result,https://nix-in-desertis.blog.jp/archives/51569916.html,第6回一押率分析提到荷取,一押率分析；无互动量快照,2026-08-24,荷取的一押率被作者作为偏好结构观察,一押率统计受投票规则与样本构成影响，不能直接当作总人气,verified_public_web,河城荷取,25,24,1.0,108,124,77.5701,81.3008,2116,3140,277,474,,,,,,,,,before_and_after,时间相邻只支持描述性对齐；社媒互动、播放、标签量、支援数和投票指标禁止相加。
nix_r6_seija,2009-01-31,day,Japanese blog,JP,jp,domestic_platform_poll_alignment,鬼人正邪,鬼人 正邪,result_interpretation,analysis,6,7,post_result,https://nix-in-desertis.blog.jp/archives/51569916.html,第6回一押率分析提到正邪,一押率分析；无互动量快照,2026-08-24,正邪的一押率被作者作为偏好结构观察,一押率统计受投票规则与样本构成影响，不能直接当作总人气,verified_public_web,鬼人正邪,,,,,,,,,,,,,,,,,,,,unmatched,时间相邻只支持描述性对齐；社媒互动、播放、标签量、支援数和投票指标禁止相加。
maisan_r8_koishi,2011-03-02,day,Japanese blog,JP,jp,domestic_platform_poll_alignment,古明地恋,古明地 こいし,result_interpretation,analysis,8,9,post_result,https://maisan.hatenablog.com/entry/20110302/1299073638,第8回分析：恋恋点数率上升，作者联系二次创作与固定粉丝,个人赛后分析；无互动量快照,2026-08-24,恋恋被作为上升与二创组合性解释的核心案例,赛后博客解释不能证明二创造成票数增长,verified_public_web,古明地恋,15,14,1.0,128,140,88.9764,90.6475,4827,5852,706,943,,,,,,,,,before_and_after,时间相邻只支持描述性对齐；社媒互动、播放、标签量、支援数和投票指标禁止相加。
maisan_r8_aya,2011-03-02,day,Japanese blog,JP,jp,domestic_platform_poll_alignment,射命丸文,射命丸 文,result_interpretation,analysis,8,9,post_result,https://maisan.hatenablog.com/entry/20110302/1299073638,第8回分析：文的点数率上升并列入上位角色比较,个人赛后分析；无互动量快照,2026-08-24,文被放在上位角色点数率变化与作品曝光的比较中,不能将赛后解释写成单一传播因果,verified_public_web,射命丸文,10,9,1.0,128,140,92.9134,94.2446,5620,7016,1144,1351,,,,,,,,,before_and_after,时间相邻只支持描述性对齐；社媒互动、播放、标签量、支援数和投票指标禁止相加。
maisan_r8_yuuka,2011-03-02,day,Japanese blog,JP,jp,domestic_platform_poll_alignment,风见幽香,風見 幽香,result_interpretation,analysis,8,9,post_result,https://maisan.hatenablog.com/entry/20110302/1299073638,第8回分析：幽香点数率上升,个人赛后分析；无互动量快照,2026-08-24,幽香被列为相对上升的长尾强角色,单篇文章无法识别二创、原作与投票结构的贡献,verified_public_web,风见幽香,3,7,-4.0,128,140,98.4252,95.6835,7192,7289,1457,1571,,,,,,,,,before_and_after,时间相邻只支持描述性对齐；社媒互动、播放、标签量、支援数和投票指标禁止相加。
maisan_r8_nitori,2011-03-02,day,Japanese blog,JP,jp,domestic_platform_poll_alignment,河城荷取,河城 にとり,result_interpretation,analysis,8,9,post_result,https://maisan.hatenablog.com/entry/20110302/1299073638,第8回分析：荷取点数率上升,个人赛后分析；无互动量快照,2026-08-24,荷取被列为点数率改善的角色之一,单篇文章无法识别二创、原作与投票结构的贡献,verified_public_web,河城荷取,18,20,-2.0,128,140,86.6142,86.3309,4090,4162,631,700,,,,,,,,,before_and_after,时间相邻只支持描述性对齐；社媒互动、播放、标签量、支援数和投票指标禁止相加。
maisan_r8_lunachild,2011-03-02,day,Japanese blog,JP,jp,domestic_platform_poll_alignment,露娜切露德,ルナチャイルド,result_table_mention,analysis,8,9,post_result,https://maisan.hatenablog.com/entry/20110302/1299073638,第8回长尾角色表列出露娜切露德及其点数率,结果表与赛后分析；无互动量快照,2026-08-24,长尾表为早期小众角色覆盖旁证,表格出现不等于角色有明确动员机制,verified_public_web,露娜切露德,60,70,-10.0,128,140,53.5433,50.3597,962,905,73,58,,,,,,,,,before_and_after,时间相邻只支持描述性对齐；社媒互动、播放、标签量、支援数和投票指标禁止相加。
maisan_r8_yamame,2011-03-02,day,Japanese blog,JP,jp,domestic_platform_poll_alignment,黑谷山女,黒谷 ヤマメ,result_table_mention,analysis,8,9,post_result,https://maisan.hatenablog.com/entry/20110302/1299073638,第8回长尾角色表列出山女及其点数率,结果表与赛后分析；无互动量快照,2026-08-24,长尾表为早期小众角色覆盖旁证,表格出现不等于角色有明确动员机制,verified_public_web,黑谷山女,58,64,-6.0,128,140,55.1181,54.6763,996,1147,131,174,,,,,,,,,before_and_after,时间相邻只支持描述性对齐；社媒互动、播放、标签量、支援数和投票指标禁止相加。
maisan_r8_daiyousei,2011-03-02,day,Japanese blog,JP,jp,domestic_platform_poll_alignment,大妖精,大妖精,result_table_mention,analysis,8,9,post_result,https://maisan.hatenablog.com/entry/20110302/1299073638,第8回长尾角色表列出大妖精及其点数率,结果表与赛后分析；无互动量快照,2026-08-24,长尾表为早期小众角色覆盖旁证,表格出现不等于角色有明确动员机制,verified_public_web,大妖精,47,46,1.0,128,140,63.7795,67.6259,1613,2149,246,348,,,,,,,,,before_and_after,时间相邻只支持描述性对齐；社媒互动、播放、标签量、支援数和投票指标禁止相加。
maisan_r8_youmu,2011-03-02,day,Japanese blog,JP,jp,domestic_platform_poll_alignment,魂魄妖梦,魂魄 妖夢,result_interpretation,analysis,8,9,post_result,https://maisan.hatenablog.com/entry/20110302/1299073638,第8回分析：妖梦点数率下降,个人赛后分析；无互动量快照,2026-08-24,妖梦被用于说明上位角色也会因点数分散而相对下降,不能把点数率下降直接解释为角色失宠,verified_public_web,魂魄妖梦,13,8,5.0,128,140,90.5512,94.964,5201,7032,1122,1590,,,,,,,,,before_and_after,时间相邻只支持描述性对齐；社媒互动、播放、标签量、支援数和投票指标禁止相加。
maisan_r8_reisen,2011-03-02,day,Japanese blog,JP,jp,domestic_platform_poll_alignment,铃仙·优昙华院·因幡,鈴仙・優曇華院・イナバ,result_table_mention,analysis,8,9,post_result,https://maisan.hatenablog.com/entry/20110302/1299073638,第8回长尾/上位比较表列出铃仙及其点数率,结果表与赛后分析；无互动量快照,2026-08-24,铃仙被纳入点数率分散与上位比较,表格与分布指标不能拆成动员因果,verified_public_web,铃仙优昙华院因幡,24,27,-3.0,128,140,81.8898,81.295,3150,3302,558,605,,,,,,,,,before_and_after,时间相邻只支持描述性对齐；社媒互动、播放、标签量、支援数和投票指标禁止相加。
maisan_r8_momiji,2011-03-02,day,Japanese blog,JP,jp,domestic_platform_poll_alignment,犬走椛,犬走 椛,result_table_mention,analysis,8,9,post_result,https://maisan.hatenablog.com/entry/20110302/1299073638,第8回长尾角色表列出椛及其点数率,结果表与赛后分析；无互动量快照,2026-08-24,椛被纳入早期长尾角色覆盖,表格出现不等于角色有明确动员机制,verified_public_web,犬走椛,31,22,9.0,128,140,76.378,84.8921,2603,3823,403,671,,,,,,,,,before_and_after,时间相邻只支持描述性对齐；社媒互动、播放、标签量、支援数和投票指标禁止相加。
maisan_r8_lilywhite,2011-03-02,day,Japanese blog,JP,jp,domestic_platform_poll_alignment,莉莉霍瓦特（莉莉白）,リリーホワイト,result_table_mention,analysis,8,9,post_result,https://maisan.hatenablog.com/entry/20110302/1299073638,第8回长尾角色表列出莉莉白及其点数率,结果表与赛后分析；无互动量快照,2026-08-24,莉莉白被纳入早期长尾角色覆盖,表格出现不等于角色有明确动员机制,verified_public_web,莉莉霍瓦特莉莉白,70,76,-6.0,128,140,45.6693,46.0432,527,572,106,106,,,,,,,,,before_and_after,时间相邻只支持描述性对齐；社媒互动、播放、标签量、支援数和投票指标禁止相加。
maisan_r8_shizuha,2011-03-02,day,Japanese blog,JP,jp,domestic_platform_poll_alignment,秋静叶,秋 静葉,result_table_mention,analysis,8,9,post_result,https://maisan.hatenablog.com/entry/20110302/1299073638,第8回长尾角色表列出秋静叶及其点数率,结果表与赛后分析；无互动量快照,2026-08-24,秋静叶被纳入早期长尾角色覆盖,表格出现不等于角色有明确动员机制,verified_public_web,秋静叶,48,51,-3.0,128,140,62.9921,64.0288,1576,1684,210,212,,,,,,,,,before_and_after,时间相邻只支持描述性对齐；社媒互动、播放、标签量、支援数和投票指标禁止相加。
maisan_r8_minoriko,2011-03-02,day,Japanese blog,JP,jp,domestic_platform_poll_alignment,秋穰子,秋 穣子,result_table_mention,analysis,8,9,post_result,https://maisan.hatenablog.com/entry/20110302/1299073638,第8回长尾角色表列出秋穰子及其点数率,结果表与赛后分析；无互动量快照,2026-08-24,秋穰子被纳入早期长尾角色覆盖,表格出现不等于角色有明确动员机制,verified_public_web,秋穰子,46,52,-6.0,128,140,64.5669,63.3094,1615,1647,206,182,,,,,,,,,before_and_after,时间相邻只支持描述性对齐；社媒互动、播放、标签量、支援数和投票指标禁止相加。
maisan_r8_lilica,2011-03-02,day,Japanese blog,JP,jp,domestic_platform_poll_alignment,莉莉卡·普莉兹姆利巴,リリカ・プリズムリバー,result_table_mention,analysis,8,9,post_result,https://maisan.hatenablog.com/entry/20110302/1299073638,第8回长尾角色表列出莉莉卡及其点数率,结果表与赛后分析；无互动量快照,2026-08-24,莉莉卡被纳入早期长尾角色覆盖,表格出现不等于角色有明确动员机制,verified_public_web,莉莉卡普莉兹姆利巴,75,83,-8.0,128,140,41.7323,41.0072,428,397,60,53,,,,,,,,,before_and_after,时间相邻只支持描述性对齐；社媒互动、播放、标签量、支援数和投票指标禁止相加。
maisan_r8_little_devil,2011-03-02,day,Japanese blog,JP,jp,domestic_platform_poll_alignment,小恶魔,小悪魔,result_table_mention,analysis,8,9,post_result,https://maisan.hatenablog.com/entry/20110302/1299073638,第8回长尾角色表列出小恶魔及其点数率,结果表与赛后分析；无互动量快照,2026-08-24,小恶魔被纳入早期长尾角色覆盖,表格出现不等于角色有明确动员机制,verified_public_web,小恶魔,55,56,-1.0,128,140,57.4803,60.4317,1124,1451,124,187,,,,,,,,,before_and_after,时间相邻只支持描述性对齐；社媒互动、播放、标签量、支援数和投票指标禁止相加。
maisan_r8_sanae,2011-03-03,day,Japanese blog,JP,jp,domestic_platform_poll_alignment,东风谷早苗,東風谷 早苗,result_interpretation,analysis,8,9,post_result,https://maisan.hatenablog.com/entry/20110303/1299164438,第8回分析：早苗点数率下降,个人赛后分析；无互动量快照,2026-08-24,早苗被作为新作出场后回落与票数分散的观察对象,赛后分析无法将回落归因于单一事件,verified_public_web,东风谷早苗,6,11,-5.0,128,140,96.063,92.8058,6466,6880,1458,1555,,,,,,,,,before_and_after,时间相邻只支持描述性对齐；社媒互动、播放、标签量、支援数和投票指标禁止相加。
maisan_r8_koakuma,2011-03-03,day,Japanese blog,JP,jp,domestic_platform_poll_alignment,小恶魔,小悪魔,result_table_mention,analysis,8,9,post_result,https://maisan.hatenablog.com/entry/20110303/1299164438,第8回长尾表再次列出小恶魔,结果表与赛后分析；无互动量快照,2026-08-24,同一角色多篇表格出现只计作来源覆盖，不合并为人气量,同一来源重复出现不能解释为独立社群规模,verified_public_web,小恶魔,55,56,-1.0,128,140,57.4803,60.4317,1124,1451,124,187,,,,,,,,,before_and_after,时间相邻只支持描述性对齐；社媒互动、播放、标签量、支援数和投票指标禁止相加。
maisan_r8_kogasa,2011-03-03,day,Japanese blog,JP,jp,domestic_platform_poll_alignment,多多良小伞,多々良 小傘,result_interpretation,analysis,8,9,post_result,https://maisan.hatenablog.com/entry/20110303/1299164438,第8回分析：小伞被列入下降角色观察,个人赛后分析；无互动量快照,2026-08-24,小伞被用于说明新作/二创曝光与名次变化并不总同向,单篇文章无法识别曝光与投票的独立效应,verified_public_web,多多良小伞,34,34,0.0,128,140,74.0157,76.259,2561,2906,241,342,,,,,,,,,before_and_after,时间相邻只支持描述性对齐；社媒互动、播放、标签量、支援数和投票指标禁止相加。
maisan_r8_byakuren,2011-03-03,day,Japanese blog,JP,jp,domestic_platform_poll_alignment,圣白莲,聖 白蓮,result_interpretation,analysis,8,9,post_result,https://maisan.hatenablog.com/entry/20110303/1299164438,第8回分析：白莲名次/点数率下降,个人赛后分析；无互动量快照,2026-08-24,白莲被放入新作后角色回落与票数分散的解释,赛后分析无法证明曝光减少造成下降,verified_public_web,圣白莲,19,23,-4.0,128,140,85.8268,84.1727,4001,3759,447,518,,,,,,,,,before_and_after,时间相邻只支持描述性对齐；社媒互动、播放、标签量、支援数和投票指标禁止相加。
maisan_r8_suwako,2011-03-03,day,Japanese blog,JP,jp,domestic_platform_poll_alignment,洩矢诹访子,洩矢 諏訪子,result_interpretation,analysis,8,9,post_result,https://maisan.hatenablog.com/entry/20110303/1299164438,第8回分析：诹访子下降,个人赛后分析；无互动量快照,2026-08-24,诹访子被纳入下降角色的分布观察,单篇文章无法识别票数分散与角色曝光的相对贡献,verified_public_web,洩矢诹访子,21,24,-3.0,128,140,84.252,83.4532,3776,3690,595,623,,,,,,,,,before_and_after,时间相邻只支持描述性对齐；社媒互动、播放、标签量、支援数和投票指标禁止相加。
maisan_r8_eiki,2011-03-03,day,Japanese blog,JP,jp,domestic_platform_poll_alignment,四季映姬·夜摩仙那度,四季映姫・ヤマザナドゥ,result_interpretation,analysis,8,9,post_result,https://maisan.hatenablog.com/entry/20110303/1299164438,第8回分析：映姬下降,个人赛后分析；无互动量快照,2026-08-24,映姬被纳入下降角色的分布观察,单篇文章无法识别票数分散与角色曝光的相对贡献,verified_public_web,四季映姬夜摩仙那度,35,32,3.0,128,140,73.2283,77.6978,2486,3039,369,520,,,,,,,,,before_and_after,时间相邻只支持描述性对齐；社媒互动、播放、标签量、支援数和投票指标禁止相加。
maisan_r8_marisa,2011-03-03,day,Japanese blog,JP,jp,domestic_platform_poll_alignment,雾雨魔理沙,霧雨 魔理沙,result_interpretation,analysis,8,9,post_result,https://maisan.hatenablog.com/entry/20110303/1299164438,第8回分析：魔理沙下降,个人赛后分析；无互动量快照,2026-08-24,魔理沙被用于说明头部角色也受票数分散影响,赛后解释不能证明角色基础盘发生同幅度变化,verified_public_web,雾雨魔理沙,5,5,0.0,128,140,96.8504,97.1223,6750,8028,1407,1643,,,,,,,,,before_and_after,时间相邻只支持描述性对齐；社媒互动、播放、标签量、支援数和投票指标禁止相加。
maisan_r8_mokou,2011-03-03,day,Japanese blog,JP,jp,domestic_platform_poll_alignment,藤原妹红,藤原 妹紅,result_interpretation,analysis,8,9,post_result,https://maisan.hatenablog.com/entry/20110303/1299164438,第8回分析：妹红下降,个人赛后分析；无互动量快照,2026-08-24,妹红被用于说明头部角色也受票数分散影响,赛后解释不能证明角色基础盘发生同幅度变化,verified_public_web,藤原妹红,11,12,-1.0,128,140,92.126,92.0863,5349,6129,1027,1224,,,,,,,,,before_and_after,时间相邻只支持描述性对齐；社媒互动、播放、标签量、支援数和投票指标禁止相加。
maisan_r8_yukari,2011-03-03,day,Japanese blog,JP,jp,domestic_platform_poll_alignment,八云紫,八雲 紫,result_interpretation,analysis,8,9,post_result,https://maisan.hatenablog.com/entry/20110303/1299164438,第8回分析：紫下降,个人赛后分析；无互动量快照,2026-08-24,紫被用于说明出版物/新作曝光与名次并非简单线性,赛后解释不能证明曝光变化造成名次变化,verified_public_web,八云紫,14,15,-1.0,128,140,89.7638,89.9281,5180,5797,926,1058,,,,,,,,,before_and_after,时间相邻只支持描述性对齐；社媒互动、播放、标签量、支援数和投票指标禁止相加。
maisan_r8_kanako,2011-03-03,day,Japanese blog,JP,jp,domestic_platform_poll_alignment,八坂神奈子,八坂 神奈子,result_interpretation,analysis,8,9,post_result,https://maisan.hatenablog.com/entry/20110303/1299164438,第8回分析：神奈子下降,个人赛后分析；无互动量快照,2026-08-24,神奈子被纳入风神录组下降观察,群体与个体机制未被该文区分,verified_public_web,八坂神奈子,39,44,-5.0,128,140,70.0787,69.0647,2172,2228,360,386,,,,,,,,,before_and_after,时间相邻只支持描述性对齐；社媒互动、播放、标签量、支援数和投票指标禁止相加。
maisan_r8_nazrin,2011-03-03,day,Japanese blog,JP,jp,domestic_platform_poll_alignment,娜兹玲,ナズーリン,result_interpretation,analysis,8,9,post_result,https://maisan.hatenablog.com/entry/20110303/1299164438,第8回分析：娜兹玲下降,个人赛后分析；无互动量快照,2026-08-24,娜兹玲被作为星莲船组名次变化的观察对象,赛后解释不能证明角色曝光或投票者流失,verified_public_web,娜兹玲,27,39,-12.0,128,140,79.5276,72.6619,2886,2426,318,293,,,,,,,,,before_and_after,时间相邻只支持描述性对齐；社媒互动、播放、标签量、支援数和投票指标禁止相加。
maisan_r8_renko,2011-03-05,day,Japanese blog,JP,jp,domestic_platform_poll_alignment,宇佐见莲子,宇佐見 蓮子,result_table_mention,analysis,8,9,post_result,https://maisan.hatenablog.com/entry/20110305/1299335889,第8回书籍角色表列出莲子并讨论秘封组的固定受众,结果表与社群分析；无互动量快照,2026-08-24,秘封角色以组合性、固定粉丝与同人活动进入讨论,组合性不能换算为单角色票数,verified_public_web,宇佐见莲子,45,48,-3.0,128,140,65.3543,66.1871,1639,1962,205,218,,,,,,,,,before_and_after,时间相邻只支持描述性对齐；社媒互动、播放、标签量、支援数和投票指标禁止相加。
maisan_r8_merry,2011-03-05,day,Japanese blog,JP,jp,domestic_platform_poll_alignment,玛艾露贝莉·赫恩,マエリベリー・ハーン,result_table_mention,analysis,8,9,post_result,https://maisan.hatenablog.com/entry/20110305/1299335889,第8回书籍角色表列出梅莉并讨论秘封组的固定受众,结果表与社群分析；无互动量快照,2026-08-24,秘封角色以组合性、固定粉丝与同人活动进入讨论,组合性不能换算为单角色票数,verified_public_web,玛艾露贝莉赫恩,66,72,-6.0,128,140,48.8189,48.9209,725,871,46,59,,,,,,,,,before_and_after,时间相邻只支持描述性对齐；社媒互动、播放、标签量、支援数和投票指标禁止相加。
maisan_r8_akyuu,2011-03-05,day,Japanese blog,JP,jp,domestic_platform_poll_alignment,稗田阿求,稗田 阿求,result_table_mention,analysis,8,9,post_result,https://maisan.hatenablog.com/entry/20110305/1299335889,第8回书籍角色表列出阿求并讨论出版物角色的受众分布,结果表与社群分析；无互动量快照,2026-08-24,阿求进入早期书籍角色与长期设定受众的覆盖,表格与群体分析不能证明死亡梗当时已形成,verified_public_web,稗田阿求,64,61,3.0,128,140,50.3937,56.8345,839,1294,119,156,,,,,,,,,before_and_after,时间相邻只支持描述性对齐；社媒互动、播放、标签量、支援数和投票指标禁止相加。
maisan_r8_kasen,2011-03-05,day,Japanese blog,JP,jp,domestic_platform_poll_alignment,茨木华扇,茨木 華扇,result_table_mention,analysis,8,9,post_result,https://maisan.hatenablog.com/entry/20110305/1299335889,第8回书籍角色表列出华扇并讨论出版物角色的可组合性,结果表与社群分析；无互动量快照,2026-08-24,华扇在单行本与书籍角色讨论中获得早期覆盖,群体分析不能直接解释后续第9回跃升,verified_public_web,茨木华扇,62,26,36.0,128,140,51.9685,82.0144,923,3521,112,298,,,,,,,,,before_and_after,时间相邻只支持描述性对齐；社媒互动、播放、标签量、支援数和投票指标禁止相加。
maisan_r8_toyohime,2011-03-05,day,Japanese blog,JP,jp,domestic_platform_poll_alignment,绵月丰姬,綿月 豊姫,result_table_mention,analysis,8,9,post_result,https://maisan.hatenablog.com/entry/20110305/1299335889,第8回书籍角色表列出丰姬,结果表与社群分析；无互动量快照,2026-08-24,丰姬被纳入早期月都出版物角色覆盖,表格出现不等于角色有明确投票动员,verified_public_web,绵月丰姬,78,85,-7.0,128,140,39.3701,39.5683,274,320,49,50,,,,,,,,,before_and_after,时间相邻只支持描述性对齐；社媒互动、播放、标签量、支援数和投票指标禁止相加。
maisan_r8_yorihime,2011-03-05,day,Japanese blog,JP,jp,domestic_platform_poll_alignment,绵月依姬,綿月 依姫,result_table_mention,analysis,8,9,post_result,https://maisan.hatenablog.com/entry/20110305/1299335889,第8回书籍角色表列出依姬,结果表与社群分析；无互动量快照,2026-08-24,依姬被纳入早期月都出版物角色覆盖,表格出现不等于角色有明确投票动员,verified_public_web,绵月依姬,68,75,-7.0,128,140,47.2441,46.7626,610,659,68,73,,,,,,,,,before_and_after,时间相邻只支持描述性对齐；社媒互动、播放、标签量、支援数和投票指标禁止相加。
maisan_r8_torikoko,2011-03-05,day,Japanese blog,JP,jp,domestic_platform_poll_alignment,无名的读书妖怪（朱鹭子）,無名の読書妖怪,result_table_mention,analysis,8,9,post_result,https://maisan.hatenablog.com/entry/20110305/1299335889,第8回书籍角色表列出朱鹭子,结果表与社群分析；无互动量快照,2026-08-24,朱鹭子被纳入书籍角色长尾覆盖,表格出现不等于角色有明确投票动员,verified_public_web,无名的读书妖怪朱鹭子,71,78,-7.0,128,140,44.8819,44.6043,480,508,50,44,,,,,,,,,before_and_after,时间相邻只支持描述性对齐；社媒互动、播放、标签量、支援数和投票指标禁止相加。
nix_r9_alice,2012-02-29,day,Japanese blog,JP,jp,domestic_platform_poll_alignment,爱丽丝·玛格特洛依德,アリス・マーガトロイド,result_interpretation,analysis,9,10,post_result,https://nix-in-desertis.blog.jp/archives/52053112.html,第9回分析：爱丽丝第2名，作者联系にがもん式MMD模型、Niconico与Sweet Magic,个人赛后分析；无互动量快照,2026-08-24,这是当前早期材料中把角色名次与MMD模型/视频传播明确联系的案例,该联系来自单篇博客与评论观察，不能证明MMD造成名次提升,verified_public_web,爱丽丝玛格特洛依德,2,6,-4.0,140,159,99.2806,96.8354,9265,5383,2094,1256,,,,,,,,,before_and_after,时间相邻只支持描述性对齐；社媒互动、播放、标签量、支援数和投票指标禁止相加。
nix_r9_youmu,2012-02-29,day,Japanese blog,JP,jp,domestic_platform_poll_alignment,魂魄妖梦,魂魄 妖夢,result_interpretation,analysis,9,10,post_result,https://nix-in-desertis.blog.jp/archives/52053112.html,第9回分析：妖梦13位升至8位，作者联系《神灵庙》出场,个人赛后分析；无互动量快照,2026-08-24,新作出场被写成名次上升的时间相邻解释,没有反事实，不能识别出场与其他因素的相对作用,verified_public_web,魂魄妖梦,8,8,0.0,140,159,94.964,95.5696,7032,4896,1590,1107,,,,,,,,,before_and_after,时间相邻只支持描述性对齐；社媒互动、播放、标签量、支援数和投票指标禁止相加。
nix_r9_sanae,2012-02-29,day,Japanese blog,JP,jp,domestic_platform_poll_alignment,东风谷早苗,東風谷 早苗,result_interpretation,analysis,9,10,post_result,https://nix-in-desertis.blog.jp/archives/52053112.html,第9回分析：早苗回落,个人赛后分析；无互动量快照,2026-08-24,早苗被用于说明前作新作角色热度并非持续上升,单篇博客不能证明回落原因,verified_public_web,东风谷早苗,11,11,0.0,140,159,92.8058,93.6709,6880,4573,1555,1059,,,,,,,,,before_and_after,时间相邻只支持描述性对齐；社媒互动、播放、标签量、支援数和投票指标禁止相加。
nix_r9_yukari,2012-02-29,day,Japanese blog,JP,jp,domestic_platform_poll_alignment,八云紫,八雲 紫,result_interpretation,analysis,9,10,post_result,https://nix-in-desertis.blog.jp/archives/52053112.html,第9回分析：紫可能受《儚月抄》热度消退与书籍出场减少影响,个人赛后分析；无互动量快照,2026-08-24,作者将出版物曝光衰减作为紫下降的候选解释,属于事后推测且未有作品曝光时间序列,verified_public_web,八云紫,15,16,-1.0,140,159,89.9281,90.5063,5797,3523,1058,632,,,,,,,,,before_and_after,时间相邻只支持描述性对齐；社媒互动、播放、标签量、支援数和投票指标禁止相加。
nix_r9_futo,2012-02-29,day,Japanese blog,JP,jp,domestic_platform_poll_alignment,物部布都,物部 布都,result_interpretation,analysis,9,10,post_result,https://nix-in-desertis.blog.jp/archives/52053112.html,第9回分析：布都第19位，作为神灵庙组上位角色观察,个人赛后分析；无互动量快照,2026-08-24,布都被纳入新作组内部层级比较,新作组内部比较不能等同于单一传播因素造成的排名,verified_public_web,物部布都,19,35,-16.0,140,159,87.0504,78.481,4479,1957,398,236,,,,,,,,,before_and_after,时间相邻只支持描述性对齐；社媒互动、播放、标签量、支援数和投票指标禁止相加。
nix_miko,2012-02-29,day,Japanese blog,JP,jp,domestic_platform_poll_alignment,丰聪耳神子,豊聡耳 神子,result_interpretation,analysis,9,10,post_result,https://nix-in-desertis.blog.jp/archives/52053112.html,第9回分析：神子第41位，作为神灵庙组角色观察,个人赛后分析；无互动量快照,2026-08-24,神子被纳入新作组内部层级比较,新作组内部比较不能等同于单一传播因素造成的排名,verified_public_web,丰聪耳神子,41,36,5.0,140,159,71.223,77.8481,2261,1936,210,273,,,,,,,,,before_and_after,时间相邻只支持描述性对齐；社媒互动、播放、标签量、支援数和投票指标禁止相加。
nix_seiga,2012-02-29,day,Japanese blog,JP,jp,domestic_platform_poll_alignment,霍青娥,霍 青娥,result_interpretation,analysis,9,10,post_result,https://nix-in-desertis.blog.jp/archives/52053112.html,第9回分析：青娥等神灵庙组角色被比较,个人赛后分析；无互动量快照,2026-08-24,青娥被纳入神灵庙新作组的层级讨论,新作组内部比较不能等同于单一传播因素造成的排名,verified_public_web,霍青娥,40,45,-5.0,140,159,71.9424,72.1519,2344,1396,213,137,,,,,,,,,before_and_after,时间相邻只支持描述性对齐；社媒互动、播放、标签量、支援数和投票指标禁止相加。
nix_kasen,2012-02-29,day,Japanese blog,JP,jp,domestic_platform_poll_alignment,茨木华扇,茨木 華扇,result_interpretation,analysis,9,10,post_result,https://nix-in-desertis.blog.jp/archives/52053112.html,第9回分析：华扇62位升至26位，联系单行本发行,个人赛后分析；无互动量快照,2026-08-24,单行本发行与华扇跃升在时间上相邻，是可检验但尚未识别的事件假说,缺乏发行曝光量与反事实，不能写成因果证明,verified_public_web,茨木华扇,26,30,-4.0,140,159,82.0144,81.6456,3521,2043,298,188,,,,,,,,,before_and_after,时间相邻只支持描述性对齐；社媒互动、播放、标签量、支援数和投票指标禁止相加。
nix_suika,2012-02-29,day,Japanese blog,JP,jp,domestic_platform_poll_alignment,伊吹萃香,伊吹 萃香,result_interpretation,analysis,9,10,post_result,https://nix-in-desertis.blog.jp/archives/52053112.html,第9回分析：萃香28位降至36位，作者表示原因不明,个人赛后分析；无互动量快照,2026-08-24,保留作者对原因不明的明确表述，避免过度解释,该文没有提供机制证据,verified_public_web,伊吹萃香,36,40,-4.0,140,159,74.8201,75.3165,2795,1719,433,280,,,,,,,,,before_and_after,时间相邻只支持描述性对齐；社媒互动、播放、标签量、支援数和投票指标禁止相加。
nix_nazrin,2012-02-29,day,Japanese blog,JP,jp,domestic_platform_poll_alignment,娜兹玲,ナズーリン,result_interpretation,analysis,9,10,post_result,https://nix-in-desertis.blog.jp/archives/52053112.html,第9回分析：娜兹玲跌落,个人赛后分析；无互动量快照,2026-08-24,娜兹玲被作为星莲船组下降案例,单篇博客不能识别出场、二创与投票结构的相对贡献,verified_public_web,娜兹玲,39,46,-7.0,140,159,72.6619,71.519,2426,1375,293,189,,,,,,,,,before_and_after,时间相邻只支持描述性对齐；社媒互动、播放、标签量、支援数和投票指标禁止相加。
nix_rumia,2012-02-29,day,Japanese blog,JP,jp,domestic_platform_poll_alignment,露米娅,ルーミア,result_interpretation,analysis,9,10,post_result,https://nix-in-desertis.blog.jp/archives/52053112.html,第9回分析：露米娅重新成为一面Boss第一,个人赛后分析；无互动量快照,2026-08-24,记录作者对露米娅在关卡位置层面的结果观察,关卡层级与角色总人气不是同一指标,verified_public_web,露米娅,35,33,2.0,140,159,75.5396,79.7468,2805,1973,581,416,,,,,,,,,before_and_after,时间相邻只支持描述性对齐；社媒互动、播放、标签量、支援数和投票指标禁止相加。
nix_toramari,2012-02-29,day,Japanese blog,JP,jp,domestic_platform_poll_alignment,寅丸星,寅丸 星,result_interpretation,analysis,9,10,post_result,https://nix-in-desertis.blog.jp/archives/52053112.html,第9回分析：寅丸星下降并联系出场不足,个人赛后分析；无互动量快照,2026-08-24,出场不足被作者作为下降候选解释,出场与票数之间没有反事实或曝光量测量,verified_public_web,寅丸星,47,48,-1.0,140,159,66.9065,70.2532,2027,1220,271,207,,,,,,,,,before_and_after,时间相邻只支持描述性对齐；社媒互动、播放、标签量、支援数和投票指标禁止相加。
nix_hata,2012-02-29,day,Japanese blog,JP,jp,domestic_platform_poll_alignment,姬海棠果,姫海棠 はたて,result_interpretation,analysis,9,10,post_result,https://nix-in-desertis.blog.jp/archives/52053112.html,第9回分析：姬海棠果下降并联系出场不足,个人赛后分析；无互动量快照,2026-08-24,出场不足被作者作为下降候选解释,出场与票数之间没有反事实或曝光量测量,verified_public_web,姬海棠果,49,54,-5.0,140,159,65.4676,66.4557,1838,1126,126,93,,,,,,,,,before_and_after,时间相邻只支持描述性对齐；社媒互动、播放、标签量、支援数和投票指标禁止相加。
nix_r9_eirin,2012-02-29,day,Japanese blog,JP,jp,domestic_platform_poll_alignment,八意永琳,八意 永琳,result_interpretation,analysis,9,10,post_result,https://nix-in-desertis.blog.jp/archives/52053112.html,第9回分析：永琳下降并联系出场不足,个人赛后分析；无互动量快照,2026-08-24,出场不足被作者作为下降候选解释,出场与票数之间没有反事实或曝光量测量,verified_public_web,八意永琳,50,53,-3.0,140,159,64.7482,67.0886,1725,1133,256,165,,,,,,,,,before_and_after,时间相邻只支持描述性对齐；社媒互动、播放、标签量、支援数和投票指标禁止相加。
nix_r9_rinnosuke,2012-02-29,day,Japanese blog,JP,jp,domestic_platform_poll_alignment,森近霖之助,森近 霖之助,result_interpretation,analysis,9,10,post_result,https://nix-in-desertis.blog.jp/archives/52053112.html,第9回分析：霖之助下降并联系出场不足,个人赛后分析；无互动量快照,2026-08-24,出场不足被作者作为下降候选解释,出场与票数之间没有反事实或曝光量测量,verified_public_web,森近霖之助,54,65,-11.0,140,159,61.8705,59.4937,1580,891,386,188,,,,,,,,,before_and_after,时间相邻只支持描述性对齐；社媒互动、播放、标签量、支援数和投票指标禁止相加。
nix_momiji_comment,2012-02-29,day,Japanese blog,JP,jp,domestic_platform_poll_alignment,犬走椛,犬走 椛,comment_reaction,discussion,9,10,post_result,https://nix-in-desertis.blog.jp/archives/52053112.html,第9回评论区有人追问椛急升原因不明,评论区样本；无互动量快照,2026-08-24,评论区保留“原因不明”的反应，说明社区并非都接受单一解释,评论样本选择性强，不能代表社区总体,verified_public_web,犬走椛,22,21,1.0,140,159,84.8921,87.3418,3823,2543,671,461,,,,,,,,,before_and_after,时间相邻只支持描述性对齐；社媒互动、播放、标签量、支援数和投票指标禁止相加。
nix_kasen_comment,2012-02-29,day,Japanese blog,JP,jp,domestic_platform_poll_alignment,茨木华扇,茨木 華扇,comment_reaction,discussion,9,10,post_result,https://nix-in-desertis.blog.jp/archives/52053112.html,第9回评论区有人表示华扇上升出乎意料；作者回复认为Pixiv效果也很大,评论区样本；无互动量快照,2026-08-24,评论与作者回复把Pixiv创作传播列为华扇跃升的社区解释候选,评论和回复不是因果识别，也没有Pixiv历年时间序列,verified_public_web,茨木华扇,26,30,-4.0,140,159,82.0144,81.6456,3521,2043,298,188,,,,,,,,,before_and_after,时间相邻只支持描述性对齐；社媒互动、播放、标签量、支援数和投票指标禁止相加。
amateru_r6_questionnaire,2009-01-26,day,Japanese blog,JP,jp,domestic_platform_poll_alignment,全角色,,questionnaire_analysis,analysis,6,7,post_result,https://amateru.hatenadiary.org/entry/20090126/1232903022,第6回问卷/社群结构分析：第3—6回角色投票者从4942增至22087，并讨论Niconico、MAD与新用户流入,角色问卷样本：第3回4942；第4回4426；第5回12220；第6回22087,2026-08-24,提供届次级投票者与入坑时间分布，帮助把角色名次变化放回社区扩张背景,问卷为自愿回答且非总体人口普查；届次级结构不能拆成单角色因果,verified_public_web,全角色,,,,,,,,,,,,,,,,,,,,unmatched,时间相邻只支持描述性对齐；社媒互动、播放、标签量、支援数和投票指标禁止相加。
dentsubo_r3_context,2004-10,month,Japanese blog,JP,jp,domestic_platform_poll_alignment,全角色,,community_analysis,discussion,3,4,post_result,https://www.dentsubo.net/~nosuke/diary/diary.php?y=2004&m=10&d=30&n=10&x=10,第3回投票期附近（页面含2004-10-24日记）提到为何某首曲在东方人气投票音乐部门排高，并记录当年投票语境,音乐部门反应；无互动量快照,2026-08-24,补足第3回当年日本社区存在投票讨论的届次级入口，但不冒充角色级证据,正文主要讨论音乐，不能据此推断咲夜或其他角色人气,verified_public_web,全角色,,,,,,,,,,,,,,,,,,,,unmatched,时间相邻只支持描述性对齐；社媒互动、播放、标签量、支援数和投票指标禁止相加。
