id,index,name,first,weight,total,ratio,tratio,fratio
1,1,博丽灵梦,543,2833,2290,23.71,38.89,9.66
2,2,雾雨魔理沙,307,1890,1583,19.39,26.889999999999997,5.46
57,3,古明地恋,270,1628,1358,19.88,23.06,4.8
9,4,十六夜咲夜,243,1575,1332,18.24,22.62,4.32
23,5,八云紫,217,1529,1312,16.54,22.28,3.8600000000000003
21,6,西行寺幽幽子,323,1630,1307,24.71,22.2,5.75
10,7,蕾米莉亚·斯卡蕾特,227,1444,1217,18.65,20.669999999999998,4.04
54,8,古明地觉,165,1317,1152,14.32,19.57,2.94
34,9,藤原妹红,193,1318,1125,17.16,19.11,3.4299999999999997
11,10,芙兰朵露·斯卡蕾特,242,1331,1089,22.22,18.5,4.31
15,11,爱丽丝·玛格特洛依德,195,1226,1031,18.91,17.51,3.47
35,12,射命丸文,164,1133,969,16.92,16.46,2.92
45,13,东风谷早苗,151,1098,947,15.95,16.08,2.69
77,14,秦心,83,1019,936,8.87,15.9,1.48
20,15,魂魄妖梦,133,1017,884,15.05,15.010000000000002,2.37
33,16,蓬莱山辉夜,143,1001,858,16.67,14.57,2.54
8,17,帕秋莉·诺蕾姬,138,915,777,17.76,13.200000000000001,2.46
5,18,琪露诺,128,880,752,17.02,12.770000000000001,2.2800000000000002
31,19,铃仙·优昙华院·因幡,85,830,745,11.41,12.65,1.51
37,20,风见幽香,112,786,674,16.62,11.450000000000001,1.9900000000000002
49,21,比那名居天子,100,770,670,14.93,11.379999999999999,1.78
98,22,克劳恩皮丝,22,675,653,3.37,11.09,0.38999999999999996
26,23,伊吹萃香,66,641,575,11.48,9.77,1.17
84,24,鬼人正邪,78,651,573,13.61,9.73,1.39
97,25,稀神探女,20,517,497,4.02,8.44,0.36
39,26,四季映姬·亚玛萨那度,63,528,465,13.55,7.9,1.1199999999999999
6,27,红美铃,64,514,450,14.22,7.64,1.1400000000000001
64,28,圣白莲,42,491,449,9.35,7.630000000000001,0.75
42,29,键山雏,71,492,421,16.86,7.1499999999999995,1.26
47,29,洩矢诹访子,48,469,421,11.4,7.1499999999999995,0.8500000000000001
134,31,宇佐见莲子,54,461,407,13.27,6.909999999999999,0.96
29,32,上白泽慧音,26,431,405,6.42,6.88,0.45999999999999996
75,33,丰聪耳神子,59,443,384,15.36,6.52,1.05
85,34,少名针妙丸,19,402,383,4.96,6.5,0.33999999999999997
32,35,八意永琳,46,390,344,13.37,5.84,0.8200000000000001
99,36,纯狐,21,348,327,6.42,5.55,0.37
59,37,多多良小伞,26,334,308,8.44,5.2299999999999995,0.45999999999999996
74,38,物部布都,43,326,283,15.19,4.81,0.77
135,39,玛艾露贝莉·赫恩,12,290,278,4.32,4.72,0.21
56,40,灵乌路空,47,316,269,17.47,4.569999999999999,0.84
65,41,封兽鵺,23,285,262,8.78,4.45,0.41000000000000003
52,42,水桥帕露西,31,283,252,12.3,4.279999999999999,0.5499999999999999
22,43,八云蓝,30,275,245,12.24,4.16,0.53
3,44,露米娅,21,262,241,8.71,4.09,0.37
96,45,哆来咪·苏伊特,9,245,236,3.81,4.01,0.16
136,46,稗田阿求,21,254,233,9.01,3.9600000000000004,0.37
72,47,霍青娥,17,248,231,7.36,3.92,0.3
55,48,火焰猫燐,24,231,207,11.59,3.52,0.43
118,49,冈崎梦美,26,232,206,12.62,3.5000000000000004,0.45999999999999996
44,50,犬走椛,31,232,201,15.42,3.4099999999999997,0.5499999999999999
145,51,茨木华扇,16,213,197,8.12,3.35,0.27999999999999997
43,52,河城荷取,19,208,189,10.05,3.2099999999999995,0.33999999999999997
133,53,神绮,13,198,185,7.03,3.1399999999999997,0.22999999999999998
86,54,堀川雷鼓,17,200,183,9.29,3.11,0.3
100,55,赫卡提亚·拉碧斯拉祖利,10,192,182,5.49,3.09,0.18
76,56,二岩猯藏,22,203,181,12.15,3.0700000000000003,0.38999999999999996
87,57,宇佐见堇子,4,183,179,2.23,3.04,0.06999999999999999
46,58,八坂神奈子,13,187,174,7.47,2.96,0.22999999999999998
146,59,本居小铃,7,178,171,4.09,2.9000000000000004,0.12
137,60,森近霖之助,14,170,156,8.97,2.65,0.25
30,61,因幡帝,10,148,138,7.25,2.34,0.18
28,62,米斯蒂娅·萝蕾拉,18,151,133,13.53,2.26,0.32
38,62,小野塚小町,8,141,133,6.02,2.26,0.13999999999999999
4,64,大妖精,2,129,127,1.57,2.16,0.04
14,65,橙,13,139,126,10.32,2.1399999999999997,0.22999999999999998
53,66,星熊勇仪,7,128,121,5.79,2.06,0.12
7,67,小恶魔,8,127,119,6.72,2.02,0.13999999999999999
62,68,村纱水蜜,11,126,115,9.57,1.95,0.2
102,69,魅魔,14,127,113,12.39,1.92,0.25
69,70,姬海棠果,7,112,105,6.67,1.78,0.12
48,71,永江衣玖,17,120,103,16.5,1.7500000000000002,0.3
81,72,今泉影狼,3,103,100,3,1.7000000000000002,0.05
12,73,冴月麟,15,114,99,15.15,1.68,0.27
80,74,赤蛮奇,12,104,92,13.04,1.5599999999999998,0.21
73,75,苏我屠自古,8,97,89,8.99,1.51,0.13999999999999999
36,76,梅蒂欣·梅兰可莉,7,83,76,9.21,1.29,0.12
16,76,莉莉白,6,82,76,7.89,1.29,0.11
70,78,幽谷响子,7,82,75,9.33,1.27,0.12
40,79,秋静叶,1,71,70,1.43,1.1900000000000002,0.02
41,80,秋穰子,3,71,68,4.41,1.15,0.05
82,81,九十九弁弁,2,63,61,3.28,1.04,0.04
63,82,寅丸星,7,64,57,12.28,0.97,0.12
71,83,宫古芳香,4,59,55,7.27,0.9299999999999999,0.06999999999999999
79,84,若鹭姬,4,55,51,7.84,0.8699999999999999,0.06999999999999999
179,85,毛玉,2,52,50,4,0.8500000000000001,0.04
58,86,娜兹玲,5,54,49,10.2,0.83,0.09
141,87,斯塔萨菲雅,3,49,46,6.52,0.7799999999999999,0.05
143,88,绵月依姬,3,48,45,6.67,0.76,0.05
94,89,清兰,1,44,43,2.33,0.73,0.02
140,90,露娜切尔德,2,42,40,5,0.6799999999999999,0.04
27,91,莉格露·奈特巴格,3,39,36,8.33,0.61,0.05
138,91,无名的读书妖怪（朱鹭子）,2,38,36,5.56,0.61,0.04
13,93,蕾蒂·霍瓦特洛克,2,37,35,5.71,0.59,0.04
183,94,人偶（含上海人偶、哥利亚人偶）,3,37,34,8.82,0.58,0.05
115,95,卡娜·安娜贝拉尔,3,36,33,9.09,0.5599999999999999,0.05
142,96,绵月丰姬,2,34,32,6.25,0.54,0.04
17,97,露娜萨·普莉兹姆利巴,3,34,31,9.68,0.53,0.05
24,97,魂魄妖忌,0,31,31,0,0.53,0
127,99,幻月,5,35,30,16.67,0.51,0.09
61,99,云居一轮,2,32,30,6.67,0.51,0.04
83,101,九十九八桥,3,28,25,12,0.42,0.05
107,102,萨丽爱尔,2,25,23,8.7,0.38999999999999996,0.04
139,102,桑尼米尔克,2,25,23,8.7,0.38999999999999996,0.04
51,102,黑谷山女,1,24,23,4.35,0.38999999999999996,0.02
95,105,铃瑚,0,20,20,0,0.33999999999999997,0
113,106,爱莲,2,21,19,10.53,0.32,0.04
19,107,莉莉卡·普莉兹姆利巴,0,18,18,0,0.31,0
66,108,命莲,0,16,16,0,0.27,0
67,109,大鲶鱼,2,17,15,13.33,0.25,0.04
104,109,矜羯罗,2,17,15,13.33,0.25,0.04
18,109,梅露兰·普莉兹姆利巴,0,15,15,0,0.25,0
125,112,艾丽,0,14,14,0,0.24,0
110,113,明罗,2,15,13,15.38,0.22,0.04
50,114,琪斯美,1,13,12,8.33,0.2,0.02
60,114,云山,0,12,12,0,0.2,0
181,116,UFO,4,15,11,36.36,0.19,0.06999999999999999
124,116,胡桃,1,12,11,9.09,0.19,0.02
116,118,朝仓理香子,1,11,10,10,0.16999999999999998,0.02
25,118,蕾拉·普莉兹姆利巴,0,10,10,0,0.16999999999999998,0
117,118,北白河千百合,0,10,10,0,0.16999999999999998,0
126,118,梦月,0,10,10,0,0.16999999999999998,0
147,118,龙神,0,10,10,0,0.16999999999999998,0
132,123,梦子,1,10,9,11.11,0.15,0.02
130,123,雪,0,9,9,0,0.15,0
191,125,STG作品中没有名称的角色,0,8,8,0,0.13999999999999999,0
68,126,非想天则,0,7,7,0,0.12,0
88,126,绿巨人,0,7,7,0,0.12,0
106,126,依莉斯,0,7,7,0,0.12,0
114,126,小兔姬,0,7,7,0,0.12,0
144,126,Reisen,0,7,7,0,0.12,0
131,131,舞,1,7,6,16.67,0.1,0.02
180,131,妖精（含持花妖精，僵尸妖精）,1,7,6,16.67,0.1,0.02
187,131,河童（含山童）,1,7,6,16.67,0.1,0.02
185,131,阴阳玉,0,6,6,0,0.1,0
108,135,玄爷,0,5,5,0,0.08,0
159,135,求闻史纪中的受访人群,0,5,5,0,0.08,0
78,137,秦河胜,0,4,4,0,0.06999999999999999,0
89,137,阿菊,0,4,4,0,0.06999999999999999,0
92,139,黄帝,0,3,3,0,0.05,0
109,139,里香,0,3,3,0,0.05,0
119,139,咪咪号,0,3,3,0,0.05,0
123,139,奥莲姬,0,3,3,0,0.05,0
156,139,岩笠,0,3,3,0,0.05,0
176,139,读书狐狸,0,3,3,0,0.05,0
101,145,神玉,0,2,2,0,0.03,0
103,145,菊理,0,2,2,0,0.03,0
148,145,月夜见,0,2,2,0,0.03,0
150,145,木花咲耶姬,0,2,2,0,0.03,0
162,145,雷兽（务光）,0,2,2,0,0.03,0
173,145,稻荷大人,0,2,2,0,0.03,0
178,145,占卜师（易者）,0,2,2,0,0.03,0
186,145,狸猫,0,2,2,0,0.03,0
190,145,座敷童子,0,2,2,0,0.03,0
163,154,运松翁,1,2,1,100,0.02,0.02
90,154,八尺大人,0,1,1,0,0.02,0
91,154,彭祖,0,1,1,0,0.02,0
105,154,幽玄魔眼,0,1,1,0,0.02,0
120,154,留琴,0,1,1,0,0.02,0
121,154,玛○奇,0,1,1,0,0.02,0
122,154,苏格拉底,0,1,1,0,0.02,0
128,154,萨拉,0,1,1,0,0.02,0
129,154,露易兹,0,1,1,0,0.02,0
151,154,天照大御神,0,1,1,0,0.02,0
153,154,天宇受卖命,0,1,1,0,0.02,0
157,154,瑞江浦岛子,0,1,1,0,0.02,0
160,154,野槌,0,1,1,0,0.02,0
161,154,酒虫,0,1,1,0,0.02,0
164,154,久米 / 竿打,0,1,1,0,0.02,0
165,154,管狐,0,1,1,0,0.02,0
167,154,万岁乐,0,1,1,0,0.02,0
169,154,邪龙,0,1,1,0,0.02,0
188,154,野铁炮,0,1,1,0,0.02,0
93,173,尼西号,0,0,0,0,0,0
111,173,Flower～战车,0,0,0,0,0,0
112,173,邪眼西格玛,0,0,0,0,0,0
149,173,石长姬,0,0,0,0,0,0
152,173,石凝老命,0,0,0,0,0,0
154,173,伊豆能卖,0,0,0,0,0,0
155,173,火雷神,0,0,0,0,0,0
158,173,前鬼 / 后鬼,0,0,0,0,0,0
166,173,水鬼鬼神长,0,0,0,0,0,0
168,173,人面犬,0,0,0,0,0,0
170,173,烟烟罗,0,0,0,0,0,0
171,173,卓柏卡布拉,0,0,0,0,0,0
172,173,沓颊,0,0,0,0,0,0
174,173,怨灵少女,0,0,0,0,0,0
175,173,佑天上人,0,0,0,0,0,0
177,173,白仙和尚,0,0,0,0,0,0
182,173,怨灵,0,0,0,0,0,0
184,173,幽灵,0,0,0,0,0,0
189,173,大地精,0,0,0,0,0,0
