id,name,jpname,weight,info,order,vote1,vote2,vote3,ratio1,vratio1,ratio2,vratio2,ratio3,vratio3,total,vratioa,male,female,hmratio,hfratio,hmaratio,hfaratio
1,东方灵异传,東方霊異伝,58,<a href='./?m=info&type=work&id=1' target='_blank'>点击查看详情</a>,game010,9,11,13,27.27%,0.16%,33.33%,0.2%,39.39%,0.23%,33,0.59%,25,8,75.76%,24.24%,0.38%,0.53%
2,东方封魔录,東方封魔録,46,<a href='./?m=info&type=work&id=2' target='_blank'>点击查看详情</a>,game020,9,5,10,37.5%,0.16%,20.83%,0.09%,41.67%,0.18%,24,0.43%,15,9,62.5%,37.5%,0.23%,0.6%
3,东方梦时空,東方夢時空,132,<a href='./?m=info&type=work&id=3' target='_blank'>点击查看详情</a>,game030,27,12,23,43.55%,0.48%,19.35%,0.22%,37.1%,0.41%,62,1.11%,38,24,61.29%,38.71%,0.58%,1.6%
4,东方幻想乡,東方幻想郷,226,<a href='./?m=info&type=work&id=4' target='_blank'>点击查看详情</a>,game040,44,25,14,53.01%,0.79%,30.12%,0.45%,16.87%,0.25%,83,1.49%,64,19,77.11%,22.89%,0.98%,1.27%
5,东方怪绮谈,東方怪綺談,116,<a href='./?m=info&type=work&id=5' target='_blank'>点击查看详情</a>,game050,14,30,21,21.54%,0.25%,46.15%,0.54%,32.31%,0.38%,65,1.17%,43,22,66.15%,33.85%,0.66%,1.47%
6,东方红魔乡,東方紅魔郷,2990,<a href='./?m=info&type=work&id=6' target='_blank'>点击查看详情</a>,game060,569,357,207,50.22%,10.2%,31.51%,6.4%,18.27%,3.71%,1133,20.32%,906,227,79.96%,20.04%,13.84%,15.15%
7,东方妖妖梦,東方妖々夢,3228,<a href='./?m=info&type=work&id=7' target='_blank'>点击查看详情</a>,game070,598,418,282,46.07%,10.72%,32.2%,7.5%,21.73%,5.06%,1298,23.27%,1090,207,83.98%,15.95%,16.65%,13.82%
8,东方萃梦想,東方萃夢想,218,<a href='./?m=info&type=work&id=8' target='_blank'>点击查看详情</a>,game075,31,47,50,24.22%,0.56%,36.72%,0.84%,39.06%,0.9%,128,2.3%,106,22,82.81%,17.19%,1.62%,1.47%
9,东方永夜抄,東方永夜抄,5554,<a href='./?m=info&type=work&id=9' target='_blank'>点击查看详情</a>,game080,1065,647,365,51.28%,19.1%,31.15%,11.6%,17.57%,6.54%,2077,37.24%,1671,405,80.45%,19.5%,25.52%,27.04%
10,东方花映塚,東方花映塚,602,<a href='./?m=info&type=work&id=10' target='_blank'>点击查看详情</a>,game090,99,103,90,33.9%,1.78%,35.27%,1.85%,30.82%,1.61%,292,5.24%,204,88,69.86%,30.14%,3.12%,5.87%
11,东方文花帖,東方文花帖,132,<a href='./?m=info&type=work&id=11' target='_blank'>点击查看详情</a>,game095,19,28,41,21.59%,0.34%,31.82%,0.5%,46.59%,0.74%,88,1.58%,72,16,81.82%,18.18%,1.1%,1.07%
12,东方风神录,東方風神録,2672,<a href='./?m=info&type=work&id=12' target='_blank'>点击查看详情</a>,game100,452,432,292,38.44%,8.1%,36.73%,7.75%,24.83%,5.24%,1176,21.09%,958,218,81.46%,18.54%,14.63%,14.55%
13,东方绯想天,東方緋想天,984,<a href='./?m=info&type=work&id=13' target='_blank'>点击查看详情</a>,game105,166,160,126,36.73%,2.98%,35.4%,2.87%,27.88%,2.26%,452,8.1%,393,59,86.95%,13.05%,6%,3.94%
14,东方地灵殿,東方地霊殿,1706,<a href='./?m=info&type=work&id=14' target='_blank'>点击查看详情</a>,game110,314,225,175,43.98%,5.63%,31.51%,4.03%,24.51%,3.14%,714,12.8%,578,136,80.95%,19.05%,8.83%,9.08%
15,东方星莲船,東方星蓮船,724,<a href='./?m=info&type=work&id=15' target='_blank'>点击查看详情</a>,game120,112,138,111,31.02%,2.01%,38.23%,2.47%,30.75%,1.99%,361,6.47%,265,96,73.41%,26.59%,4.05%,6.41%
16,东方非想天则,東方非想天則,2032,<a href='./?m=info&type=work&id=16' target='_blank'>点击查看详情</a>,game123,379,258,231,43.66%,6.8%,29.72%,4.63%,26.61%,4.14%,868,15.56%,779,89,89.75%,10.25%,11.9%,5.94%
17,DS东方文花帖,ダブルスポイラー,106,<a href='./?m=info&type=work&id=17' target='_blank'>点击查看详情</a>,game125,14,25,22,22.95%,0.25%,40.98%,0.45%,36.07%,0.39%,61,1.09%,53,8,86.89%,13.11%,0.81%,0.53%
18,妖精大战争,妖精大戦争,102,<a href='./?m=info&type=work&id=18' target='_blank'>点击查看详情</a>,game128,14,23,26,22.22%,0.25%,36.51%,0.41%,41.27%,0.47%,63,1.13%,55,8,87.3%,12.7%,0.84%,0.53%
19,东方神灵庙,東方神霊廟,914,<a href='./?m=info&type=work&id=19' target='_blank'>点击查看详情</a>,game130,161,135,110,39.66%,2.89%,33.25%,2.42%,27.09%,1.97%,406,7.28%,236,170,58.13%,41.87%,3.6%,11.35%
20,东方心绮楼,東方心綺楼,732,<a href='./?m=info&type=work&id=20' target='_blank'>点击查看详情</a>,game135,114,138,130,29.84%,2.04%,36.13%,2.47%,34.03%,2.33%,382,6.85%,318,64,83.25%,16.75%,4.86%,4.27%
21,东方辉针城,東方輝針城,1310,<a href='./?m=info&type=work&id=21' target='_blank'>点击查看详情</a>,game140,231,193,151,40.17%,4.14%,33.57%,3.46%,26.26%,2.71%,575,10.31%,431,144,74.96%,25.04%,6.58%,9.61%
22,弹幕天邪鬼,弾幕アマノジャク,696,<a href='./?m=info&type=work&id=22' target='_blank'>点击查看详情</a>,game143,100,148,154,24.88%,1.79%,36.82%,2.65%,38.31%,2.76%,402,7.21%,332,68,82.59%,16.92%,5.07%,4.54%
23,东方深秘录,東方深秘録,1116,<a href='./?m=info&type=work&id=23' target='_blank'>点击查看详情</a>,game145,162,234,167,28.77%,2.9%,41.56%,4.2%,29.66%,2.99%,563,10.1%,449,114,79.75%,20.25%,6.86%,7.61%
24,东方绀珠传,東方紺珠伝,1700,<a href='./?m=info&type=work&id=24' target='_blank'>点击查看详情</a>,game150,268,314,300,30.39%,4.81%,35.6%,5.63%,34.01%,5.38%,882,15.81%,683,198,77.44%,22.45%,10.43%,13.22%
25,蓬莱人形,蓬莱人形,296,<a href='./?m=info&type=work&id=25' target='_blank'>点击查看详情</a>,music010,49,50,68,29.34%,0.88%,29.94%,0.9%,40.72%,1.22%,167,2.99%,127,40,76.05%,23.95%,1.94%,2.67%
26,莲台野夜行,蓮台野夜行,106,<a href='./?m=info&type=work&id=26' target='_blank'>点击查看详情</a>,music020,15,23,33,21.13%,0.27%,32.39%,0.41%,46.48%,0.59%,71,1.27%,62,9,87.32%,12.68%,0.95%,0.6%
27,梦违科学世纪,夢違科学世紀,144,<a href='./?m=info&type=work&id=27' target='_blank'>点击查看详情</a>,music030,18,36,34,20.45%,0.32%,40.91%,0.65%,38.64%,0.61%,88,1.58%,69,19,78.41%,21.59%,1.05%,1.27%
28,卯酉东海道,卯酉東海道,106,<a href='./?m=info&type=work&id=28' target='_blank'>点击查看详情</a>,music040,15,23,33,21.13%,0.27%,32.39%,0.41%,46.48%,0.59%,71,1.27%,54,17,76.06%,23.94%,0.82%,1.13%
29,大空魔术,大空魔術,158,<a href='./?m=info&type=work&id=29' target='_blank'>点击查看详情</a>,music050,23,33,34,25.56%,0.41%,36.67%,0.59%,37.78%,0.61%,90,1.61%,72,18,80%,20%,1.1%,1.2%
30,未知之花 魅知之旅,未知の花 魅知の旅,42,<a href='./?m=info&type=work&id=30' target='_blank'>点击查看详情</a>,music055,3,15,10,10.71%,0.05%,53.57%,0.27%,35.71%,0.18%,28,0.5%,21,7,75%,25%,0.32%,0.47%
31,鸟船遗迹,鳥船遺跡,44,<a href='./?m=info&type=work&id=31' target='_blank'>点击查看详情</a>,music060,5,12,17,14.71%,0.09%,35.29%,0.22%,50%,0.3%,34,0.61%,25,9,73.53%,26.47%,0.38%,0.6%
32,伊奘诺物质,伊弉諾物質,42,<a href='./?m=info&type=work&id=32' target='_blank'>点击查看详情</a>,music070,7,7,10,29.17%,0.13%,29.17%,0.13%,41.67%,0.18%,24,0.43%,14,10,58.33%,41.67%,0.21%,0.67%
33,幺乐团的历史 vol.1,幺樂団の歴史 vol.1,18,<a href='./?m=info&type=work&id=33' target='_blank'>点击查看详情</a>,yyt010,4,1,1,66.67%,0.07%,16.67%,0.02%,16.67%,0.02%,6,0.11%,4,2,66.67%,33.33%,0.06%,0.13%
34,幺乐团的历史 vol.2,幺樂団の歴史 vol.2,4,<a href='./?m=info&type=work&id=34' target='_blank'>点击查看详情</a>,yyt020,0,2,0,0%,0%,100%,0.04%,0%,0%,2,0.04%,1,1,50%,50%,0.02%,0.07%
35,幺乐团的历史 vol.3,幺樂団の歴史 vol.3,4,<a href='./?m=info&type=work&id=35' target='_blank'>点击查看详情</a>,yyt030,1,0,2,33.33%,0.02%,0%,0%,66.67%,0.04%,3,0.05%,3,0,100%,0%,0.05%,0%
36,幺乐团的历史 vol.4,幺樂団の歴史 vol.4,6,<a href='./?m=info&type=work&id=36' target='_blank'>点击查看详情</a>,yyt040,1,1,2,25%,0.02%,25%,0.02%,50%,0.04%,4,0.07%,1,3,25%,75%,0.02%,0.2%
37,幺乐团的历史 vol.5,幺樂団の歴史 vol.5,8,<a href='./?m=info&type=work&id=37' target='_blank'>点击查看详情</a>,yyt050,1,2,2,20%,0.02%,40%,0.04%,40%,0.04%,5,0.09%,5,0,100%,0%,0.08%,0%
38,幻想曲拔萃,幻想曲抜萃,42,<a href='./?m=info&type=work&id=38' target='_blank'>点击查看详情</a>,ost010,5,11,10,19.23%,0.09%,42.31%,0.2%,38.46%,0.18%,26,0.47%,21,5,80.77%,19.23%,0.32%,0.33%
39,全人类的天乐录,全人類ノ天楽録,62,<a href='./?m=info&type=work&id=39' target='_blank'>点击查看详情</a>,ost020,9,13,19,21.95%,0.16%,31.71%,0.23%,46.34%,0.34%,41,0.74%,37,4,90.24%,9.76%,0.57%,0.27%
40,核热造神非想天则,核熱造神ヒソウテンソク,26,<a href='./?m=info&type=work&id=40' target='_blank'>点击查看详情</a>,ost030,3,7,14,12.5%,0.05%,29.17%,0.13%,58.33%,0.25%,24,0.43%,20,4,83.33%,16.67%,0.31%,0.27%
41,暗黑能乐集心绮楼‎,暗黒能楽集·心綺楼,38,<a href='./?m=info&type=work&id=41' target='_blank'>点击查看详情</a>,ost040,5,9,9,21.74%,0.09%,39.13%,0.16%,39.13%,0.16%,23,0.41%,17,6,73.91%,26.09%,0.26%,0.4%
42,深秘乐曲集‎,深秘的楽曲集,26,<a href='./?m=info&type=work&id=42' target='_blank'>点击查看详情</a>,ost050,5,3,9,29.41%,0.09%,17.65%,0.05%,52.94%,0.16%,17,0.3%,16,1,94.12%,5.88%,0.24%,0.07%
43,东方香霖堂,東方香霖堂,352,<a href='./?m=info&type=work&id=43' target='_blank'>点击查看详情</a>,novel001,63,50,58,36.84%,1.13%,29.24%,0.9%,33.92%,1.04%,171,3.07%,155,16,90.64%,9.36%,2.37%,1.07%
44,东方三月精,東方三月精,288,<a href='./?m=info&type=work&id=44' target='_blank'>点击查看详情</a>,novel002,49,46,67,30.25%,0.88%,28.4%,0.82%,41.36%,1.2%,162,2.9%,152,10,93.83%,6.17%,2.32%,0.67%
45,东方儚月抄,東方儚月抄,292,<a href='./?m=info&type=work&id=45' target='_blank'>点击查看详情</a>,novel006,42,62,81,22.7%,0.75%,33.51%,1.11%,43.78%,1.45%,185,3.32%,153,32,82.7%,17.3%,2.34%,2.14%
46,东方茨歌仙,東方茨歌仙,462,<a href='./?m=info&type=work&id=46' target='_blank'>点击查看详情</a>,novel008,67,97,101,25.28%,1.2%,36.6%,1.74%,38.11%,1.81%,265,4.75%,231,33,87.17%,12.45%,3.53%,2.2%
47,东方铃奈庵,東方鈴奈庵,602,<a href='./?m=info&type=work&id=47' target='_blank'>点击查看详情</a>,novel010,90,121,159,24.32%,1.61%,32.7%,2.17%,42.97%,2.85%,370,6.63%,304,66,82.16%,17.84%,4.64%,4.41%
48,东方求闻史纪,東方求聞史紀,400,<a href='./?m=info&type=work&id=48' target='_blank'>点击查看详情</a>,novel005,58,84,131,21.25%,1.04%,30.77%,1.51%,47.99%,2.35%,273,4.9%,230,43,84.25%,15.75%,3.51%,2.87%
49,东方求闻口授,東方求聞口授,134,<a href='./?m=info&type=work&id=49' target='_blank'>点击查看详情</a>,novel009,14,39,61,12.28%,0.25%,34.21%,0.7%,53.51%,1.09%,114,2.04%,97,17,85.09%,14.91%,1.48%,1.13%
50,The Grimoire of Marisa,The Grimoire of Marisa,40,<a href='./?m=info&type=work&id=50' target='_blank'>点击查看详情</a>,novel007,6,8,14,21.43%,0.11%,28.57%,0.14%,50%,0.25%,28,0.5%,23,5,82.14%,17.86%,0.35%,0.33%
51,东方文花帖,東方文花帖,50,<a href='./?m=info&type=work&id=51' target='_blank'>点击查看详情</a>,novel003,8,9,16,24.24%,0.14%,27.27%,0.16%,48.48%,0.29%,33,0.59%,28,5,84.85%,15.15%,0.43%,0.33%
52,东方紫香花,東方紫香花,30,<a href='./?m=info&type=work&id=52' target='_blank'>点击查看详情</a>,novel004,5,5,5,33.33%,0.09%,33.33%,0.09%,33.33%,0.09%,15,0.27%,15,0,100%,0%,0.23%,0%
53,东方外来韦编,東方外來韋編,58,<a href='./?m=info&type=work&id=53' target='_blank'>点击查看详情</a>,novel011,8,13,23,18.18%,0.14%,29.55%,0.23%,52.27%,0.41%,44,0.79%,40,4,90.91%,9.09%,0.61%,0.27%
54,燕石博物志,燕石博物誌,150,<a href='./?m=info&type=work&id=54' target='_blank'>点击查看详情</a>,music080,20,35,41,20.83%,0.36%,36.46%,0.63%,42.71%,0.74%,96,1.72%,71,25,73.96%,26.04%,1.08%,1.67%
55,旧约酒吧,旧約酒場,66,<a href='./?m=info&type=work&id=55' target='_blank'>点击查看详情</a>,music090,7,19,32,12.07%,0.13%,32.76%,0.34%,55.17%,0.57%,58,1.04%,42,16,72.41%,27.59%,0.64%,1.07%
