entity_id,name,official_rank,counterfactual_rank_2_1,rank_change_old_minus_official,published_points_3_2_1,counterfactual_points_2_1,primary_count_3pt,secondary_count_2pt,other_count_1pt
2,霧雨 魔理沙,2,1,1,27553,20412,3777,3364,9494
1,博麗 霊夢,3,2,1,27408,20360,3618,3430,9694
54,古明地 こいし,1,3,-2,27688,19948,5133,2607,7075
11,フランドール・スカーレット,4,4,0,23917,17574,3726,2617,7505
9,十六夜 咲夜,5,5,0,19804,15226,2518,2060,8130
10,レミリア・スカーレット,6,6,0,19638,14918,2366,2354,7832
19,魂魄 妖夢,7,7,0,18435,13882,2933,1620,6396
51,古明地 さとり,8,8,0,13504,10331,1399,1774,5759
5,チルノ,10,9,1,12447,9708,1575,1164,5394
30,藤原 妹紅,9,10,-1,12665,9626,1755,1284,4832
32,射命丸 文,11,11,0,10133,7993,1116,1024,4737
20,西行寺 幽々子,12,12,0,9612,7560,1022,1030,4486
42,東風谷 早苗,13,13,0,9426,7451,1082,893,4394
14,アリス・マーガトロイド,14,14,0,9331,7405,972,954,4507
27,鈴仙・優曇華院・イナバ,15,15,0,8609,6858,896,855,4211
22,八雲 紫,16,16,0,7376,5865,699,812,3655
6,紅 美鈴,17,17,0,7315,5803,712,800,3579
8,パチュリー・ノーレッジ,18,18,0,7216,5778,702,736,3638
3,ルーミア,19,19,0,7062,5596,727,739,3403
72,秦 こころ,20,20,0,6729,5247,791,691,2974
46,比那名居 天子,21,21,0,6672,5160,829,683,2819
56,多々良 小傘,22,22,0,6249,4955,627,667,3034
44,洩矢 諏訪子,23,23,0,5943,4688,665,590,2768
36,四季映姫・ヤマザナドゥ,24,24,0,5524,4411,536,577,2762
29,蓬莱山 輝夜,25,25,0,5022,4035,431,556,2617
87,純狐,26,26,0,4972,3971,479,522,2491
28,八意 永琳,28,27,1,4889,3971,428,490,2625
34,風見 幽香,27,28,-1,4959,3949,518,492,2421
31,伊吹 萃香,29,29,0,4733,3804,441,488,2434
41,犬走 椛,30,30,0,4621,3631,534,456,2107
53,霊烏路 空,32,31,1,4315,3453,479,383,2112
21,八雲 藍,31,32,-1,4325,3409,416,500,2077
88,ヘカーティア・ラピスラズリ,33,33,0,4069,3280,326,463,2165
97,依神紫苑,34,34,0,4065,3213,420,432,1941
78,鬼人 正邪,35,35,0,4035,3114,546,375,1647
70,豊聡耳 神子,36,36,0,3952,3087,444,421,1778
49,水橋 パルスィ,37,37,0,3825,3061,362,402,1935
137,宇佐見 蓮子,38,38,0,3690,2976,323,391,1939
39,鍵山 雛,39,39,0,3647,2868,436,343,1653
85,稀神 サグメ,41,40,1,3561,2859,324,378,1833
69,物部 布都,40,41,-1,3571,2831,365,375,1726
95,摩多羅隠岐奈,43,42,1,3430,2746,356,328,1706
205,飯綱丸 龍,42,43,-1,3482,2719,394,369,1562
40,河城 にとり,44,44,0,3262,2619,333,310,1643
147,茨木 華扇,45,45,0,3027,2468,262,297,1647
52,火焔猫 燐,46,46,0,2952,2447,216,289,1726
117,魅魔,49,47,2,2860,2380,170,310,1730
24,ミスティア・ローレライ,47,48,-1,2906,2356,268,282,1538
208,饕餮 尤魔,48,49,-1,2886,2354,237,295,1585
13,橙,51,50,1,2726,2264,198,264,1604
61,聖 白蓮,50,51,-1,2733,2242,204,287,1547
25,上白沢 慧音,52,52,0,2688,2213,187,288,1551
4,大妖精,53,53,0,2633,2121,126,386,1483
62,封獣 ぬえ,54,54,0,2581,2105,222,254,1407
138,マエリベリー・ハーン,55,55,0,2511,2053,128,330,1467
206,天弓 千亦,56,56,0,2468,2009,209,250,1341
7,小悪魔,57,57,0,2289,1954,130,205,1489
221,道神 馴子,60,58,2,2076,1795,83,198,1431
134,神綺,61,59,2,2055,1744,109,202,1324
55,ナズーリン,58,60,-2,2156,1727,215,214,1083
84,ドレミー・スイート,59,61,-2,2094,1698,194,202,1108
26,因幡 てゐ,64,62,2,1871,1567,120,184,1143
204,菅牧 典,66,63,3,1848,1551,116,181,1138
103,埴安神 袿姫,62,64,-2,1916,1544,177,195,995
67,霍 青娥,68,65,3,1820,1501,123,196,1059
23,リグル・ナイトバグ,63,66,-3,1906,1499,227,180,865
74,赤蛮奇,65,67,-2,1860,1493,183,184,943
86,クラウンピース,70,68,2,1724,1476,117,131,1111
59,村紗 水蜜,67,69,-2,1832,1461,196,175,894
43,八坂 神奈子,69,70,-1,1734,1410,130,194,956
15,リリーホワイト,71,71,0,1692,1390,139,163,949
150,本居 小鈴,72,72,0,1657,1382,100,175,1007
144,綿月 豊姫,73,73,0,1629,1352,135,142,940
35,小野塚 小町,75,74,1,1555,1291,91,173,936
64,姫海棠 はたて,77,75,2,1527,1281,104,142,931
128,幻月,80,76,4,1481,1281,90,110,991
96,依神女苑,74,77,-3,1575,1271,124,180,843
45,永江 衣玖,76,78,-2,1554,1245,124,185,812
101,吉弔 八千慧,81,79,2,1478,1244,90,144,920
71,二ッ岩 マミゾウ,78,80,-2,1513,1238,136,139,827
139,稗田 阿求,79,81,-2,1499,1236,119,144,854
140,森近 霖之助,82,82,0,1436,1168,139,129,761
75,今泉 影狼,83,83,0,1394,1150,113,131,793
50,星熊 勇儀,84,84,0,1360,1119,106,135,772
81,宇佐見 菫子,85,85,0,1346,1107,115,124,753
100,庭渡 久侘歌,86,86,0,1324,1095,96,133,770
151,奥野田 美宵,89,87,2,1229,1062,39,128,856
68,蘇我 屠自古,88,88,0,1285,1045,106,134,699
79,少名 針妙丸,87,89,-2,1287,1044,118,125,683
123,岡崎 夢美,90,90,0,1221,1018,101,102,714
209,宮出口瑞霊,91,91,0,1207,992,91,124,686
80,堀川 雷鼓,92,92,0,1199,987,104,108,671
91,高麗野あうん,95,93,2,1104,938,69,97,703
216,豫母都 日狭美,96,94,2,1096,936,55,105,721
33,メディスン・メランコリー,93,95,-2,1132,921,99,112,611
145,綿月 依姫,94,96,-2,1128,914,83,131,617
142,ルナチャイルド,97,97,0,1046,883,59,104,661
73,わかさぎ姫,99,98,1,1032,857,76,99,606
66,宮古 芳香,98,99,-1,1039,855,92,92,579
217,日白 残無,103,100,3,969,831,54,84,639
222,先代巫女,105,101,4,945,817,40,88,649
127,夢月,108,102,6,912,811,19,82,691
12,レティ・ホワイトロック,100,103,-3,983,806,94,83,535
16,ルナサ・プリズムリバー,103,104,-1,969,792,85,92,530
207,姫虫 百々世,102,105,-3,970,790,80,100,530
38,秋 穣子,106,106,0,944,787,43,114,587
37,秋 静葉,107,107,0,937,768,75,94,524
215,天火人 ちやり,111,108,3,858,741,43,74,581
183,妖精（メイド妖精・ひまわり妖精 他）,101,109,-8,971,730,186,55,303
60,寅丸 星,109,110,-1,879,717,76,86,479
104,驪駒 早鬼,112,111,1,849,711,53,85,520
65,幽谷 響子,110,112,-2,864,694,66,104,458
143,スターサファイア,114,113,1,816,691,58,67,508
48,黒谷 ヤマメ,113,114,-1,822,677,59,86,473
141,サニーミルク,116,115,1,753,641,45,67,484
135,蓬莱人形ジャケットイラストの娘,115,116,-1,772,620,71,81,397
82,清蘭,117,117,0,706,608,42,56,468
57,雲居 一輪,118,118,0,704,581,57,66,401
200,豪徳寺 ミケ,121,119,2,660,562,45,53,419
218,C62サークルカットの娘,119,120,-1,695,552,68,75,341
102,杖刀偶 磨弓,120,121,-1,671,549,53,69,374
120,カナ・アナベラル,122,122,0,648,548,36,64,412
94,丁礼田舞,123,123,0,647,547,47,53,400
76,九十九 弁々,124,124,0,642,537,42,63,390
17,メルラン・プリズムリバー,125,125,0,634,532,45,57,385
195,アリスの人形（上海、蓬莱、大江戸 他）,126,126,0,591,526,12,53,449
89,エタニティラルバ,127,127,0,586,492,43,51,355
214,三頭 慧ノ子,128,128,0,561,486,18,57,393
93,爾子田里乃,129,129,0,534,447,25,62,335
125,くるみ,130,130,0,520,442,30,48,334
220,封獣 チミ,133,131,2,511,435,21,55,338
18,リリカ・プリズムリバー,132,132,0,513,431,36,46,313
160,名無しの本読み妖怪,134,133,1,503,424,46,33,299
148,影華扇（断善修悪の怪腕 - 茨木童子の腕）,131,134,-3,518,420,21,77,301
133,夢子,135,135,0,482,420,19,43,339
213,孫 美天,136,136,0,461,410,14,37,345
83,鈴瑚,137,137,0,442,373,29,40,275
179,易者,140,138,2,415,367,16,32,303
122,北白河 ちゆり,139,139,0,418,354,12,52,278
146,レイセン,138,140,-2,424,353,25,46,257
111,サリエル,142,141,1,403,343,26,34,257
90,坂田ネムノ,141,142,-1,405,342,18,45,261
92,矢田寺成美,143,143,0,380,326,20,34,252
77,九十九 八橋,144,144,0,379,305,40,34,191
118,エレン,147,145,2,350,300,19,31,231
98,戎 瓔花,145,146,-1,362,293,31,38,193
126,エリー,149,147,2,326,283,17,26,223
201,山城 たかね,146,148,-2,361,280,31,50,168
203,玉造 魅須丸,148,149,-1,329,278,22,29,205
110,エリス,150,150,0,318,277,12,29,224
47,キスメ,151,151,0,313,262,15,36,196
132,マイ,153,152,1,277,239,15,23,186
202,駒草 山如,152,153,-1,278,235,16,27,176
154,魂魄 妖忌,155,154,1,264,235,7,22,199
113,コンガラ,154,155,-1,272,225,15,32,163
131,ユキ,156,156,0,256,221,17,18,169
152,るーこと,157,157,0,248,217,8,23,178
99,牛崎 潤美,159,158,1,240,210,17,13,163
136,蓬莱人形レーベルイラストの娘,158,159,-1,241,203,5,33,160
119,小兎姫,160,160,0,224,197,15,12,155
124,オレンジ,161,161,0,222,192,9,21,153
116,明羅,162,162,0,217,180,18,19,125
219,塵塚 ウバメ,163,163,0,200,179,6,15,152
115,里香,164,164,0,192,160,15,17,113
180,抗鬱薬おじさん,166,165,1,172,152,7,13,125
109,ユウゲンマガン,167,166,1,170,147,8,15,116
121,朝倉 理香子,165,167,-2,178,146,11,21,103
114,玄爺,169,168,1,162,144,8,10,118
58,雲山,168,169,-1,166,141,9,16,107
186,UFO（赤・青・緑、その他）,171,170,1,144,132,5,7,115
108,シンギョク,170,171,-1,154,127,16,11,84
155,レイラ・プリズムリバー,171,172,-1,144,126,5,13,103
185,毛玉,173,173,0,127,113,7,7,92
63,大ナマズ,174,174,0,119,107,2,10,93
106,カワウソ霊,174,175,-1,119,106,2,11,91
130,ルイズ,176,176,0,108,91,8,9,66
199,旧作名無し中ボス,177,177,0,89,81,4,4,69
161,ツチノコ,179,178,1,85,74,4,7,59
129,サラ,178,179,-1,87,73,3,11,56
156,核熱造神ヒソウテンソク,180,180,0,79,72,4,3,61
212,鯢呑亭の常連,182,181,1,74,68,2,4,60
153,ミミちゃん,183,182,1,73,66,4,3,55
112,キクリ,181,183,-2,77,63,4,10,45
187,兎（玉兎、永遠亭の妖怪兎 他）,184,184,0,72,63,1,8,53
190,カラス（地獄鴉、紫・文の使い魔 他）,185,185,0,69,58,1,10,46
159,嫦娥,186,186,0,65,58,4,3,47
181,なめえもん,187,187,0,62,56,3,3,47
176,チュパカブラ,188,188,0,60,54,2,4,46
196,華扇の動物（久米、竿打、雷獣、彭祖、人面犬 他）,189,189,0,55,52,1,2,48
165,岩笠,190,190,0,53,46,3,4,36
189,狐（妖怪狐、狐の子他）,191,191,0,48,46,2,0,42
170,ホフゴブリン,192,192,0,44,40,1,3,35
105,オオカミ霊,194,193,1,43,39,0,4,35
194,里の人間（文花帖、求聞史紀、鈴奈庵などで登場した人間）,192,194,-2,44,37,3,4,27
193,龍（子龍、邪龍 他）,195,195,0,38,36,1,1,33
191,河童（山童含む）,196,196,0,36,34,0,2,32
171,万歳楽,197,197,0,35,32,1,2,28
192,天狗（香霖堂の天狗、大天狗 他）,198,198,0,30,28,1,1,25
173,ケセランパサラン,200,199,1,28,27,0,1,26
157,命蓮,199,200,-1,29,24,0,5,19
198,都市伝説の怪異（お菊さん、八尺さま 他）,201,201,0,27,24,0,3,21
197,神降ろしの神霊（天照、伊豆能売 他）,202,202,0,26,23,2,1,18
167,仙台四郎（福の神）,202,203,-1,26,22,1,3,17
184,幽霊（怨霊、神霊、化け化け含む）,204,204,0,23,21,1,1,18
211,鯢呑亭の店主,205,205,0,22,21,1,0,19
107,オオワシ霊,205,206,-1,22,19,2,1,14
162,酒虫,209,207,2,19,19,0,0,19
166,木花咲耶姫,207,208,-1,20,18,0,2,16
182,塩屋敷の旦那,207,209,-2,20,17,2,1,12
163,月の都の門番,209,210,-1,19,17,2,0,13
158,毘沙門天,209,211,-2,19,17,1,1,14
210,ライカ,212,212,0,18,16,1,1,13
178,ウワバミ,214,213,1,16,14,1,1,11
164,水江浦島子,213,214,-1,17,13,1,3,8
177,沓頬,215,215,0,14,12,1,1,9
188,狸（化け狸、野鉄砲他）,216,216,0,13,11,0,2,9
169,座敷童,217,217,0,11,10,1,0,8
172,ヤマネ,218,218,0,10,9,1,0,7
174,小鈴の両親,218,219,-1,10,9,0,1,8
168,運松,218,220,-2,10,9,0,1,8
175,煙々羅,221,221,0,3,3,0,0,3
