id,name,jpname,group,vote,first,weight,info,ratio,vratio,fratio,male,female,hmratio,hfratio,hmaratio,hfaratio,vvratio
1,博丽灵梦,博麗霊夢,主角,2271,422,2693,<a href='./?m=info&type=chara&id=1' target='_blank'>点击查看详情</a>,18.58%,33.54%,6.41%,1865,406,82.12%,17.88%,32.68%,32.93%,
2,雾雨魔理沙,霧雨魔理沙,主角,1851,320,2171,<a href='./?m=info&type=chara&id=2' target='_blank'>点击查看详情</a>,17.29%,27.34%,4.86%,1490,359,80.5%,19.39%,26.11%,29.12%,
3,露米娅,ルーミア,东方红魔乡,314,32,346,<a href='./?m=info&type=chara&id=3' target='_blank'>点击查看详情</a>,10.19%,4.64%,0.49%,282,32,89.81%,10.19%,4.94%,2.6%,
4,大妖精,大妖精,东方红魔乡,228,15,243,<a href='./?m=info&type=chara&id=4' target='_blank'>点击查看详情</a>,6.58%,3.37%,0.23%,206,22,90.35%,9.65%,3.61%,1.78%,
5,琪露诺,チルノ,东方红魔乡,863,138,1001,<a href='./?m=info&type=chara&id=5' target='_blank'>点击查看详情</a>,15.99%,12.75%,2.1%,771,92,89.34%,10.66%,13.51%,7.46%,
6,红美铃,紅美鈴,东方红魔乡,480,52,532,<a href='./?m=info&type=chara&id=6' target='_blank'>点击查看详情</a>,10.83%,7.09%,0.79%,371,109,77.29%,22.71%,6.5%,8.84%,
7,小恶魔,小悪魔,东方红魔乡,161,13,174,<a href='./?m=info&type=chara&id=7' target='_blank'>点击查看详情</a>,8.07%,2.38%,0.2%,144,17,89.44%,10.56%,2.52%,1.38%,
8,帕秋莉·诺蕾姬,パチュリー·ノーレッジ,东方红魔乡,757,124,881,<a href='./?m=info&type=chara&id=8' target='_blank'>点击查看详情</a>,16.38%,11.18%,1.88%,653,104,86.26%,13.74%,11.44%,8.43%,
9,十六夜咲夜,十六夜咲夜,东方红魔乡,1264,202,1466,<a href='./?m=info&type=chara&id=9' target='_blank'>点击查看详情</a>,15.98%,18.67%,3.07%,1036,227,81.96%,17.96%,18.15%,18.41%,
10,蕾米莉亚·斯卡蕾特,レミリア·スカーレット,东方红魔乡,1372,231,1603,<a href='./?m=info&type=chara&id=10' target='_blank'>点击查看详情</a>,16.84%,20.26%,3.51%,1154,218,84.11%,15.89%,20.22%,17.68%,
11,芙兰朵露·斯卡蕾特,フランドール·スカーレット,东方红魔乡,1087,217,1304,<a href='./?m=info&type=chara&id=11' target='_blank'>点击查看详情</a>,19.96%,16.05%,3.3%,873,212,80.31%,19.5%,15.3%,17.19%,
12,冴月麟,さつき りん,东方红魔乡,126,13,139,<a href='./?m=info&type=chara&id=12' target='_blank'>点击查看详情</a>,10.32%,1.86%,0.2%,99,27,78.57%,21.43%,1.73%,2.19%,
13,蕾蒂·霍瓦特洛克,レティ·ホワイトロック,东方妖妖梦,56,8,64,<a href='./?m=info&type=chara&id=13' target='_blank'>点击查看详情</a>,14.29%,0.83%,0.12%,47,9,83.93%,16.07%,0.82%,0.73%,
14,橙,橙,东方妖妖梦,126,7,133,<a href='./?m=info&type=chara&id=14' target='_blank'>点击查看详情</a>,5.56%,1.86%,0.11%,112,14,88.89%,11.11%,1.96%,1.14%,
15,爱丽丝·玛格特洛依德,アリス·マーガトロイド,东方妖妖梦,1120,223,1343,<a href='./?m=info&type=chara&id=15' target='_blank'>点击查看详情</a>,19.91%,16.54%,3.39%,931,189,83.13%,16.88%,16.31%,15.33%,
16,莉莉白,リリーホワイト,东方妖妖梦,168,17,185,<a href='./?m=info&type=chara&id=16' target='_blank'>点击查看详情</a>,10.12%,2.48%,0.26%,148,20,88.1%,11.9%,2.59%,1.62%,
17,露娜萨·普莉兹姆利巴,ルナサ·プリズムリバー,东方妖妖梦,50,3,53,<a href='./?m=info&type=chara&id=17' target='_blank'>点击查看详情</a>,6%,0.74%,0.05%,41,9,82%,18%,0.72%,0.73%,
18,梅露兰·普莉兹姆利巴,メルラン·プリズムリバー,东方妖妖梦,23,2,25,<a href='./?m=info&type=chara&id=18' target='_blank'>点击查看详情</a>,8.7%,0.34%,0.03%,17,6,73.91%,26.09%,0.3%,0.49%,
19,莉莉卡·普莉兹姆利巴,リリカ·プリズムリバー,东方妖妖梦,19,1,20,<a href='./?m=info&type=chara&id=19' target='_blank'>点击查看详情</a>,5.26%,0.28%,0.02%,16,3,84.21%,15.79%,0.28%,0.24%,
20,魂魄妖梦,魂魄妖夢,东方妖妖梦,1059,187,1246,<a href='./?m=info&type=chara&id=20' target='_blank'>点击查看详情</a>,17.66%,15.64%,2.84%,934,125,88.2%,11.8%,16.37%,10.14%,
21,西行寺幽幽子,西行寺幽々子,东方妖妖梦,1217,309,1526,<a href='./?m=info&type=chara&id=21' target='_blank'>点击查看详情</a>,25.39%,17.97%,4.69%,1014,203,83.32%,16.68%,17.77%,16.46%,
22,八云蓝,八雲藍,东方妖妖梦,226,25,251,<a href='./?m=info&type=chara&id=22' target='_blank'>点击查看详情</a>,11.06%,3.34%,0.38%,190,36,84.07%,15.93%,3.33%,2.92%,
23,八云紫,八雲紫,东方妖妖梦,1290,216,1506,<a href='./?m=info&type=chara&id=23' target='_blank'>点击查看详情</a>,16.74%,19.05%,3.28%,1048,242,81.24%,18.76%,18.36%,19.63%,
24,魂魄妖忌,魂魄妖忌,东方妖妖梦,31,1,32,<a href='./?m=info&type=chara&id=24' target='_blank'>点击查看详情</a>,3.23%,0.46%,0.02%,28,3,90.32%,9.68%,0.49%,0.24%,
25,蕾拉·普莉兹姆利巴,レイラ·プリズムリバー,东方妖妖梦,20,1,21,<a href='./?m=info&type=chara&id=25' target='_blank'>点击查看详情</a>,5%,0.3%,0.02%,13,7,65%,35%,0.23%,0.57%,
26,伊吹萃香,伊吹萃香,东方萃梦想,575,84,659,<a href='./?m=info&type=chara&id=26' target='_blank'>点击查看详情</a>,14.61%,8.49%,1.28%,513,62,89.22%,10.78%,8.99%,5.03%,
27,莉格露·奈特巴格,リグル·ナイトバグ,东方永夜抄,45,9,54,<a href='./?m=info&type=chara&id=27' target='_blank'>点击查看详情</a>,20%,0.66%,0.14%,27,18,60%,40%,0.47%,1.46%,
28,米斯蒂娅·萝蕾拉,ミスティア·ローレライ,东方永夜抄,151,29,180,<a href='./?m=info&type=chara&id=28' target='_blank'>点击查看详情</a>,19.21%,2.23%,0.44%,136,15,90.07%,9.93%,2.38%,1.22%,
29,上白泽慧音,上白沢慧音,东方永夜抄,323,33,356,<a href='./?m=info&type=chara&id=29' target='_blank'>点击查看详情</a>,10.22%,4.77%,0.5%,235,88,72.76%,27.24%,4.12%,7.14%,
30,因幡帝,因幡てゐ,东方永夜抄,147,15,162,<a href='./?m=info&type=chara&id=30' target='_blank'>点击查看详情</a>,10.2%,2.17%,0.23%,118,29,80.27%,19.73%,2.07%,2.35%,
31,铃仙·优昙华院·因幡,鈴仙·優曇華院·イナバ,东方永夜抄,908,139,1047,<a href='./?m=info&type=chara&id=31' target='_blank'>点击查看详情</a>,15.31%,13.41%,2.11%,787,120,86.67%,13.22%,13.79%,9.73%,
32,八意永琳,八意永琳,东方永夜抄,303,43,346,<a href='./?m=info&type=chara&id=32' target='_blank'>点击查看详情</a>,14.19%,4.47%,0.65%,215,88,70.96%,29.04%,3.77%,7.14%,
33,蓬莱山辉夜,蓬莱山輝夜,东方永夜抄,794,145,939,<a href='./?m=info&type=chara&id=33' target='_blank'>点击查看详情</a>,18.26%,11.73%,2.2%,613,181,77.2%,22.8%,10.74%,14.68%,
34,藤原妹红,藤原妹紅,东方永夜抄,1207,222,1429,<a href='./?m=info&type=chara&id=34' target='_blank'>点击查看详情</a>,18.39%,17.83%,3.37%,924,283,76.55%,23.45%,16.19%,22.95%,
35,射命丸文,射命丸文,东方花映塚,1155,261,1416,<a href='./?m=info&type=chara&id=35' target='_blank'>点击查看详情</a>,22.6%,17.06%,3.97%,1006,149,87.1%,12.9%,17.63%,12.08%,
36,梅蒂欣·梅兰可莉,メディスン·メランコリー,东方花映塚,82,11,93,<a href='./?m=info&type=chara&id=36' target='_blank'>点击查看详情</a>,13.41%,1.21%,0.17%,60,22,73.17%,26.83%,1.05%,1.78%,
37,风见幽香,風見幽香,东方花映塚,575,105,680,<a href='./?m=info&type=chara&id=37' target='_blank'>点击查看详情</a>,18.26%,8.49%,1.6%,471,104,81.91%,18.09%,8.25%,8.43%,
38,小野塚小町,小野塚小町,东方花映塚,134,11,145,<a href='./?m=info&type=chara&id=38' target='_blank'>点击查看详情</a>,8.21%,1.98%,0.17%,101,33,75.37%,24.63%,1.77%,2.68%,
39,四季映姬·亚玛萨那度,四季映姫·ヤマザナドゥ,东方花映塚,644,103,747,<a href='./?m=info&type=chara&id=39' target='_blank'>点击查看详情</a>,15.99%,9.51%,1.56%,517,126,80.28%,19.57%,9.06%,10.22%,
40,秋静叶,秋静葉,东方风神录,89,9,98,<a href='./?m=info&type=chara&id=40' target='_blank'>点击查看详情</a>,10.11%,1.31%,0.14%,74,15,83.15%,16.85%,1.3%,1.22%,
41,秋穰子,秋穣子,东方风神录,70,7,77,<a href='./?m=info&type=chara&id=41' target='_blank'>点击查看详情</a>,10%,1.03%,0.11%,60,10,85.71%,14.29%,1.05%,0.81%,
42,键山雏,鍵山雛,东方风神录,433,77,510,<a href='./?m=info&type=chara&id=42' target='_blank'>点击查看详情</a>,17.78%,6.39%,1.17%,379,54,87.53%,12.47%,6.64%,4.38%,
43,河城荷取,河城にとり,东方风神录,200,25,225,<a href='./?m=info&type=chara&id=43' target='_blank'>点击查看详情</a>,12.5%,2.95%,0.38%,170,30,85%,15%,2.98%,2.43%,
44,犬走椛,犬走椛,东方风神录,282,27,309,<a href='./?m=info&type=chara&id=44' target='_blank'>点击查看详情</a>,9.57%,4.16%,0.41%,253,29,89.72%,10.28%,4.43%,2.35%,
45,东风谷早苗,東風谷早苗,东方风神录,1085,198,1283,<a href='./?m=info&type=chara&id=45' target='_blank'>点击查看详情</a>,18.25%,16.02%,3.01%,935,150,86.18%,13.82%,16.38%,12.17%,
46,八坂神奈子,八坂神奈子,东方风神录,159,15,174,<a href='./?m=info&type=chara&id=46' target='_blank'>点击查看详情</a>,9.43%,2.35%,0.23%,122,37,76.73%,23.27%,2.14%,3%,
47,洩矢诹访子,洩矢諏訪子,东方风神录,504,49,553,<a href='./?m=info&type=chara&id=47' target='_blank'>点击查看详情</a>,9.72%,7.44%,0.74%,417,87,82.74%,17.26%,7.31%,7.06%,
48,永江衣玖,永江衣玖,东方绯想天,129,15,144,<a href='./?m=info&type=chara&id=48' target='_blank'>点击查看详情</a>,11.63%,1.91%,0.23%,106,23,82.17%,17.83%,1.86%,1.87%,
49,比那名居天子,比那名居天子,东方绯想天,887,153,1040,<a href='./?m=info&type=chara&id=49' target='_blank'>点击查看详情</a>,17.25%,13.1%,2.32%,811,76,91.43%,8.57%,14.21%,6.16%,
50,琪斯美,キスメ,东方地灵殿,15,1,16,<a href='./?m=info&type=chara&id=50' target='_blank'>点击查看详情</a>,6.67%,0.22%,0.02%,13,2,86.67%,13.33%,0.23%,0.16%,
51,黑谷山女,黒谷ヤマメ,东方地灵殿,35,1,36,<a href='./?m=info&type=chara&id=51' target='_blank'>点击查看详情</a>,2.86%,0.52%,0.02%,34,1,97.14%,2.86%,0.6%,0.08%,
52,水桥帕露西,水橋パルスィ,东方地灵殿,293,40,333,<a href='./?m=info&type=chara&id=52' target='_blank'>点击查看详情</a>,13.65%,4.33%,0.61%,212,80,72.35%,27.3%,3.71%,6.49%,
53,星熊勇仪,星熊勇儀,东方地灵殿,98,8,106,<a href='./?m=info&type=chara&id=53' target='_blank'>点击查看详情</a>,8.16%,1.45%,0.12%,79,19,80.61%,19.39%,1.38%,1.54%,
54,古明地觉,古明地さとり,东方地灵殿,1349,237,1586,<a href='./?m=info&type=chara&id=54' target='_blank'>点击查看详情</a>,17.57%,19.92%,3.6%,1151,198,85.32%,14.68%,20.17%,16.06%,
55,火焰猫燐,火焔猫燐,东方地灵殿,272,25,297,<a href='./?m=info&type=chara&id=55' target='_blank'>点击查看详情</a>,9.19%,4.02%,0.38%,237,35,87.13%,12.87%,4.15%,2.84%,
56,灵乌路空,霊烏路空,东方地灵殿,334,50,384,<a href='./?m=info&type=chara&id=56' target='_blank'>点击查看详情</a>,14.97%,4.93%,0.76%,288,46,86.23%,13.77%,5.05%,3.73%,
57,古明地恋,古明地こいし,东方地灵殿,1844,449,2293,<a href='./?m=info&type=chara&id=57' target='_blank'>点击查看详情</a>,24.35%,27.23%,6.82%,1563,280,84.76%,15.18%,27.39%,22.71%,
58,娜兹玲,ナズーリン,东方星莲船,69,5,74,<a href='./?m=info&type=chara&id=58' target='_blank'>点击查看详情</a>,7.25%,1.02%,0.08%,58,11,84.06%,15.94%,1.02%,0.89%,
59,多多良小伞,多々良小傘,东方星莲船,349,38,387,<a href='./?m=info&type=chara&id=59' target='_blank'>点击查看详情</a>,10.89%,5.15%,0.58%,316,33,90.54%,9.46%,5.54%,2.68%,
60,云山,雲山,东方星莲船,11,0,11,<a href='./?m=info&type=chara&id=60' target='_blank'>点击查看详情</a>,0%,0.16%,0%,11,0,100%,0%,0.19%,0%,
61,云居一轮,雲居一輪,东方星莲船,39,2,41,<a href='./?m=info&type=chara&id=61' target='_blank'>点击查看详情</a>,5.13%,0.58%,0.03%,16,23,41.03%,58.97%,0.28%,1.87%,
62,村纱水蜜,村紗水蜜,东方星莲船,123,11,134,<a href='./?m=info&type=chara&id=62' target='_blank'>点击查看详情</a>,8.94%,1.82%,0.17%,70,53,56.91%,43.09%,1.23%,4.3%,
63,寅丸星,寅丸星,东方星莲船,33,2,35,<a href='./?m=info&type=chara&id=63' target='_blank'>点击查看详情</a>,6.06%,0.49%,0.03%,19,14,57.58%,42.42%,0.33%,1.14%,
64,圣白莲,聖白蓮,东方星莲船,430,46,476,<a href='./?m=info&type=chara&id=64' target='_blank'>点击查看详情</a>,10.7%,6.35%,0.7%,340,90,79.07%,20.93%,5.96%,7.3%,
65,封兽鵺,封獣ぬえ,东方星莲船,253,25,278,<a href='./?m=info&type=chara&id=65' target='_blank'>点击查看详情</a>,9.88%,3.74%,0.38%,189,64,74.7%,25.3%,3.31%,5.19%,
66,命莲,命蓮,东方星莲船,8,0,8,<a href='./?m=info&type=chara&id=66' target='_blank'>点击查看详情</a>,0%,0.12%,0%,7,1,87.5%,12.5%,0.12%,0.08%,
67,大鲶鱼,大ナマズ,东方非想天则,22,1,23,<a href='./?m=info&type=chara&id=67' target='_blank'>点击查看详情</a>,4.55%,0.32%,0.02%,18,4,81.82%,18.18%,0.32%,0.32%,
68,非想天则,非想天則,东方非想天则,9,1,10,<a href='./?m=info&type=chara&id=68' target='_blank'>点击查看详情</a>,11.11%,0.13%,0.02%,8,1,88.89%,11.11%,0.14%,0.08%,
69,姬海棠果,姫海棠はたて,东方文花帖DS,98,6,104,<a href='./?m=info&type=chara&id=69' target='_blank'>点击查看详情</a>,6.12%,1.45%,0.09%,81,17,82.65%,17.35%,1.42%,1.38%,
70,幽谷响子,幽谷響子,东方神灵庙,76,7,83,<a href='./?m=info&type=chara&id=70' target='_blank'>点击查看详情</a>,9.21%,1.12%,0.11%,67,9,88.16%,11.84%,1.17%,0.73%,
71,宫古芳香,宮古芳香,东方神灵庙,61,6,67,<a href='./?m=info&type=chara&id=71' target='_blank'>点击查看详情</a>,9.84%,0.9%,0.09%,37,24,60.66%,39.34%,0.65%,1.95%,
72,霍青娥,霍青娥,东方神灵庙,192,10,202,<a href='./?m=info&type=chara&id=72' target='_blank'>点击查看详情</a>,5.21%,2.84%,0.15%,119,73,61.98%,38.02%,2.09%,5.92%,
73,苏我屠自古,蘇我屠自古,东方神灵庙,82,10,92,<a href='./?m=info&type=chara&id=73' target='_blank'>点击查看详情</a>,12.2%,1.21%,0.15%,39,43,47.56%,52.44%,0.68%,3.49%,
74,物部布都,物部布都,东方神灵庙,204,30,234,<a href='./?m=info&type=chara&id=74' target='_blank'>点击查看详情</a>,14.71%,3.01%,0.46%,111,93,54.41%,45.59%,1.94%,7.54%,
75,丰聪耳神子,豊聡耳神子,东方神灵庙,439,74,513,<a href='./?m=info&type=chara&id=75' target='_blank'>点击查看详情</a>,16.86%,6.48%,1.12%,291,148,66.29%,33.71%,5.1%,12%,
76,二岩猯藏,二ッ岩マミゾウ,东方神灵庙,135,8,143,<a href='./?m=info&type=chara&id=76' target='_blank'>点击查看详情</a>,5.93%,1.99%,0.12%,87,48,64.44%,35.56%,1.52%,3.89%,
77,秦心,秦こころ,东方心绮楼,847,92,939,<a href='./?m=info&type=chara&id=77' target='_blank'>点击查看详情</a>,10.86%,12.51%,1.4%,754,93,89.02%,10.98%,13.21%,7.54%,
78,秦河胜,秦河胜,东方心绮楼,7,0,7,<a href='./?m=info&type=chara&id=78' target='_blank'>点击查看详情</a>,0%,0.1%,0%,1,6,14.29%,85.71%,0.02%,0.49%,
79,若鹭姬,わかさぎ姫,东方辉针城,71,9,80,<a href='./?m=info&type=chara&id=79' target='_blank'>点击查看详情</a>,12.68%,1.05%,0.14%,55,16,77.46%,22.54%,0.96%,1.3%,
80,赤蛮奇,赤蛮奇,东方辉针城,107,16,123,<a href='./?m=info&type=chara&id=80' target='_blank'>点击查看详情</a>,14.95%,1.58%,0.24%,82,25,76.64%,23.36%,1.44%,2.03%,
81,今泉影狼,今泉影狼,东方辉针城,102,11,113,<a href='./?m=info&type=chara&id=81' target='_blank'>点击查看详情</a>,10.78%,1.51%,0.17%,94,8,92.16%,7.84%,1.65%,0.65%,
82,九十九弁弁,九十九弁々,东方辉针城,84,6,90,<a href='./?m=info&type=chara&id=82' target='_blank'>点击查看详情</a>,7.14%,1.24%,0.09%,63,21,75%,25%,1.1%,1.7%,
83,九十九八桥,九十九八橋,东方辉针城,34,0,34,<a href='./?m=info&type=chara&id=83' target='_blank'>点击查看详情</a>,0%,0.5%,0%,24,10,70.59%,29.41%,0.42%,0.81%,
84,鬼人正邪,鬼人正邪,东方辉针城,580,112,692,<a href='./?m=info&type=chara&id=84' target='_blank'>点击查看详情</a>,19.31%,8.57%,1.7%,438,142,75.52%,24.48%,7.67%,11.52%,
85,少名针妙丸,少名針妙丸,东方辉针城,399,35,434,<a href='./?m=info&type=chara&id=85' target='_blank'>点击查看详情</a>,8.77%,5.89%,0.53%,315,83,78.95%,20.8%,5.52%,6.73%,
86,堀川雷鼓,堀川雷鼓,东方辉针城,176,26,202,<a href='./?m=info&type=chara&id=86' target='_blank'>点击查看详情</a>,14.77%,2.6%,0.4%,120,56,68.18%,31.82%,2.1%,4.54%,
87,宇佐见堇子,宇佐見菫子,东方深秘录,337,19,356,<a href='./?m=info&type=chara&id=87' target='_blank'>点击查看详情</a>,5.64%,4.98%,0.29%,251,86,74.48%,25.52%,4.4%,6.97%,
88,绿巨人,緑の巨人,东方深秘录,2,0,2,<a href='./?m=info&type=chara&id=88' target='_blank'>点击查看详情</a>,0%,0.03%,0%,2,0,100%,0%,0.04%,0%,
89,阿菊,お菊,东方深秘录,2,0,2,<a href='./?m=info&type=chara&id=89' target='_blank'>点击查看详情</a>,0%,0.03%,0%,1,1,50%,50%,0.02%,0.08%,
90,八尺大人,八尺さま,东方深秘录,0,0,0,<a href='./?m=info&type=chara&id=90' target='_blank'>点击查看详情</a>,0%,0%,0%,0,0,0%,0%,0%,0%,0%
91,彭祖,彭祖,东方深秘录,1,0,1,<a href='./?m=info&type=chara&id=91' target='_blank'>点击查看详情</a>,0%,0.01%,0%,1,0,100%,0%,0.02%,0%,
92,黄帝,黄帝,东方深秘录,2,0,2,<a href='./?m=info&type=chara&id=92' target='_blank'>点击查看详情</a>,0%,0.03%,0%,1,1,50%,50%,0.02%,0.08%,
93,尼西号,ネッシー号,东方深秘录,1,0,1,<a href='./?m=info&type=chara&id=93' target='_blank'>点击查看详情</a>,0%,0.01%,0%,1,0,100%,0%,0.02%,0%,
94,清兰,清蘭,东方绀珠传,35,1,36,<a href='./?m=info&type=chara&id=94' target='_blank'>点击查看详情</a>,2.86%,0.52%,0.02%,25,10,71.43%,28.57%,0.44%,0.81%,
95,铃瑚,鈴瑚,东方绀珠传,25,1,26,<a href='./?m=info&type=chara&id=95' target='_blank'>点击查看详情</a>,4%,0.37%,0.02%,17,8,68%,32%,0.3%,0.65%,
96,哆来咪·苏伊特,ドレミー・スイート,东方绀珠传,415,45,460,<a href='./?m=info&type=chara&id=96' target='_blank'>点击查看详情</a>,10.84%,6.13%,0.68%,301,114,72.53%,27.47%,5.27%,9.25%,
97,稀神探女,稀神サグメ,东方绀珠传,567,56,623,<a href='./?m=info&type=chara&id=97' target='_blank'>点击查看详情</a>,9.88%,8.37%,0.85%,435,132,76.72%,23.28%,7.62%,10.71%,
98,克劳恩皮丝,クラウンピース,东方绀珠传,344,21,365,<a href='./?m=info&type=chara&id=98' target='_blank'>点击查看详情</a>,6.1%,5.08%,0.32%,300,44,87.21%,12.79%,5.26%,3.57%,
99,纯狐,純狐,东方绀珠传,579,71,650,<a href='./?m=info&type=chara&id=99' target='_blank'>点击查看详情</a>,12.26%,8.55%,1.08%,434,145,74.96%,25.04%,7.6%,11.76%,
100,赫卡提亚·拉碧斯拉祖利,ヘカーティア・ラピスラズリ,东方绀珠传,165,9,174,<a href='./?m=info&type=chara&id=100' target='_blank'>点击查看详情</a>,5.45%,2.44%,0.14%,119,46,72.12%,27.88%,2.09%,3.73%,
101,神玉,神玉,东方灵异传,2,0,2,<a href='./?m=info&type=chara&id=101' target='_blank'>点击查看详情</a>,0%,0.03%,0%,1,1,50%,50%,0.02%,0.08%,
102,魅魔,魅魔,东方灵异传,136,10,146,<a href='./?m=info&type=chara&id=102' target='_blank'>点击查看详情</a>,7.35%,2.01%,0.15%,106,30,77.94%,22.06%,1.86%,2.43%,
103,菊理,きくり,东方灵异传,1,0,1,<a href='./?m=info&type=chara&id=103' target='_blank'>点击查看详情</a>,0%,0.01%,0%,0,1,0%,100%,0%,0.08%,
104,矜羯罗,矜羯羅,东方灵异传,9,1,10,<a href='./?m=info&type=chara&id=104' target='_blank'>点击查看详情</a>,11.11%,0.13%,0.02%,5,4,55.56%,44.44%,0.09%,0.32%,
105,幽玄魔眼,幽幻魔眼,东方灵异传,3,0,3,<a href='./?m=info&type=chara&id=105' target='_blank'>点击查看详情</a>,0%,0.04%,0%,2,1,66.67%,33.33%,0.04%,0.08%,
106,依莉斯,エリス,东方灵异传,7,2,9,<a href='./?m=info&type=chara&id=106' target='_blank'>点击查看详情</a>,28.57%,0.1%,0.03%,5,2,71.43%,28.57%,0.09%,0.16%,
107,萨丽爱尔,サリエル,东方灵异传,40,4,44,<a href='./?m=info&type=chara&id=107' target='_blank'>点击查看详情</a>,10%,0.59%,0.06%,30,10,75%,25%,0.53%,0.81%,
108,玄爷,玄爺,东方封魔录,7,0,7,<a href='./?m=info&type=chara&id=108' target='_blank'>点击查看详情</a>,0%,0.1%,0%,6,1,85.71%,14.29%,0.11%,0.08%,
109,里香,里香,东方封魔录,17,2,19,<a href='./?m=info&type=chara&id=109' target='_blank'>点击查看详情</a>,11.76%,0.25%,0.03%,12,5,70.59%,29.41%,0.21%,0.41%,
110,明罗,明羅,东方封魔录,15,0,15,<a href='./?m=info&type=chara&id=110' target='_blank'>点击查看详情</a>,0%,0.22%,0%,5,10,33.33%,66.67%,0.09%,0.81%,
111,Flower～战车,ふらわ～戦車,东方封魔录,1,0,1,<a href='./?m=info&type=chara&id=111' target='_blank'>点击查看详情</a>,0%,0.01%,0%,1,0,100%,0%,0.02%,0%,
112,邪眼西格玛,イビルアイ∑,东方封魔录,3,0,3,<a href='./?m=info&type=chara&id=112' target='_blank'>点击查看详情</a>,0%,0.04%,0%,3,0,100%,0%,0.05%,0%,
113,爱莲,エレン,东方梦时空,26,3,29,<a href='./?m=info&type=chara&id=113' target='_blank'>点击查看详情</a>,11.54%,0.38%,0.05%,14,12,53.85%,46.15%,0.25%,0.97%,
114,小兔姬,小兎姫,东方梦时空,18,2,20,<a href='./?m=info&type=chara&id=114' target='_blank'>点击查看详情</a>,11.11%,0.27%,0.03%,5,13,27.78%,72.22%,0.09%,1.05%,
115,卡娜·安娜贝拉尔,カナ·アナベラル,东方梦时空,45,4,49,<a href='./?m=info&type=chara&id=115' target='_blank'>点击查看详情</a>,8.89%,0.66%,0.06%,36,9,80%,20%,0.63%,0.73%,
116,朝仓理香子,朝倉理香子,东方梦时空,10,0,10,<a href='./?m=info&type=chara&id=116' target='_blank'>点击查看详情</a>,0%,0.15%,0%,4,6,40%,60%,0.07%,0.49%,
117,北白河千百合,北白河ちゆり,东方梦时空,13,1,14,<a href='./?m=info&type=chara&id=117' target='_blank'>点击查看详情</a>,7.69%,0.19%,0.02%,9,4,69.23%,30.77%,0.16%,0.32%,
118,冈崎梦美,岡崎夢美,东方梦时空,181,16,197,<a href='./?m=info&type=chara&id=118' target='_blank'>点击查看详情</a>,8.84%,2.67%,0.24%,133,48,73.48%,26.52%,2.33%,3.89%,
119,咪咪号,ミミちゃん,东方梦时空,1,0,1,<a href='./?m=info&type=chara&id=119' target='_blank'>点击查看详情</a>,0%,0.01%,0%,1,0,100%,0%,0.02%,0%,
120,留琴,る～こと,东方梦时空,6,0,6,<a href='./?m=info&type=chara&id=120' target='_blank'>点击查看详情</a>,0%,0.09%,0%,5,1,83.33%,16.67%,0.09%,0.08%,
121,玛○奇,ま○ち,东方梦时空,1,0,1,<a href='./?m=info&type=chara&id=121' target='_blank'>点击查看详情</a>,0%,0.01%,0%,1,0,100%,0%,0.02%,0%,
122,苏格拉底,ソクラテス,东方梦时空,4,1,5,<a href='./?m=info&type=chara&id=122' target='_blank'>点击查看详情</a>,25%,0.06%,0.02%,3,1,75%,25%,0.05%,0.08%,
123,奥莲姬,オレンジ,东方幻想乡,5,1,6,<a href='./?m=info&type=chara&id=123' target='_blank'>点击查看详情</a>,20%,0.07%,0.02%,3,2,60%,40%,0.05%,0.16%,
124,胡桃,くるみ,东方幻想乡,23,1,24,<a href='./?m=info&type=chara&id=124' target='_blank'>点击查看详情</a>,4.35%,0.34%,0.02%,19,4,82.61%,17.39%,0.33%,0.32%,
125,艾丽,エリー,东方幻想乡,11,2,13,<a href='./?m=info&type=chara&id=125' target='_blank'>点击查看详情</a>,18.18%,0.16%,0.03%,11,0,100%,0%,0.19%,0%,
126,梦月,夢月,东方幻想乡,21,1,22,<a href='./?m=info&type=chara&id=126' target='_blank'>点击查看详情</a>,4.76%,0.31%,0.02%,17,4,80.95%,19.05%,0.3%,0.32%,
127,幻月,幻月,东方幻想乡,57,9,66,<a href='./?m=info&type=chara&id=127' target='_blank'>点击查看详情</a>,15.79%,0.84%,0.14%,43,14,75.44%,24.56%,0.75%,1.14%,
128,萨拉,サラ,东方怪绮谈,2,0,2,<a href='./?m=info&type=chara&id=128' target='_blank'>点击查看详情</a>,0%,0.03%,0%,2,0,100%,0%,0.04%,0%,
129,露易兹,ルイズ,东方怪绮谈,5,1,6,<a href='./?m=info&type=chara&id=129' target='_blank'>点击查看详情</a>,20%,0.07%,0.02%,1,4,20%,80%,0.02%,0.32%,
130,雪,ユキ,东方怪绮谈,9,2,11,<a href='./?m=info&type=chara&id=130' target='_blank'>点击查看详情</a>,22.22%,0.13%,0.03%,8,1,88.89%,11.11%,0.14%,0.08%,
131,舞,マイ,东方怪绮谈,11,0,11,<a href='./?m=info&type=chara&id=131' target='_blank'>点击查看详情</a>,0%,0.16%,0%,8,3,72.73%,27.27%,0.14%,0.24%,
132,梦子,夢子,东方怪绮谈,22,0,22,<a href='./?m=info&type=chara&id=132' target='_blank'>点击查看详情</a>,0%,0.32%,0%,17,5,77.27%,22.73%,0.3%,0.41%,
133,神绮,神綺,东方怪绮谈,230,15,245,<a href='./?m=info&type=chara&id=133' target='_blank'>点击查看详情</a>,6.52%,3.4%,0.23%,194,36,84.35%,15.65%,3.4%,2.92%,
134,宇佐见莲子,宇佐見蓮子,音乐CD,597,55,652,<a href='./?m=info&type=chara&id=134' target='_blank'>点击查看详情</a>,9.21%,8.82%,0.84%,470,127,78.73%,21.27%,8.24%,10.3%,
135,玛艾露贝莉·赫恩（梅莉）,マエリベリー·ハーン（メリー）,音乐CD,520,36,556,<a href='./?m=info&type=chara&id=135' target='_blank'>点击查看详情</a>,6.92%,7.68%,0.55%,408,112,78.46%,21.54%,7.15%,9.08%,
136,稗田阿求,稗田阿求,官方出版物,306,24,330,<a href='./?m=info&type=chara&id=136' target='_blank'>点击查看详情</a>,7.84%,4.52%,0.36%,246,60,80.39%,19.61%,4.31%,4.87%,
137,森近霖之助,森近霖之助,官方出版物,183,11,194,<a href='./?m=info&type=chara&id=137' target='_blank'>点击查看详情</a>,6.01%,2.7%,0.17%,159,24,86.89%,13.11%,2.79%,1.95%,
138,无名的读书妖怪（朱鹭子）,名無しの本読み妖怪（朱鷺子）,官方出版物,32,3,35,<a href='./?m=info&type=chara&id=138' target='_blank'>点击查看详情</a>,9.38%,0.47%,0.05%,29,3,90.63%,9.38%,0.51%,0.24%,
139,桑尼米尔克,サニーミルク,官方出版物,75,10,85,<a href='./?m=info&type=chara&id=139' target='_blank'>点击查看详情</a>,13.33%,1.11%,0.15%,71,4,94.67%,5.33%,1.24%,0.32%,
140,露娜切尔德,ルナチャイルド,官方出版物,109,4,113,<a href='./?m=info&type=chara&id=140' target='_blank'>点击查看详情</a>,3.67%,1.61%,0.06%,104,5,95.41%,4.59%,1.82%,0.41%,
141,斯塔萨菲雅,スターサファイア,官方出版物,96,6,102,<a href='./?m=info&type=chara&id=141' target='_blank'>点击查看详情</a>,6.25%,1.42%,0.09%,88,8,91.67%,8.33%,1.54%,0.65%,
142,绵月丰姬,綿月豊姫,官方出版物,39,5,44,<a href='./?m=info&type=chara&id=142' target='_blank'>点击查看详情</a>,12.82%,0.58%,0.08%,30,9,76.92%,23.08%,0.53%,0.73%,
143,绵月依姬,綿月依姫,官方出版物,61,2,63,<a href='./?m=info&type=chara&id=143' target='_blank'>点击查看详情</a>,3.28%,0.9%,0.03%,46,15,75.41%,24.59%,0.81%,1.22%,
144,Reisen,レイセン,官方出版物,7,0,7,<a href='./?m=info&type=chara&id=144' target='_blank'>点击查看详情</a>,0%,0.1%,0%,7,0,100%,0%,0.12%,0%,
145,茨木华扇,茨木華扇,官方出版物,265,30,295,<a href='./?m=info&type=chara&id=145' target='_blank'>点击查看详情</a>,11.32%,3.91%,0.46%,235,30,88.68%,11.32%,4.12%,2.43%,
146,本居小铃,本居小鈴,官方出版物,246,25,271,<a href='./?m=info&type=chara&id=146' target='_blank'>点击查看详情</a>,10.16%,3.63%,0.38%,217,29,88.21%,11.79%,3.8%,2.35%,
147,龙神,龍神,官方出版物,7,1,8,<a href='./?m=info&type=chara&id=147' target='_blank'>点击查看详情</a>,14.29%,0.1%,0.02%,5,2,71.43%,28.57%,0.09%,0.16%,
148,月夜见,月夜見,官方出版物,4,1,5,<a href='./?m=info&type=chara&id=148' target='_blank'>点击查看详情</a>,25%,0.06%,0.02%,4,0,100%,0%,0.07%,0%,
149,石长姬,磐長姫,官方出版物,0,0,0,<a href='./?m=info&type=chara&id=149' target='_blank'>点击查看详情</a>,0%,0%,0%,0,0,0%,0%,0%,0%,0%
150,木花咲耶姬,木花咲耶姫,官方出版物,1,0,1,<a href='./?m=info&type=chara&id=150' target='_blank'>点击查看详情</a>,0%,0.01%,0%,1,0,100%,0%,0.02%,0%,
151,天照大御神,天照大御神,官方出版物,1,0,1,<a href='./?m=info&type=chara&id=151' target='_blank'>点击查看详情</a>,0%,0.01%,0%,0,1,0%,100%,0%,0.08%,
152,石凝老命,石凝老命,官方出版物,0,0,0,<a href='./?m=info&type=chara&id=152' target='_blank'>点击查看详情</a>,0%,0%,0%,0,0,0%,0%,0%,0%,0%
153,天宇受卖命,天宇受売命,官方出版物,0,0,0,<a href='./?m=info&type=chara&id=153' target='_blank'>点击查看详情</a>,0%,0%,0%,0,0,0%,0%,0%,0%,0%
154,伊豆能卖,伊豆能売,官方出版物,2,0,2,<a href='./?m=info&type=chara&id=154' target='_blank'>点击查看详情</a>,0%,0.03%,0%,2,0,100%,0%,0.04%,0%,
155,火雷神,火雷神,官方出版物,0,0,0,<a href='./?m=info&type=chara&id=155' target='_blank'>点击查看详情</a>,0%,0%,0%,0,0,0%,0%,0%,0%,0%
156,岩笠,岩笠,官方出版物,3,0,3,<a href='./?m=info&type=chara&id=156' target='_blank'>点击查看详情</a>,0%,0.04%,0%,3,0,100%,0%,0.05%,0%,
157,瑞江浦岛子,瑞江浦嶋子,官方出版物,0,0,0,<a href='./?m=info&type=chara&id=157' target='_blank'>点击查看详情</a>,0%,0%,0%,0,0,0%,0%,0%,0%,0%
158,前鬼 / 后鬼,前鬼 / 後鬼,官方出版物,0,0,0,<a href='./?m=info&type=chara&id=158' target='_blank'>点击查看详情</a>,0%,0%,0%,0,0,0%,0%,0%,0%,0%
159,求闻史纪中的受访人群,求闻史纪中的受访人群,官方出版物,5,0,5,<a href='./?m=info&type=chara&id=159' target='_blank'>点击查看详情</a>,0%,0.07%,0%,3,2,60%,40%,0.05%,0.16%,
160,野槌,ツチノコ,官方出版物,1,0,1,<a href='./?m=info&type=chara&id=160' target='_blank'>点击查看详情</a>,0%,0.01%,0%,1,0,100%,0%,0.02%,0%,
161,酒虫,酒虫,官方出版物,1,0,1,<a href='./?m=info&type=chara&id=161' target='_blank'>点击查看详情</a>,0%,0.01%,0%,1,0,100%,0%,0.02%,0%,
162,雷兽（务光）,雷獣（務光）,官方出版物,0,0,0,<a href='./?m=info&type=chara&id=162' target='_blank'>点击查看详情</a>,0%,0%,0%,0,0,0%,0%,0%,0%,0%
163,运松翁,運松の爺,官方出版物,0,0,0,<a href='./?m=info&type=chara&id=163' target='_blank'>点击查看详情</a>,0%,0%,0%,0,0,0%,0%,0%,0%,0%
164,久米 / 竿打,久米 / 竿打,官方出版物,3,0,3,<a href='./?m=info&type=chara&id=164' target='_blank'>点击查看详情</a>,0%,0.04%,0%,2,1,66.67%,33.33%,0.04%,0.08%,
165,管狐,管狐,官方出版物,0,0,0,<a href='./?m=info&type=chara&id=165' target='_blank'>点击查看详情</a>,0%,0%,0%,0,0,0%,0%,0%,0%,0%
166,水鬼鬼神长,水鬼鬼神長,官方出版物,0,0,0,<a href='./?m=info&type=chara&id=166' target='_blank'>点击查看详情</a>,0%,0%,0%,0,0,0%,0%,0%,0%,0%
167,万岁乐,万歲楽,官方出版物,3,0,3,<a href='./?m=info&type=chara&id=167' target='_blank'>点击查看详情</a>,0%,0.04%,0%,3,0,100%,0%,0.05%,0%,
168,人面犬,人面犬,官方出版物,0,0,0,<a href='./?m=info&type=chara&id=168' target='_blank'>点击查看详情</a>,0%,0%,0%,0,0,0%,0%,0%,0%,0%
169,邪龙,邪龍（邪竜）,官方出版物,2,0,2,<a href='./?m=info&type=chara&id=169' target='_blank'>点击查看详情</a>,0%,0.03%,0%,2,0,100%,0%,0.04%,0%,
170,烟烟罗,煙々羅,官方出版物,0,0,0,<a href='./?m=info&type=chara&id=170' target='_blank'>点击查看详情</a>,0%,0%,0%,0,0,0%,0%,0%,0%,0%
171,卓柏卡布拉,チュパカブラ,官方出版物,0,0,0,<a href='./?m=info&type=chara&id=171' target='_blank'>点击查看详情</a>,0%,0%,0%,0,0,0%,0%,0%,0%,0%
172,沓颊,沓頬,官方出版物,0,0,0,<a href='./?m=info&type=chara&id=172' target='_blank'>点击查看详情</a>,0%,0%,0%,0,0,0%,0%,0%,0%,0%
173,稻荷大人,お稲荷さん,官方出版物,0,0,0,<a href='./?m=info&type=chara&id=173' target='_blank'>点击查看详情</a>,0%,0%,0%,0,0,0%,0%,0%,0%,0%
174,怨灵少女,怨霊（少女の怨霊）,官方出版物,1,0,1,<a href='./?m=info&type=chara&id=174' target='_blank'>点击查看详情</a>,0%,0.01%,0%,1,0,100%,0%,0.02%,0%,
175,佑天上人,祐天上人,官方出版物,0,0,0,<a href='./?m=info&type=chara&id=175' target='_blank'>点击查看详情</a>,0%,0%,0%,0,0,0%,0%,0%,0%,0%
176,读书狐狸,子狐,官方出版物,1,0,1,<a href='./?m=info&type=chara&id=176' target='_blank'>点击查看详情</a>,0%,0.01%,0%,1,0,100%,0%,0.02%,0%,
177,白仙和尚,白仙坊主,官方出版物,1,0,1,<a href='./?m=info&type=chara&id=177' target='_blank'>点击查看详情</a>,0%,0.01%,0%,1,0,100%,0%,0.02%,0%,
178,占卜师（易者）,易者,官方出版物,105,4,109,<a href='./?m=info&type=chara&id=178' target='_blank'>点击查看详情</a>,3.81%,1.55%,0.06%,93,12,88.57%,11.43%,1.63%,0.97%,
179,毛玉,毛玉,数量不定群组,40,5,45,<a href='./?m=info&type=chara&id=179' target='_blank'>点击查看详情</a>,12.5%,0.59%,0.08%,38,2,95%,5%,0.67%,0.16%,
180,妖精（含持花妖精，僵尸妖精）,妖精,数量不定群组,14,0,14,<a href='./?m=info&type=chara&id=180' target='_blank'>点击查看详情</a>,0%,0.21%,0%,14,0,100%,0%,0.25%,0%,
181,UFO,UFO,数量不定群组,6,0,6,<a href='./?m=info&type=chara&id=181' target='_blank'>点击查看详情</a>,0%,0.09%,0%,5,1,83.33%,16.67%,0.09%,0.08%,
182,怨灵,怨霊,数量不定群组,2,0,2,<a href='./?m=info&type=chara&id=182' target='_blank'>点击查看详情</a>,0%,0.03%,0%,2,0,100%,0%,0.04%,0%,
183,人偶（含上海人偶、哥利亚人偶）,人形,数量不定群组,51,4,55,<a href='./?m=info&type=chara&id=183' target='_blank'>点击查看详情</a>,7.84%,0.75%,0.06%,44,7,86.27%,13.73%,0.77%,0.57%,
184,幽灵,幽霊,数量不定群组,1,0,1,<a href='./?m=info&type=chara&id=184' target='_blank'>点击查看详情</a>,0%,0.01%,0%,1,0,100%,0%,0.02%,0%,
185,阴阳玉,陰陽玉,数量不定群组,5,0,5,<a href='./?m=info&type=chara&id=185' target='_blank'>点击查看详情</a>,0%,0.07%,0%,5,0,100%,0%,0.09%,0%,
186,狸猫,化け狸,数量不定群组,1,0,1,<a href='./?m=info&type=chara&id=186' target='_blank'>点击查看详情</a>,0%,0.01%,0%,0,1,0%,100%,0%,0.08%,
187,河童（含山童）,河童（山童）,数量不定群组,2,0,2,<a href='./?m=info&type=chara&id=187' target='_blank'>点击查看详情</a>,0%,0.03%,0%,0,2,0%,100%,0%,0.16%,
188,野铁炮,野鉄砲,数量不定群组,0,0,0,<a href='./?m=info&type=chara&id=188' target='_blank'>点击查看详情</a>,0%,0%,0%,0,0,0%,0%,0%,0%,0%
189,地精,ホフゴブリン,数量不定群组,0,0,0,<a href='./?m=info&type=chara&id=189' target='_blank'>点击查看详情</a>,0%,0%,0%,0,0,0%,0%,0%,0%,0%
190,座敷童子,座敷童子,数量不定群组,0,0,0,<a href='./?m=info&type=chara&id=190' target='_blank'>点击查看详情</a>,0%,0%,0%,0,0,0%,0%,0%,0%,0%
191,STG作品中没有名称的角色,STG作品中没有名称的角色,数量不定群组,10,0,10,<a href='./?m=info&type=chara&id=191' target='_blank'>点击查看详情</a>,0%,0.15%,0%,8,2,80%,20%,0.14%,0.16%,
192,酒吧老板,バーのマスター,音乐CD,4,0,4,<a href='./?m=info&type=chara&id=192' target='_blank'>点击查看详情</a>,0%,0.06%,0%,3,1,75%,25%,0.05%,0.08%,
193,长相酷似周杰伦的参拜客,抗鬱薬おじさん,官方出版物,41,1,42,<a href='./?m=info&type=chara&id=193' target='_blank'>点击查看详情</a>,2.44%,0.61%,0.02%,36,5,87.8%,12.2%,0.63%,0.41%,
194,盐家老板,塩屋敷の旦那,官方出版物,0,0,0,<a href='./?m=info&type=chara&id=194' target='_blank'>点击查看详情</a>,0%,0%,0%,0,0,0%,0%,0%,0%,0%
195,马凭,馬憑き,官方出版物,0,0,0,<a href='./?m=info&type=chara&id=195' target='_blank'>点击查看详情</a>,0%,0%,0%,0,0,0%,0%,0%,0%,0%
196,竹扫帚付丧神,付喪神の竹箒,官方出版物,0,0,0,<a href='./?m=info&type=chara&id=196' target='_blank'>点击查看详情</a>,0%,0%,0%,0,0,0%,0%,0%,0%,0%
197,大老爷,大旦那,官方出版物,0,0,0,<a href='./?m=info&type=chara&id=197' target='_blank'>点击查看详情</a>,0%,0%,0%,0,0,0%,0%,0%,0%,0%
198,杀死大老爷的侍童,小間使い,官方出版物,1,0,1,<a href='./?m=info&type=chara&id=198' target='_blank'>点击查看详情</a>,0%,0.01%,0%,1,0,100%,0%,0.02%,0%,
199,妖怪兔,妖怪兎,数量不定群组,3,0,3,<a href='./?m=info&type=chara&id=199' target='_blank'>点击查看详情</a>,0%,0.04%,0%,2,1,66.67%,33.33%,0.04%,0.08%,
200,酒吧客人,バーの客,数量不定群组,0,0,0,<a href='./?m=info&type=chara&id=200' target='_blank'>点击查看详情</a>,0%,0%,0%,0,0,0%,0%,0%,0%,0%
201,嫦娥,嫦娥,官方出版物,7,0,7,<a href='./?m=info&type=chara&id=201' target='_blank'>点击查看详情</a>,0%,0.1%,0%,4,3,57.14%,42.86%,0.07%,0.24%,
202,兜风四人组,四人の若者,官方出版物,2,0,2,<a href='./?m=info&type=chara&id=202' target='_blank'>点击查看详情</a>,0%,0.03%,0%,2,0,100%,0%,0.04%,0%,
203,导航,カーナビ,官方出版物,2,0,2,<a href='./?m=info&type=chara&id=203' target='_blank'>点击查看详情</a>,0%,0.03%,0%,2,0,100%,0%,0.04%,0%,
204,爱塔妮缇拉尔瓦,エタニティラルバ,东方天空璋,97,5,102,<a href='./?m=info&type=chara&id=204' target='_blank'>点击查看详情</a>,5.15%,1.43%,0.08%,78,19,80.41%,19.59%,1.37%,1.54%,
205,坂田合欢乃,坂田ネムノ,东方天空璋,30,0,30,<a href='./?m=info&type=chara&id=205' target='_blank'>点击查看详情</a>,0%,0.44%,0%,22,8,73.33%,26.67%,0.39%,0.65%,
206,高丽野阿吽,高麗野あうん,东方天空璋,120,5,125,<a href='./?m=info&type=chara&id=206' target='_blank'>点击查看详情</a>,4.17%,1.77%,0.08%,103,17,85.83%,14.17%,1.8%,1.38%,
207,矢田寺成美,矢田寺成美,东方天空璋,119,8,127,<a href='./?m=info&type=chara&id=207' target='_blank'>点击查看详情</a>,6.72%,1.76%,0.12%,87,31,73.11%,26.05%,1.52%,2.51%,
208,尔子田里乃,爾子田里乃,东方天空璋,56,3,59,<a href='./?m=info&type=chara&id=208' target='_blank'>点击查看详情</a>,5.36%,0.83%,0.05%,37,19,66.07%,33.93%,0.65%,1.54%,
209,丁礼田舞,丁礼田舞,东方天空璋,64,3,67,<a href='./?m=info&type=chara&id=209' target='_blank'>点击查看详情</a>,4.69%,0.95%,0.05%,40,24,62.5%,37.5%,0.7%,1.95%,
210,摩多罗隐岐奈,摩多羅隠岐奈,东方天空璋,504,36,540,<a href='./?m=info&type=chara&id=210' target='_blank'>点击查看详情</a>,7.14%,7.44%,0.55%,386,118,76.59%,23.41%,6.76%,9.57%,
211,百鬼夜行绘卷妖怪（黑鬼）,百鬼夜行絵巻妖怪（黒い鬼）,官方出版物,0,0,0,<a href='./?m=info&type=chara&id=211' target='_blank'>点击查看详情</a>,0%,0%,0%,0,0,0%,0%,0%,0%,0%
212,卖脚婆,足売り婆さん,官方出版物,0,0,0,<a href='./?m=info&type=chara&id=212' target='_blank'>点击查看详情</a>,0%,0%,0%,0,0,0%,0%,0%,0%,0%
213,袈裟罗婆娑罗,ケサランパサラン,官方出版物,0,0,0,<a href='./?m=info&type=chara&id=213' target='_blank'>点击查看详情</a>,0%,0%,0%,0,0,0%,0%,0%,0%,0%
214,饿神,ヒダル神,官方出版物,0,0,0,<a href='./?m=info&type=chara&id=214' target='_blank'>点击查看详情</a>,0%,0%,0%,0,0,0%,0%,0%,0%,0%
215,睡鼠,ヤマネ,官方出版物,0,0,0,<a href='./?m=info&type=chara&id=215' target='_blank'>点击查看详情</a>,0%,0%,0%,0,0,0%,0%,0%,0%,0%
216,依神女苑,依神女苑,东方凭依华,168,6,174,<a href='./?m=info&type=chara&id=216' target='_blank'>点击查看详情</a>,3.57%,2.48%,0.09%,133,35,79.17%,20.83%,2.33%,2.84%,
217,依神紫苑,依神紫苑,东方凭依华,596,24,620,<a href='./?m=info&type=chara&id=217' target='_blank'>点击查看详情</a>,4.03%,8.8%,0.36%,493,103,82.72%,17.28%,8.64%,8.35%,
218,假扮魔理沙的妖狐,假扮魔理沙的妖狐,官方出版物,12,0,12,<a href='./?m=info&type=chara&id=218' target='_blank'>点击查看详情</a>,0%,0.18%,0%,11,1,91.67%,8.33%,0.19%,0.08%,
