question_index,group,question,token,source_surfaces,cross_eligible,analytical,answer_index,answer_id,answer,expected_cohort,status,advice_path,exclusion_reason
1,1,您的性别,9efa3c03ae5d70367f914e336b2cGXSZOvuL6b2c,paper_cross;chara_ranking_filter;music_ranking_filter,True,True,1,1,男性,5707,available_crawled,data_raw/cn_official_legacy/round_07/raw/advanced/questionnaire/advice/q_001.json,
1,1,您的性别,9efa3c03ae5d70367f914e336b2cGXSZOvuL6b2c,paper_cross;chara_ranking_filter;music_ranking_filter,True,True,2,2,女性,1233,available_crawled,data_raw/cn_official_legacy/round_07/raw/advanced/questionnaire/advice/q_001.json,
2,1,您的年龄阶段,2d3f1fec929088b7e092bb901ab5LidwhSl81ab5,paper_cross;chara_ranking_filter;music_ranking_filter,True,True,1,1,未满10岁,7,available_crawled,data_raw/cn_official_legacy/round_07/raw/advanced/questionnaire/advice/q_002.json,
2,1,您的年龄阶段,2d3f1fec929088b7e092bb901ab5LidwhSl81ab5,paper_cross;chara_ranking_filter;music_ranking_filter,True,True,2,2,10-14岁,335,available_crawled,data_raw/cn_official_legacy/round_07/raw/advanced/questionnaire/advice/q_002.json,
2,1,您的年龄阶段,2d3f1fec929088b7e092bb901ab5LidwhSl81ab5,paper_cross;chara_ranking_filter;music_ranking_filter,True,True,3,3,15-19岁,4011,available_crawled,data_raw/cn_official_legacy/round_07/raw/advanced/questionnaire/advice/q_002.json,
2,1,您的年龄阶段,2d3f1fec929088b7e092bb901ab5LidwhSl81ab5,paper_cross;chara_ranking_filter;music_ranking_filter,True,True,4,4,20-24岁,2268,available_crawled,data_raw/cn_official_legacy/round_07/raw/advanced/questionnaire/advice/q_002.json,
2,1,您的年龄阶段,2d3f1fec929088b7e092bb901ab5LidwhSl81ab5,paper_cross;chara_ranking_filter;music_ranking_filter,True,True,5,5,25-29岁,271,available_crawled,data_raw/cn_official_legacy/round_07/raw/advanced/questionnaire/advice/q_002.json,
2,1,您的年龄阶段,2d3f1fec929088b7e092bb901ab5LidwhSl81ab5,paper_cross;chara_ranking_filter;music_ranking_filter,True,True,6,6,30-40岁,43,available_crawled,data_raw/cn_official_legacy/round_07/raw/advanced/questionnaire/advice/q_002.json,
2,1,您的年龄阶段,2d3f1fec929088b7e092bb901ab5LidwhSl81ab5,paper_cross;chara_ranking_filter;music_ranking_filter,True,True,7,7,40岁以上,5,available_crawled,data_raw/cn_official_legacy/round_07/raw/advanced/questionnaire/advice/q_002.json,
3,1,您正式接触东方Project多久,eda8afdfc227577a7ff0c299b7e7bYd0zSJ6b7e7,paper_cross;chara_ranking_filter;music_ranking_filter,True,True,1,1,不到一个月,39,available_crawled,data_raw/cn_official_legacy/round_07/raw/advanced/questionnaire/advice/q_003.json,
3,1,您正式接触东方Project多久,eda8afdfc227577a7ff0c299b7e7bYd0zSJ6b7e7,paper_cross;chara_ranking_filter;music_ranking_filter,True,True,2,2,半年以内,330,available_crawled,data_raw/cn_official_legacy/round_07/raw/advanced/questionnaire/advice/q_003.json,
3,1,您正式接触东方Project多久,eda8afdfc227577a7ff0c299b7e7bYd0zSJ6b7e7,paper_cross;chara_ranking_filter;music_ranking_filter,True,True,3,3,半年到一年（2017年下半年或之后）,976,available_crawled,data_raw/cn_official_legacy/round_07/raw/advanced/questionnaire/advice/q_003.json,
3,1,您正式接触东方Project多久,eda8afdfc227577a7ff0c299b7e7bYd0zSJ6b7e7,paper_cross;chara_ranking_filter;music_ranking_filter,True,True,4,4,一年到三年（2015年或之后）,3071,available_crawled,data_raw/cn_official_legacy/round_07/raw/advanced/questionnaire/advice/q_003.json,
3,1,您正式接触东方Project多久,eda8afdfc227577a7ff0c299b7e7bYd0zSJ6b7e7,paper_cross;chara_ranking_filter;music_ranking_filter,True,True,5,5,三年到五年（2013年或之后）,1491,available_crawled,data_raw/cn_official_legacy/round_07/raw/advanced/questionnaire/advice/q_003.json,
3,1,您正式接触东方Project多久,eda8afdfc227577a7ff0c299b7e7bYd0zSJ6b7e7,paper_cross;chara_ranking_filter;music_ranking_filter,True,True,6,6,五年到七年（2011年或之后）,739,available_crawled,data_raw/cn_official_legacy/round_07/raw/advanced/questionnaire/advice/q_003.json,
3,1,您正式接触东方Project多久,eda8afdfc227577a7ff0c299b7e7bYd0zSJ6b7e7,paper_cross;chara_ranking_filter;music_ranking_filter,True,True,7,7,七年到十年（2008年或之后）,261,available_crawled,data_raw/cn_official_legacy/round_07/raw/advanced/questionnaire/advice/q_003.json,
3,1,您正式接触东方Project多久,eda8afdfc227577a7ff0c299b7e7bYd0zSJ6b7e7,paper_cross;chara_ranking_filter;music_ranking_filter,True,True,8,8,十年以上,34,available_crawled,data_raw/cn_official_legacy/round_07/raw/advanced/questionnaire/advice/q_003.json,
4,1,您的受教育程度,f81a726ed4ea2ae9463d213292e1mvINMhK992e1,paper_cross;chara_ranking_filter;music_ranking_filter,True,True,1,1,小学及以下,17,available_crawled,data_raw/cn_official_legacy/round_07/raw/advanced/questionnaire/advice/q_004.json,
4,1,您的受教育程度,f81a726ed4ea2ae9463d213292e1mvINMhK992e1,paper_cross;chara_ranking_filter;music_ranking_filter,True,True,2,2,初中,599,available_crawled,data_raw/cn_official_legacy/round_07/raw/advanced/questionnaire/advice/q_004.json,
4,1,您的受教育程度,f81a726ed4ea2ae9463d213292e1mvINMhK992e1,paper_cross;chara_ranking_filter;music_ranking_filter,True,True,3,3,高中,2519,available_crawled,data_raw/cn_official_legacy/round_07/raw/advanced/questionnaire/advice/q_004.json,
4,1,您的受教育程度,f81a726ed4ea2ae9463d213292e1mvINMhK992e1,paper_cross;chara_ranking_filter;music_ranking_filter,True,True,4,4,大学及以上,3677,available_crawled,data_raw/cn_official_legacy/round_07/raw/advanced/questionnaire/advice/q_004.json,
4,1,您的受教育程度,f81a726ed4ea2ae9463d213292e1mvINMhK992e1,paper_cross;chara_ranking_filter;music_ranking_filter,True,True,5,5,其他,129,available_crawled,data_raw/cn_official_legacy/round_07/raw/advanced/questionnaire/advice/q_004.json,
5,1,您的工作类型是,9e5354c6c9102cba01b3afcf6f06QlA7yH2F6f06,paper_cross;chara_ranking_filter;music_ranking_filter,True,True,1,1,在校学生,5821,available_crawled,data_raw/cn_official_legacy/round_07/raw/advanced/questionnaire/advice/q_005.json,
5,1,您的工作类型是,9e5354c6c9102cba01b3afcf6f06QlA7yH2F6f06,paper_cross;chara_ranking_filter;music_ranking_filter,True,True,2,2,固定工作者,655,available_crawled,data_raw/cn_official_legacy/round_07/raw/advanced/questionnaire/advice/q_005.json,
5,1,您的工作类型是,9e5354c6c9102cba01b3afcf6f06QlA7yH2F6f06,paper_cross;chara_ranking_filter;music_ranking_filter,True,True,3,3,自由职业者,195,available_crawled,data_raw/cn_official_legacy/round_07/raw/advanced/questionnaire/advice/q_005.json,
5,1,您的工作类型是,9e5354c6c9102cba01b3afcf6f06QlA7yH2F6f06,paper_cross;chara_ranking_filter;music_ranking_filter,True,True,4,4,待业/无业/失业,138,available_crawled,data_raw/cn_official_legacy/round_07/raw/advanced/questionnaire/advice/q_005.json,
5,1,您的工作类型是,9e5354c6c9102cba01b3afcf6f06QlA7yH2F6f06,paper_cross;chara_ranking_filter;music_ranking_filter,True,True,5,5,其他,129,available_crawled,data_raw/cn_official_legacy/round_07/raw/advanced/questionnaire/advice/q_005.json,
6,1,您的居住地是,82319152879cc05c8b5d19a450d5QBydcjoZ50d5,paper_cross;chara_ranking_filter;music_ranking_filter,True,True,1,01,北京,498,available_crawled,data_raw/cn_official_legacy/round_07/raw/advanced/questionnaire/advice/q_006.json,
6,1,您的居住地是,82319152879cc05c8b5d19a450d5QBydcjoZ50d5,paper_cross;chara_ranking_filter;music_ranking_filter,True,True,2,02,上海,484,available_crawled,data_raw/cn_official_legacy/round_07/raw/advanced/questionnaire/advice/q_006.json,
6,1,您的居住地是,82319152879cc05c8b5d19a450d5QBydcjoZ50d5,paper_cross;chara_ranking_filter;music_ranking_filter,True,True,3,03,广东,935,available_crawled,data_raw/cn_official_legacy/round_07/raw/advanced/questionnaire/advice/q_006.json,
6,1,您的居住地是,82319152879cc05c8b5d19a450d5QBydcjoZ50d5,paper_cross;chara_ranking_filter;music_ranking_filter,True,True,4,04,天津,142,available_crawled,data_raw/cn_official_legacy/round_07/raw/advanced/questionnaire/advice/q_006.json,
6,1,您的居住地是,82319152879cc05c8b5d19a450d5QBydcjoZ50d5,paper_cross;chara_ranking_filter;music_ranking_filter,True,True,5,05,重庆,170,available_crawled,data_raw/cn_official_legacy/round_07/raw/advanced/questionnaire/advice/q_006.json,
6,1,您的居住地是,82319152879cc05c8b5d19a450d5QBydcjoZ50d5,paper_cross;chara_ranking_filter;music_ranking_filter,True,True,6,06,四川,385,available_crawled,data_raw/cn_official_legacy/round_07/raw/advanced/questionnaire/advice/q_006.json,
6,1,您的居住地是,82319152879cc05c8b5d19a450d5QBydcjoZ50d5,paper_cross;chara_ranking_filter;music_ranking_filter,True,True,7,07,江苏,608,available_crawled,data_raw/cn_official_legacy/round_07/raw/advanced/questionnaire/advice/q_006.json,
6,1,您的居住地是,82319152879cc05c8b5d19a450d5QBydcjoZ50d5,paper_cross;chara_ranking_filter;music_ranking_filter,True,True,8,08,浙江,419,available_crawled,data_raw/cn_official_legacy/round_07/raw/advanced/questionnaire/advice/q_006.json,
6,1,您的居住地是,82319152879cc05c8b5d19a450d5QBydcjoZ50d5,paper_cross;chara_ranking_filter;music_ranking_filter,True,True,9,09,湖北,283,available_crawled,data_raw/cn_official_legacy/round_07/raw/advanced/questionnaire/advice/q_006.json,
6,1,您的居住地是,82319152879cc05c8b5d19a450d5QBydcjoZ50d5,paper_cross;chara_ranking_filter;music_ranking_filter,True,True,10,10,湖南,162,available_crawled,data_raw/cn_official_legacy/round_07/raw/advanced/questionnaire/advice/q_006.json,
6,1,您的居住地是,82319152879cc05c8b5d19a450d5QBydcjoZ50d5,paper_cross;chara_ranking_filter;music_ranking_filter,True,True,11,11,山东,358,available_crawled,data_raw/cn_official_legacy/round_07/raw/advanced/questionnaire/advice/q_006.json,
6,1,您的居住地是,82319152879cc05c8b5d19a450d5QBydcjoZ50d5,paper_cross;chara_ranking_filter;music_ranking_filter,True,True,12,12,山西,74,available_crawled,data_raw/cn_official_legacy/round_07/raw/advanced/questionnaire/advice/q_006.json,
6,1,您的居住地是,82319152879cc05c8b5d19a450d5QBydcjoZ50d5,paper_cross;chara_ranking_filter;music_ranking_filter,True,True,13,13,河北,171,available_crawled,data_raw/cn_official_legacy/round_07/raw/advanced/questionnaire/advice/q_006.json,
6,1,您的居住地是,82319152879cc05c8b5d19a450d5QBydcjoZ50d5,paper_cross;chara_ranking_filter;music_ranking_filter,True,True,14,14,河南,203,available_crawled,data_raw/cn_official_legacy/round_07/raw/advanced/questionnaire/advice/q_006.json,
6,1,您的居住地是,82319152879cc05c8b5d19a450d5QBydcjoZ50d5,paper_cross;chara_ranking_filter;music_ranking_filter,True,True,15,15,黑龙江,133,available_crawled,data_raw/cn_official_legacy/round_07/raw/advanced/questionnaire/advice/q_006.json,
6,1,您的居住地是,82319152879cc05c8b5d19a450d5QBydcjoZ50d5,paper_cross;chara_ranking_filter;music_ranking_filter,True,True,16,16,吉林,82,available_crawled,data_raw/cn_official_legacy/round_07/raw/advanced/questionnaire/advice/q_006.json,
6,1,您的居住地是,82319152879cc05c8b5d19a450d5QBydcjoZ50d5,paper_cross;chara_ranking_filter;music_ranking_filter,True,True,17,17,辽宁,169,available_crawled,data_raw/cn_official_legacy/round_07/raw/advanced/questionnaire/advice/q_006.json,
6,1,您的居住地是,82319152879cc05c8b5d19a450d5QBydcjoZ50d5,paper_cross;chara_ranking_filter;music_ranking_filter,True,True,18,18,陕西,135,available_crawled,data_raw/cn_official_legacy/round_07/raw/advanced/questionnaire/advice/q_006.json,
6,1,您的居住地是,82319152879cc05c8b5d19a450d5QBydcjoZ50d5,paper_cross;chara_ranking_filter;music_ranking_filter,True,True,19,19,内蒙古,46,available_crawled,data_raw/cn_official_legacy/round_07/raw/advanced/questionnaire/advice/q_006.json,
6,1,您的居住地是,82319152879cc05c8b5d19a450d5QBydcjoZ50d5,paper_cross;chara_ranking_filter;music_ranking_filter,True,True,20,20,安徽,155,available_crawled,data_raw/cn_official_legacy/round_07/raw/advanced/questionnaire/advice/q_006.json,
6,1,您的居住地是,82319152879cc05c8b5d19a450d5QBydcjoZ50d5,paper_cross;chara_ranking_filter;music_ranking_filter,True,True,21,21,福建,298,available_crawled,data_raw/cn_official_legacy/round_07/raw/advanced/questionnaire/advice/q_006.json,
6,1,您的居住地是,82319152879cc05c8b5d19a450d5QBydcjoZ50d5,paper_cross;chara_ranking_filter;music_ranking_filter,True,True,22,22,江西,167,available_crawled,data_raw/cn_official_legacy/round_07/raw/advanced/questionnaire/advice/q_006.json,
6,1,您的居住地是,82319152879cc05c8b5d19a450d5QBydcjoZ50d5,paper_cross;chara_ranking_filter;music_ranking_filter,True,True,23,23,广西,235,available_crawled,data_raw/cn_official_legacy/round_07/raw/advanced/questionnaire/advice/q_006.json,
6,1,您的居住地是,82319152879cc05c8b5d19a450d5QBydcjoZ50d5,paper_cross;chara_ranking_filter;music_ranking_filter,True,True,24,24,海南,41,available_crawled,data_raw/cn_official_legacy/round_07/raw/advanced/questionnaire/advice/q_006.json,
6,1,您的居住地是,82319152879cc05c8b5d19a450d5QBydcjoZ50d5,paper_cross;chara_ranking_filter;music_ranking_filter,True,True,25,25,贵州,89,available_crawled,data_raw/cn_official_legacy/round_07/raw/advanced/questionnaire/advice/q_006.json,
6,1,您的居住地是,82319152879cc05c8b5d19a450d5QBydcjoZ50d5,paper_cross;chara_ranking_filter;music_ranking_filter,True,True,26,26,云南,68,available_crawled,data_raw/cn_official_legacy/round_07/raw/advanced/questionnaire/advice/q_006.json,
6,1,您的居住地是,82319152879cc05c8b5d19a450d5QBydcjoZ50d5,paper_cross;chara_ranking_filter;music_ranking_filter,True,True,27,27,甘肃,28,available_crawled,data_raw/cn_official_legacy/round_07/raw/advanced/questionnaire/advice/q_006.json,
6,1,您的居住地是,82319152879cc05c8b5d19a450d5QBydcjoZ50d5,paper_cross;chara_ranking_filter;music_ranking_filter,True,True,28,28,宁夏,17,available_crawled,data_raw/cn_official_legacy/round_07/raw/advanced/questionnaire/advice/q_006.json,
6,1,您的居住地是,82319152879cc05c8b5d19a450d5QBydcjoZ50d5,paper_cross;chara_ranking_filter;music_ranking_filter,True,True,29,29,青海,3,available_crawled,data_raw/cn_official_legacy/round_07/raw/advanced/questionnaire/advice/q_006.json,
6,1,您的居住地是,82319152879cc05c8b5d19a450d5QBydcjoZ50d5,paper_cross;chara_ranking_filter;music_ranking_filter,True,True,30,30,新疆,36,available_crawled,data_raw/cn_official_legacy/round_07/raw/advanced/questionnaire/advice/q_006.json,
6,1,您的居住地是,82319152879cc05c8b5d19a450d5QBydcjoZ50d5,paper_cross;chara_ranking_filter;music_ranking_filter,True,True,31,31,西藏,,available_crawled,data_raw/cn_official_legacy/round_07/raw/advanced/questionnaire/advice/q_006.json,
6,1,您的居住地是,82319152879cc05c8b5d19a450d5QBydcjoZ50d5,paper_cross;chara_ranking_filter;music_ranking_filter,True,True,32,32,香港,55,available_crawled,data_raw/cn_official_legacy/round_07/raw/advanced/questionnaire/advice/q_006.json,
6,1,您的居住地是,82319152879cc05c8b5d19a450d5QBydcjoZ50d5,paper_cross;chara_ranking_filter;music_ranking_filter,True,True,33,33,澳门,10,available_crawled,data_raw/cn_official_legacy/round_07/raw/advanced/questionnaire/advice/q_006.json,
6,1,您的居住地是,82319152879cc05c8b5d19a450d5QBydcjoZ50d5,paper_cross;chara_ranking_filter;music_ranking_filter,True,True,34,34,台湾,59,available_crawled,data_raw/cn_official_legacy/round_07/raw/advanced/questionnaire/advice/q_006.json,
6,1,您的居住地是,82319152879cc05c8b5d19a450d5QBydcjoZ50d5,paper_cross;chara_ranking_filter;music_ranking_filter,True,True,35,35,日本,29,available_crawled,data_raw/cn_official_legacy/round_07/raw/advanced/questionnaire/advice/q_006.json,
6,1,您的居住地是,82319152879cc05c8b5d19a450d5QBydcjoZ50d5,paper_cross;chara_ranking_filter;music_ranking_filter,True,True,36,36,亚洲其他地区,25,available_crawled,data_raw/cn_official_legacy/round_07/raw/advanced/questionnaire/advice/q_006.json,
6,1,您的居住地是,82319152879cc05c8b5d19a450d5QBydcjoZ50d5,paper_cross;chara_ranking_filter;music_ranking_filter,True,True,37,37,北美洲,88,available_crawled,data_raw/cn_official_legacy/round_07/raw/advanced/questionnaire/advice/q_006.json,
6,1,您的居住地是,82319152879cc05c8b5d19a450d5QBydcjoZ50d5,paper_cross;chara_ranking_filter;music_ranking_filter,True,True,38,38,南美洲,2,available_crawled,data_raw/cn_official_legacy/round_07/raw/advanced/questionnaire/advice/q_006.json,
6,1,您的居住地是,82319152879cc05c8b5d19a450d5QBydcjoZ50d5,paper_cross;chara_ranking_filter;music_ranking_filter,True,True,39,39,大洋洲,9,available_crawled,data_raw/cn_official_legacy/round_07/raw/advanced/questionnaire/advice/q_006.json,
6,1,您的居住地是,82319152879cc05c8b5d19a450d5QBydcjoZ50d5,paper_cross;chara_ranking_filter;music_ranking_filter,True,True,40,40,欧洲,23,available_crawled,data_raw/cn_official_legacy/round_07/raw/advanced/questionnaire/advice/q_006.json,
6,1,您的居住地是,82319152879cc05c8b5d19a450d5QBydcjoZ50d5,paper_cross;chara_ranking_filter;music_ranking_filter,True,True,41,41,非洲,7,available_crawled,data_raw/cn_official_legacy/round_07/raw/advanced/questionnaire/advice/q_006.json,
6,1,您的居住地是,82319152879cc05c8b5d19a450d5QBydcjoZ50d5,paper_cross;chara_ranking_filter;music_ranking_filter,True,True,42,42,其他,29,available_crawled,data_raw/cn_official_legacy/round_07/raw/advanced/questionnaire/advice/q_006.json,
7,2,您更喜欢官方游戏中的哪一类,047ea047fd4115104f07cec0e173zenK10r0e173,paper_cross;chara_ranking_filter;music_ranking_filter,True,True,1,1,STG（射击类）,2818,available_crawled,data_raw/cn_official_legacy/round_07/raw/advanced/questionnaire/advice/q_007.json,
7,2,您更喜欢官方游戏中的哪一类,047ea047fd4115104f07cec0e173zenK10r0e173,paper_cross;chara_ranking_filter;music_ranking_filter,True,True,2,2,FTG（格斗类）,1089,available_crawled,data_raw/cn_official_legacy/round_07/raw/advanced/questionnaire/advice/q_007.json,
7,2,您更喜欢官方游戏中的哪一类,047ea047fd4115104f07cec0e173zenK10r0e173,paper_cross;chara_ranking_filter;music_ranking_filter,True,True,3,3,都喜欢,2840,available_crawled,data_raw/cn_official_legacy/round_07/raw/advanced/questionnaire/advice/q_007.json,
7,2,您更喜欢官方游戏中的哪一类,047ea047fd4115104f07cec0e173zenK10r0e173,paper_cross;chara_ranking_filter;music_ranking_filter,True,True,4,4,对官方游戏不感兴趣，也不会去玩,194,available_crawled,data_raw/cn_official_legacy/round_07/raw/advanced/questionnaire/advice/q_007.json,
8,2,您是否玩过旧五作,e9689867795db5e30258902dbf9dg1SBOFMXbf9d,paper_cross;chara_ranking_filter;music_ranking_filter,True,True,1,1,玩过,2176,available_crawled,data_raw/cn_official_legacy/round_07/raw/advanced/questionnaire/advice/q_008.json,
8,2,您是否玩过旧五作,e9689867795db5e30258902dbf9dg1SBOFMXbf9d,paper_cross;chara_ranking_filter;music_ranking_filter,True,True,2,2,并未玩过,4533,available_crawled,data_raw/cn_official_legacy/round_07/raw/advanced/questionnaire/advice/q_008.json,
8,2,您是否玩过旧五作,e9689867795db5e30258902dbf9dg1SBOFMXbf9d,paper_cross;chara_ranking_filter;music_ranking_filter,True,True,3,3,不知道旧五作是什么,37,available_crawled,data_raw/cn_official_legacy/round_07/raw/advanced/questionnaire/advice/q_008.json,
9,2,您是否玩过 秘封噩梦日记,d410fb78ca36bedc94593f416123qfOwBic76123,paper_cross;chara_ranking_filter;music_ranking_filter,True,True,1,1,玩过,1902,available_crawled,data_raw/cn_official_legacy/round_07/raw/advanced/questionnaire/advice/q_009.json,
9,2,您是否玩过 秘封噩梦日记,d410fb78ca36bedc94593f416123qfOwBic76123,paper_cross;chara_ranking_filter;music_ranking_filter,True,True,2,2,未玩过,4737,available_crawled,data_raw/cn_official_legacy/round_07/raw/advanced/questionnaire/advice/q_009.json,
9,2,您是否玩过 秘封噩梦日记,d410fb78ca36bedc94593f416123qfOwBic76123,paper_cross;chara_ranking_filter;music_ranking_filter,True,True,3,3,不知道是什么,282,available_crawled,data_raw/cn_official_legacy/round_07/raw/advanced/questionnaire/advice/q_009.json,
10,2,您是否玩过 东方凭依华,16ed2c8ab4571f21cee3392b9323hiqJdBKD9323,paper_cross;chara_ranking_filter;music_ranking_filter,True,True,1,1,玩过,3568,available_crawled,data_raw/cn_official_legacy/round_07/raw/advanced/questionnaire/advice/q_010.json,
10,2,您是否玩过 东方凭依华,16ed2c8ab4571f21cee3392b9323hiqJdBKD9323,paper_cross;chara_ranking_filter;music_ranking_filter,True,True,2,2,未玩过,3292,available_crawled,data_raw/cn_official_legacy/round_07/raw/advanced/questionnaire/advice/q_010.json,
10,2,您是否玩过 东方凭依华,16ed2c8ab4571f21cee3392b9323hiqJdBKD9323,paper_cross;chara_ranking_filter;music_ranking_filter,True,True,3,3,不知道是什么,61,available_crawled,data_raw/cn_official_legacy/round_07/raw/advanced/questionnaire/advice/q_010.json,
11,2,您关注哪些近期连载的官方连载作品,5436376bc2e27afc23b18f45bgXFFtpk3a306d5d,paper_cross;chara_ranking_filter;music_ranking_filter,True,True,1,1,东方茨歌仙（双月刊）,3749,available_crawled,data_raw/cn_official_legacy/round_07/raw/advanced/questionnaire/advice/q_011.json,
11,2,您关注哪些近期连载的官方连载作品,5436376bc2e27afc23b18f45bgXFFtpk3a306d5d,paper_cross;chara_ranking_filter;music_ranking_filter,True,True,2,2,新东方三月精（季刊）,2849,available_crawled,data_raw/cn_official_legacy/round_07/raw/advanced/questionnaire/advice/q_011.json,
11,2,您关注哪些近期连载的官方连载作品,5436376bc2e27afc23b18f45bgXFFtpk3a306d5d,paper_cross;chara_ranking_filter;music_ranking_filter,True,True,3,3,新东方香霖堂（半年刊）,1982,available_crawled,data_raw/cn_official_legacy/round_07/raw/advanced/questionnaire/advice/q_011.json,
11,2,您关注哪些近期连载的官方连载作品,5436376bc2e27afc23b18f45bgXFFtpk3a306d5d,paper_cross;chara_ranking_filter;music_ranking_filter,True,True,4,4,都不关注,2179,available_crawled,data_raw/cn_official_legacy/round_07/raw/advanced/questionnaire/advice/q_011.json,
12,2,您最喜欢东方原作的哪方面,8d5ef8cc0bdc503c8e0c30d62e51avmJ216Z2e51,paper_cross;chara_ranking_filter;music_ranking_filter,True,True,1,1,游戏本身,4234,available_crawled,data_raw/cn_official_legacy/round_07/raw/advanced/questionnaire/advice/q_012.json,
12,2,您最喜欢东方原作的哪方面,8d5ef8cc0bdc503c8e0c30d62e51avmJ216Z2e51,paper_cross;chara_ranking_filter;music_ranking_filter,True,True,2,2,音乐曲目,6428,available_crawled,data_raw/cn_official_legacy/round_07/raw/advanced/questionnaire/advice/q_012.json,
12,2,您最喜欢东方原作的哪方面,8d5ef8cc0bdc503c8e0c30d62e51avmJ216Z2e51,paper_cross;chara_ranking_filter;music_ranking_filter,True,True,3,3,人物设定,6296,available_crawled,data_raw/cn_official_legacy/round_07/raw/advanced/questionnaire/advice/q_012.json,
12,2,您最喜欢东方原作的哪方面,8d5ef8cc0bdc503c8e0c30d62e51avmJ216Z2e51,paper_cross;chara_ranking_filter;music_ranking_filter,True,True,4,4,故事剧情,5094,available_crawled,data_raw/cn_official_legacy/round_07/raw/advanced/questionnaire/advice/q_012.json,
12,2,您最喜欢东方原作的哪方面,8d5ef8cc0bdc503c8e0c30d62e51avmJ216Z2e51,paper_cross;chara_ranking_filter;music_ranking_filter,True,True,5,5,对原作完全不感兴趣,30,available_crawled,data_raw/cn_official_legacy/round_07/raw/advanced/questionnaire/advice/q_012.json,
13,2,购买过正版的实体原作吗（官方游戏，官方CD，官方出版物）,ab577e8ddad93adbc94ef7cb6ed3SPA1sbGB6ed3,paper_cross;chara_ranking_filter;music_ranking_filter,True,True,1,1,热衷于收集,439,available_crawled,data_raw/cn_official_legacy/round_07/raw/advanced/questionnaire/advice/q_013.json,
13,2,购买过正版的实体原作吗（官方游戏，官方CD，官方出版物）,ab577e8ddad93adbc94ef7cb6ed3SPA1sbGB6ed3,paper_cross;chara_ranking_filter;music_ranking_filter,True,True,2,2,购买过,2429,available_crawled,data_raw/cn_official_legacy/round_07/raw/advanced/questionnaire/advice/q_013.json,
13,2,购买过正版的实体原作吗（官方游戏，官方CD，官方出版物）,ab577e8ddad93adbc94ef7cb6ed3SPA1sbGB6ed3,paper_cross;chara_ranking_filter;music_ranking_filter,True,True,3,3,想买但是没有条件,3434,available_crawled,data_raw/cn_official_legacy/round_07/raw/advanced/questionnaire/advice/q_013.json,
13,2,购买过正版的实体原作吗（官方游戏，官方CD，官方出版物）,ab577e8ddad93adbc94ef7cb6ed3SPA1sbGB6ed3,paper_cross;chara_ranking_filter;music_ranking_filter,True,True,4,4,没有考虑过,630,available_crawled,data_raw/cn_official_legacy/round_07/raw/advanced/questionnaire/advice/q_013.json,
14,2,购买实体正版的渠道是,de626b0508a274a396b53b993443qP2DCBQJ3443,paper_cross;chara_ranking_filter;music_ranking_filter,True,True,1,1,通过代购,2225,available_crawled,data_raw/cn_official_legacy/round_07/raw/advanced/questionnaire/advice/q_014.json,
14,2,购买实体正版的渠道是,de626b0508a274a396b53b993443qP2DCBQJ3443,paper_cross;chara_ranking_filter;music_ranking_filter,True,True,2,2,购买二手,375,available_crawled,data_raw/cn_official_legacy/round_07/raw/advanced/questionnaire/advice/q_014.json,
14,2,购买实体正版的渠道是,de626b0508a274a396b53b993443qP2DCBQJ3443,paper_cross;chara_ranking_filter;music_ranking_filter,True,True,3,3,委托朋友,585,available_crawled,data_raw/cn_official_legacy/round_07/raw/advanced/questionnaire/advice/q_014.json,
14,2,购买实体正版的渠道是,de626b0508a274a396b53b993443qP2DCBQJ3443,paper_cross;chara_ranking_filter;music_ranking_filter,True,True,4,4,实地购买,638,available_crawled,data_raw/cn_official_legacy/round_07/raw/advanced/questionnaire/advice/q_014.json,
15,2,因何原因阻碍了购买,b0bb4dfebe9a60f874ae6fafd20ditQP2laRd20d,paper_cross;chara_ranking_filter;music_ranking_filter,True,True,1,1,价格过高,933,available_crawled,data_raw/cn_official_legacy/round_07/raw/advanced/questionnaire/advice/q_015.json,
15,2,因何原因阻碍了购买,b0bb4dfebe9a60f874ae6fafd20ditQP2laRd20d,paper_cross;chara_ranking_filter;music_ranking_filter,True,True,2,2,缺少渠道,2083,available_crawled,data_raw/cn_official_legacy/round_07/raw/advanced/questionnaire/advice/q_015.json,
15,2,因何原因阻碍了购买,b0bb4dfebe9a60f874ae6fafd20ditQP2laRd20d,paper_cross;chara_ranking_filter;music_ranking_filter,True,True,3,3,环境阻碍,1280,available_crawled,data_raw/cn_official_legacy/round_07/raw/advanced/questionnaire/advice/q_015.json,
15,2,因何原因阻碍了购买,b0bb4dfebe9a60f874ae6fafd20ditQP2laRd20d,paper_cross;chara_ranking_filter;music_ranking_filter,True,True,4,4,不懂日文,1572,available_crawled,data_raw/cn_official_legacy/round_07/raw/advanced/questionnaire/advice/q_015.json,
16,2,您的购买力范围是（原作单个作品的购买价，含运费）,e15a950e3ffe655b753eaf7b4c3cPQxkd41K4c3c,paper_cross;chara_ranking_filter;music_ranking_filter,True,True,1,1,没有自主购买能力,127,available_crawled,data_raw/cn_official_legacy/round_07/raw/advanced/questionnaire/advice/q_016.json,
16,2,您的购买力范围是（原作单个作品的购买价，含运费）,e15a950e3ffe655b753eaf7b4c3cPQxkd41K4c3c,paper_cross;chara_ranking_filter;music_ranking_filter,True,True,2,2,总价50RMB以内,225,available_crawled,data_raw/cn_official_legacy/round_07/raw/advanced/questionnaire/advice/q_016.json,
16,2,您的购买力范围是（原作单个作品的购买价，含运费）,e15a950e3ffe655b753eaf7b4c3cPQxkd41K4c3c,paper_cross;chara_ranking_filter;music_ranking_filter,True,True,3,3,总价100RMB以内,373,available_crawled,data_raw/cn_official_legacy/round_07/raw/advanced/questionnaire/advice/q_016.json,
16,2,您的购买力范围是（原作单个作品的购买价，含运费）,e15a950e3ffe655b753eaf7b4c3cPQxkd41K4c3c,paper_cross;chara_ranking_filter;music_ranking_filter,True,True,4,4,总价150RMB以内,105,available_crawled,data_raw/cn_official_legacy/round_07/raw/advanced/questionnaire/advice/q_016.json,
16,2,您的购买力范围是（原作单个作品的购买价，含运费）,e15a950e3ffe655b753eaf7b4c3cPQxkd41K4c3c,paper_cross;chara_ranking_filter;music_ranking_filter,True,True,5,5,总价200RMB以内,72,available_crawled,data_raw/cn_official_legacy/round_07/raw/advanced/questionnaire/advice/q_016.json,
16,2,您的购买力范围是（原作单个作品的购买价，含运费）,e15a950e3ffe655b753eaf7b4c3cPQxkd41K4c3c,paper_cross;chara_ranking_filter;music_ranking_filter,True,True,6,6,总价300RMB以内,32,available_crawled,data_raw/cn_official_legacy/round_07/raw/advanced/questionnaire/advice/q_016.json,
17,2,因为什么原因您没有使用代购作为您的购买渠道,f6992640f44bfe5ef70853c8ccb0nQpwxefSccb0,paper_cross;chara_ranking_filter;music_ranking_filter,True,True,1,1,认为代购加价过高,456,available_crawled,data_raw/cn_official_legacy/round_07/raw/advanced/questionnaire/advice/q_017.json,
17,2,因为什么原因您没有使用代购作为您的购买渠道,f6992640f44bfe5ef70853c8ccb0nQpwxefSccb0,paper_cross;chara_ranking_filter;music_ranking_filter,True,True,2,2,没有或无法使用网银,754,available_crawled,data_raw/cn_official_legacy/round_07/raw/advanced/questionnaire/advice/q_017.json,
17,2,因为什么原因您没有使用代购作为您的购买渠道,f6992640f44bfe5ef70853c8ccb0nQpwxefSccb0,paper_cross;chara_ranking_filter;music_ranking_filter,True,True,3,3,不知道存在这样的代购,796,available_crawled,data_raw/cn_official_legacy/round_07/raw/advanced/questionnaire/advice/q_017.json,
17,2,因为什么原因您没有使用代购作为您的购买渠道,f6992640f44bfe5ef70853c8ccb0nQpwxefSccb0,paper_cross;chara_ranking_filter;music_ranking_filter,True,True,4,4,身居海外难以使用以大陆为主的代购,74,available_crawled,data_raw/cn_official_legacy/round_07/raw/advanced/questionnaire/advice/q_017.json,
18,2,环境中存在什么样的购买原作的阻碍,f03e2e1b79be521d957ea20f2acffuD8nEpa2acf,paper_cross;chara_ranking_filter;music_ranking_filter,True,True,1,1,家人或朋友的反对,557,available_crawled,data_raw/cn_official_legacy/round_07/raw/advanced/questionnaire/advice/q_018.json,
18,2,环境中存在什么样的购买原作的阻碍,f03e2e1b79be521d957ea20f2acffuD8nEpa2acf,paper_cross;chara_ranking_filter;music_ranking_filter,True,True,2,2,居所没有放置空间,258,available_crawled,data_raw/cn_official_legacy/round_07/raw/advanced/questionnaire/advice/q_018.json,
18,2,环境中存在什么样的购买原作的阻碍,f03e2e1b79be521d957ea20f2acffuD8nEpa2acf,paper_cross;chara_ranking_filter;music_ranking_filter,True,True,3,3,其他方面的障碍,806,available_crawled,data_raw/cn_official_legacy/round_07/raw/advanced/questionnaire/advice/q_018.json,
19,2,是否购买过盗版的东方官方作品,980992cceb96317e0291c970c940vyfWpQr0c940,paper_cross;chara_ranking_filter;music_ranking_filter,True,True,1,1,已经购买（并且知道它是盗版）,707,available_crawled,data_raw/cn_official_legacy/round_07/raw/advanced/questionnaire/advice/q_019.json,
19,2,是否购买过盗版的东方官方作品,980992cceb96317e0291c970c940vyfWpQr0c940,paper_cross;chara_ranking_filter;music_ranking_filter,True,True,2,2,已经购买（但不知道那是盗版）,844,available_crawled,data_raw/cn_official_legacy/round_07/raw/advanced/questionnaire/advice/q_019.json,
19,2,是否购买过盗版的东方官方作品,980992cceb96317e0291c970c940vyfWpQr0c940,paper_cross;chara_ranking_filter;music_ranking_filter,True,True,3,3,没有购买,3745,available_crawled,data_raw/cn_official_legacy/round_07/raw/advanced/questionnaire/advice/q_019.json,
19,2,是否购买过盗版的东方官方作品,980992cceb96317e0291c970c940vyfWpQr0c940,paper_cross;chara_ranking_filter;music_ranking_filter,True,True,4,4,没有购买并且对其感到厌恶,1627,available_crawled,data_raw/cn_official_legacy/round_07/raw/advanced/questionnaire/advice/q_019.json,
20,2,对于正版中文版的官方书籍你能接受什么价位（如若将来存在）,go5r3ikstjsgg1r345zolyixuMQ4mnPgV1FCF3vg,paper_cross;chara_ranking_filter;music_ranking_filter,True,True,1,1,不会购买,129,available_crawled,data_raw/cn_official_legacy/round_07/raw/advanced/questionnaire/advice/q_020.json,
20,2,对于正版中文版的官方书籍你能接受什么价位（如若将来存在）,go5r3ikstjsgg1r345zolyixuMQ4mnPgV1FCF3vg,paper_cross;chara_ranking_filter;music_ranking_filter,True,True,2,2,单本20RMB以内,375,available_crawled,data_raw/cn_official_legacy/round_07/raw/advanced/questionnaire/advice/q_020.json,
20,2,对于正版中文版的官方书籍你能接受什么价位（如若将来存在）,go5r3ikstjsgg1r345zolyixuMQ4mnPgV1FCF3vg,paper_cross;chara_ranking_filter;music_ranking_filter,True,True,3,3,单本50RMB以内,2844,available_crawled,data_raw/cn_official_legacy/round_07/raw/advanced/questionnaire/advice/q_020.json,
20,2,对于正版中文版的官方书籍你能接受什么价位（如若将来存在）,go5r3ikstjsgg1r345zolyixuMQ4mnPgV1FCF3vg,paper_cross;chara_ranking_filter;music_ranking_filter,True,True,4,4,单本100RMB以内,2258,available_crawled,data_raw/cn_official_legacy/round_07/raw/advanced/questionnaire/advice/q_020.json,
20,2,对于正版中文版的官方书籍你能接受什么价位（如若将来存在）,go5r3ikstjsgg1r345zolyixuMQ4mnPgV1FCF3vg,paper_cross;chara_ranking_filter;music_ranking_filter,True,True,5,5,没有限制,1333,available_crawled,data_raw/cn_official_legacy/round_07/raw/advanced/questionnaire/advice/q_020.json,
21,2,是否会购买最新的官方杂志 东方外来韦编,b446969c56dcbb2dc769dd0b6ac3kR8BE7Qb6ac3,paper_cross;chara_ranking_filter;music_ranking_filter,True,True,1,1,已经购买,552,available_crawled,data_raw/cn_official_legacy/round_07/raw/advanced/questionnaire/advice/q_021.json,
21,2,是否会购买最新的官方杂志 东方外来韦编,b446969c56dcbb2dc769dd0b6ac3kR8BE7Qb6ac3,paper_cross;chara_ranking_filter;music_ranking_filter,True,True,2,2,考虑购买,4922,available_crawled,data_raw/cn_official_legacy/round_07/raw/advanced/questionnaire/advice/q_021.json,
21,2,是否会购买最新的官方杂志 东方外来韦编,b446969c56dcbb2dc769dd0b6ac3kR8BE7Qb6ac3,paper_cross;chara_ranking_filter;music_ranking_filter,True,True,3,3,不会购买,1044,available_crawled,data_raw/cn_official_legacy/round_07/raw/advanced/questionnaire/advice/q_021.json,
21,2,是否会购买最新的官方杂志 东方外来韦编,b446969c56dcbb2dc769dd0b6ac3kR8BE7Qb6ac3,paper_cross;chara_ranking_filter;music_ranking_filter,True,True,4,4,不知道是什么,419,available_crawled,data_raw/cn_official_legacy/round_07/raw/advanced/questionnaire/advice/q_021.json,
22,3,对二次同人是否有兴趣,c80c82d38b4a37b6c789f722035dZe9IDQdk035d,paper_cross;chara_ranking_filter;music_ranking_filter,True,True,1,1,非常热衷,4286,available_crawled,data_raw/cn_official_legacy/round_07/raw/advanced/questionnaire/advice/q_022.json,
22,3,对二次同人是否有兴趣,c80c82d38b4a37b6c789f722035dZe9IDQdk035d,paper_cross;chara_ranking_filter;music_ranking_filter,True,True,2,2,有些兴趣,2561,available_crawled,data_raw/cn_official_legacy/round_07/raw/advanced/questionnaire/advice/q_022.json,
22,3,对二次同人是否有兴趣,c80c82d38b4a37b6c789f722035dZe9IDQdk035d,paper_cross;chara_ranking_filter;music_ranking_filter,True,True,3,3,完全不感兴趣,93,available_crawled,data_raw/cn_official_legacy/round_07/raw/advanced/questionnaire/advice/q_022.json,
23,3,在二次同人中您最关注,9959d721fb7461ea46d60efc4096kBgdoj494096,paper_cross;chara_ranking_filter;music_ranking_filter,True,True,1,1,音乐,5747,available_crawled,data_raw/cn_official_legacy/round_07/raw/advanced/questionnaire/advice/q_023.json,
23,3,在二次同人中您最关注,9959d721fb7461ea46d60efc4096kBgdoj494096,paper_cross;chara_ranking_filter;music_ranking_filter,True,True,2,2,漫画,4420,available_crawled,data_raw/cn_official_legacy/round_07/raw/advanced/questionnaire/advice/q_023.json,
23,3,在二次同人中您最关注,9959d721fb7461ea46d60efc4096kBgdoj494096,paper_cross;chara_ranking_filter;music_ranking_filter,True,True,3,3,游戏,4072,available_crawled,data_raw/cn_official_legacy/round_07/raw/advanced/questionnaire/advice/q_023.json,
23,3,在二次同人中您最关注,9959d721fb7461ea46d60efc4096kBgdoj494096,paper_cross;chara_ranking_filter;music_ranking_filter,True,True,4,4,绘画,3984,available_crawled,data_raw/cn_official_legacy/round_07/raw/advanced/questionnaire/advice/q_023.json,
23,3,在二次同人中您最关注,9959d721fb7461ea46d60efc4096kBgdoj494096,paper_cross;chara_ranking_filter;music_ranking_filter,True,True,5,5,视频,4419,available_crawled,data_raw/cn_official_legacy/round_07/raw/advanced/questionnaire/advice/q_023.json,
23,3,在二次同人中您最关注,9959d721fb7461ea46d60efc4096kBgdoj494096,paper_cross;chara_ranking_filter;music_ranking_filter,True,True,6,6,小说,1864,available_crawled,data_raw/cn_official_legacy/round_07/raw/advanced/questionnaire/advice/q_023.json,
23,3,在二次同人中您最关注,9959d721fb7461ea46d60efc4096kBgdoj494096,paper_cross;chara_ranking_filter;music_ranking_filter,True,True,7,7,实物,1859,available_crawled,data_raw/cn_official_legacy/round_07/raw/advanced/questionnaire/advice/q_023.json,
23,3,在二次同人中您最关注,9959d721fb7461ea46d60efc4096kBgdoj494096,paper_cross;chara_ranking_filter;music_ranking_filter,True,True,8,8,其他,735,available_crawled,data_raw/cn_official_legacy/round_07/raw/advanced/questionnaire/advice/q_023.json,
24,3,购买过二次同人作品吗（非国内作品）,78b817aec074f7593537c69fa84aRiDyP2VYa84a,paper_cross;chara_ranking_filter;music_ranking_filter,True,True,1,1,热衷于购买,737,available_crawled,data_raw/cn_official_legacy/round_07/raw/advanced/questionnaire/advice/q_024.json,
24,3,购买过二次同人作品吗（非国内作品）,78b817aec074f7593537c69fa84aRiDyP2VYa84a,paper_cross;chara_ranking_filter;music_ranking_filter,True,True,2,2,购买过,2564,available_crawled,data_raw/cn_official_legacy/round_07/raw/advanced/questionnaire/advice/q_024.json,
24,3,购买过二次同人作品吗（非国内作品）,78b817aec074f7593537c69fa84aRiDyP2VYa84a,paper_cross;chara_ranking_filter;music_ranking_filter,True,True,3,3,想买但是没有条件,2441,available_crawled,data_raw/cn_official_legacy/round_07/raw/advanced/questionnaire/advice/q_024.json,
24,3,购买过二次同人作品吗（非国内作品）,78b817aec074f7593537c69fa84aRiDyP2VYa84a,paper_cross;chara_ranking_filter;music_ranking_filter,True,True,4,4,没有考虑过,1080,available_crawled,data_raw/cn_official_legacy/round_07/raw/advanced/questionnaire/advice/q_024.json,
25,3,购买过什么类型的二次创作（非国内作品）,e60e373a5eb472571b9c9796e153ZODGn2Hme153,paper_cross;chara_ranking_filter;music_ranking_filter,True,True,1,1,音乐类,1988,available_crawled,data_raw/cn_official_legacy/round_07/raw/advanced/questionnaire/advice/q_025.json,
25,3,购买过什么类型的二次创作（非国内作品）,e60e373a5eb472571b9c9796e153ZODGn2Hme153,paper_cross;chara_ranking_filter;music_ranking_filter,True,True,2,2,漫画类,1510,available_crawled,data_raw/cn_official_legacy/round_07/raw/advanced/questionnaire/advice/q_025.json,
25,3,购买过什么类型的二次创作（非国内作品）,e60e373a5eb472571b9c9796e153ZODGn2Hme153,paper_cross;chara_ranking_filter;music_ranking_filter,True,True,3,3,插画类,1141,available_crawled,data_raw/cn_official_legacy/round_07/raw/advanced/questionnaire/advice/q_025.json,
25,3,购买过什么类型的二次创作（非国内作品）,e60e373a5eb472571b9c9796e153ZODGn2Hme153,paper_cross;chara_ranking_filter;music_ranking_filter,True,True,4,4,小说类,440,available_crawled,data_raw/cn_official_legacy/round_07/raw/advanced/questionnaire/advice/q_025.json,
25,3,购买过什么类型的二次创作（非国内作品）,e60e373a5eb472571b9c9796e153ZODGn2Hme153,paper_cross;chara_ranking_filter;music_ranking_filter,True,True,5,5,视频类,660,available_crawled,data_raw/cn_official_legacy/round_07/raw/advanced/questionnaire/advice/q_025.json,
25,3,购买过什么类型的二次创作（非国内作品）,e60e373a5eb472571b9c9796e153ZODGn2Hme153,paper_cross;chara_ranking_filter;music_ranking_filter,True,True,6,6,软件类,767,available_crawled,data_raw/cn_official_legacy/round_07/raw/advanced/questionnaire/advice/q_025.json,
25,3,购买过什么类型的二次创作（非国内作品）,e60e373a5eb472571b9c9796e153ZODGn2Hme153,paper_cross;chara_ranking_filter;music_ranking_filter,True,True,7,7,实物类,1191,available_crawled,data_raw/cn_official_legacy/round_07/raw/advanced/questionnaire/advice/q_025.json,
25,3,购买过什么类型的二次创作（非国内作品）,e60e373a5eb472571b9c9796e153ZODGn2Hme153,paper_cross;chara_ranking_filter;music_ranking_filter,True,True,8,8,其他,255,available_crawled,data_raw/cn_official_legacy/round_07/raw/advanced/questionnaire/advice/q_025.json,
26,3,购买二次创作的渠道一般是（非国内作品）,7773bffd98e688478a36b31e4b1eD4D2hYZW4b1e,paper_cross;chara_ranking_filter;music_ranking_filter,True,True,1,1,通过代购,2279,available_crawled,data_raw/cn_official_legacy/round_07/raw/advanced/questionnaire/advice/q_026.json,
26,3,购买二次创作的渠道一般是（非国内作品）,7773bffd98e688478a36b31e4b1eD4D2hYZW4b1e,paper_cross;chara_ranking_filter;music_ranking_filter,True,True,2,2,购买二手,453,available_crawled,data_raw/cn_official_legacy/round_07/raw/advanced/questionnaire/advice/q_026.json,
26,3,购买二次创作的渠道一般是（非国内作品）,7773bffd98e688478a36b31e4b1eD4D2hYZW4b1e,paper_cross;chara_ranking_filter;music_ranking_filter,True,True,3,3,委托朋友,651,available_crawled,data_raw/cn_official_legacy/round_07/raw/advanced/questionnaire/advice/q_026.json,
26,3,购买二次创作的渠道一般是（非国内作品）,7773bffd98e688478a36b31e4b1eD4D2hYZW4b1e,paper_cross;chara_ranking_filter;music_ranking_filter,True,True,4,4,实地购买,1003,available_crawled,data_raw/cn_official_legacy/round_07/raw/advanced/questionnaire/advice/q_026.json,
26,3,购买二次创作的渠道一般是（非国内作品）,7773bffd98e688478a36b31e4b1eD4D2hYZW4b1e,paper_cross;chara_ranking_filter;music_ranking_filter,True,True,5,5,下载贩卖,842,available_crawled,data_raw/cn_official_legacy/round_07/raw/advanced/questionnaire/advice/q_026.json,
27,3,能接受的单个作品购买价（包括运费）上限是（非国内作品）,04ecbcb6380c6806d66ec1bf6f07LEho5YLG6f07,paper_cross;chara_ranking_filter;music_ranking_filter,True,True,1,1,总价50RMB以内,187,available_crawled,data_raw/cn_official_legacy/round_07/raw/advanced/questionnaire/advice/q_027.json,
27,3,能接受的单个作品购买价（包括运费）上限是（非国内作品）,04ecbcb6380c6806d66ec1bf6f07LEho5YLG6f07,paper_cross;chara_ranking_filter;music_ranking_filter,True,True,2,2,总价100RMB以内,684,available_crawled,data_raw/cn_official_legacy/round_07/raw/advanced/questionnaire/advice/q_027.json,
27,3,能接受的单个作品购买价（包括运费）上限是（非国内作品）,04ecbcb6380c6806d66ec1bf6f07LEho5YLG6f07,paper_cross;chara_ranking_filter;music_ranking_filter,True,True,3,3,总价150RMB以内,600,available_crawled,data_raw/cn_official_legacy/round_07/raw/advanced/questionnaire/advice/q_027.json,
27,3,能接受的单个作品购买价（包括运费）上限是（非国内作品）,04ecbcb6380c6806d66ec1bf6f07LEho5YLG6f07,paper_cross;chara_ranking_filter;music_ranking_filter,True,True,4,4,总价200RMB以内,704,available_crawled,data_raw/cn_official_legacy/round_07/raw/advanced/questionnaire/advice/q_027.json,
27,3,能接受的单个作品购买价（包括运费）上限是（非国内作品）,04ecbcb6380c6806d66ec1bf6f07LEho5YLG6f07,paper_cross;chara_ranking_filter;music_ranking_filter,True,True,5,5,总价300RMB以内,463,available_crawled,data_raw/cn_official_legacy/round_07/raw/advanced/questionnaire/advice/q_027.json,
27,3,能接受的单个作品购买价（包括运费）上限是（非国内作品）,04ecbcb6380c6806d66ec1bf6f07LEho5YLG6f07,paper_cross;chara_ranking_filter;music_ranking_filter,True,True,6,6,总价500RMB以内,358,available_crawled,data_raw/cn_official_legacy/round_07/raw/advanced/questionnaire/advice/q_027.json,
27,3,能接受的单个作品购买价（包括运费）上限是（非国内作品）,04ecbcb6380c6806d66ec1bf6f07LEho5YLG6f07,paper_cross;chara_ranking_filter;music_ranking_filter,True,True,7,7,总价500RMB以上,296,available_crawled,data_raw/cn_official_legacy/round_07/raw/advanced/questionnaire/advice/q_027.json,
28,3,因何原因阻碍了购买（非国内作品）,b6943734bf84a171e46981a12a7aTuhaTY7U2a7a,paper_cross;chara_ranking_filter;music_ranking_filter,True,True,1,1,价格过高,718,available_crawled,data_raw/cn_official_legacy/round_07/raw/advanced/questionnaire/advice/q_028.json,
28,3,因何原因阻碍了购买（非国内作品）,b6943734bf84a171e46981a12a7aTuhaTY7U2a7a,paper_cross;chara_ranking_filter;music_ranking_filter,True,True,2,2,缺少渠道,1498,available_crawled,data_raw/cn_official_legacy/round_07/raw/advanced/questionnaire/advice/q_028.json,
28,3,因何原因阻碍了购买（非国内作品）,b6943734bf84a171e46981a12a7aTuhaTY7U2a7a,paper_cross;chara_ranking_filter;music_ranking_filter,True,True,3,3,环境阻碍,809,available_crawled,data_raw/cn_official_legacy/round_07/raw/advanced/questionnaire/advice/q_028.json,
28,3,因何原因阻碍了购买（非国内作品）,b6943734bf84a171e46981a12a7aTuhaTY7U2a7a,paper_cross;chara_ranking_filter;music_ranking_filter,True,True,4,4,不懂日文（或其他外语）,1050,available_crawled,data_raw/cn_official_legacy/round_07/raw/advanced/questionnaire/advice/q_028.json,
29,3,您的购买力范围是（单个作品的购买价，含运费）（非国内作品）,bb521cafb95b97be25e55c62183fmX2D6pcx183f,paper_cross;chara_ranking_filter;music_ranking_filter,True,True,1,1,没有自主购买能力,94,available_crawled,data_raw/cn_official_legacy/round_07/raw/advanced/questionnaire/advice/q_029.json,
29,3,您的购买力范围是（单个作品的购买价，含运费）（非国内作品）,bb521cafb95b97be25e55c62183fmX2D6pcx183f,paper_cross;chara_ranking_filter;music_ranking_filter,True,True,2,2,总价50RMB以内,152,available_crawled,data_raw/cn_official_legacy/round_07/raw/advanced/questionnaire/advice/q_029.json,
29,3,您的购买力范围是（单个作品的购买价，含运费）（非国内作品）,bb521cafb95b97be25e55c62183fmX2D6pcx183f,paper_cross;chara_ranking_filter;music_ranking_filter,True,True,3,3,总价100RMB以内,255,available_crawled,data_raw/cn_official_legacy/round_07/raw/advanced/questionnaire/advice/q_029.json,
29,3,您的购买力范围是（单个作品的购买价，含运费）（非国内作品）,bb521cafb95b97be25e55c62183fmX2D6pcx183f,paper_cross;chara_ranking_filter;music_ranking_filter,True,True,4,4,总价150RMB以内,97,available_crawled,data_raw/cn_official_legacy/round_07/raw/advanced/questionnaire/advice/q_029.json,
29,3,您的购买力范围是（单个作品的购买价，含运费）（非国内作品）,bb521cafb95b97be25e55c62183fmX2D6pcx183f,paper_cross;chara_ranking_filter;music_ranking_filter,True,True,5,5,总价200RMB以内,87,available_crawled,data_raw/cn_official_legacy/round_07/raw/advanced/questionnaire/advice/q_029.json,
29,3,您的购买力范围是（单个作品的购买价，含运费）（非国内作品）,bb521cafb95b97be25e55c62183fmX2D6pcx183f,paper_cross;chara_ranking_filter;music_ranking_filter,True,True,6,6,总价300RMB以内,25,available_crawled,data_raw/cn_official_legacy/round_07/raw/advanced/questionnaire/advice/q_029.json,
29,3,您的购买力范围是（单个作品的购买价，含运费）（非国内作品）,bb521cafb95b97be25e55c62183fmX2D6pcx183f,paper_cross;chara_ranking_filter;music_ranking_filter,True,True,7,7,总价500RMB以内,10,available_crawled,data_raw/cn_official_legacy/round_07/raw/advanced/questionnaire/advice/q_029.json,
30,3,因为什么原因您没有使用代购作为您的购买渠道（非国内作品）,4a1f840cfdeb918a995556efeb1duh2V0pOheb1d,paper_cross;chara_ranking_filter;music_ranking_filter,True,True,1,1,认为代购加价过高,338,available_crawled,data_raw/cn_official_legacy/round_07/raw/advanced/questionnaire/advice/q_030.json,
30,3,因为什么原因您没有使用代购作为您的购买渠道（非国内作品）,4a1f840cfdeb918a995556efeb1duh2V0pOheb1d,paper_cross;chara_ranking_filter;music_ranking_filter,True,True,2,2,没有或无法使用网银,586,available_crawled,data_raw/cn_official_legacy/round_07/raw/advanced/questionnaire/advice/q_030.json,
30,3,因为什么原因您没有使用代购作为您的购买渠道（非国内作品）,4a1f840cfdeb918a995556efeb1duh2V0pOheb1d,paper_cross;chara_ranking_filter;music_ranking_filter,True,True,3,3,不知道存在这样的代购,535,available_crawled,data_raw/cn_official_legacy/round_07/raw/advanced/questionnaire/advice/q_030.json,
30,3,因为什么原因您没有使用代购作为您的购买渠道（非国内作品）,4a1f840cfdeb918a995556efeb1duh2V0pOheb1d,paper_cross;chara_ranking_filter;music_ranking_filter,True,True,4,4,身居海外难以使用以大陆为主的代购,43,available_crawled,data_raw/cn_official_legacy/round_07/raw/advanced/questionnaire/advice/q_030.json,
31,3,环境中存在什么样的购买二次同人作品的阻碍（非国内作品）,dd3bf35f43f934cd745248909349bkZqb8pa9349,paper_cross;chara_ranking_filter;music_ranking_filter,True,True,1,1,家人或朋友的反对,343,available_crawled,data_raw/cn_official_legacy/round_07/raw/advanced/questionnaire/advice/q_031.json,
31,3,环境中存在什么样的购买二次同人作品的阻碍（非国内作品）,dd3bf35f43f934cd745248909349bkZqb8pa9349,paper_cross;chara_ranking_filter;music_ranking_filter,True,True,2,2,居所没有放置空间,177,available_crawled,data_raw/cn_official_legacy/round_07/raw/advanced/questionnaire/advice/q_031.json,
31,3,环境中存在什么样的购买二次同人作品的阻碍（非国内作品）,dd3bf35f43f934cd745248909349bkZqb8pa9349,paper_cross;chara_ranking_filter;music_ranking_filter,True,True,3,3,其他方面的障碍,537,available_crawled,data_raw/cn_official_legacy/round_07/raw/advanced/questionnaire/advice/q_031.json,
32,3,购买过国内创作的二次同人作品吗,32205a96cf323ad843283fdfa947zEx2vizia947,paper_cross;chara_ranking_filter;music_ranking_filter,True,True,1,1,热衷于购买,736,available_crawled,data_raw/cn_official_legacy/round_07/raw/advanced/questionnaire/advice/q_032.json,
32,3,购买过国内创作的二次同人作品吗,32205a96cf323ad843283fdfa947zEx2vizia947,paper_cross;chara_ranking_filter;music_ranking_filter,True,True,2,2,购买过,3332,available_crawled,data_raw/cn_official_legacy/round_07/raw/advanced/questionnaire/advice/q_032.json,
32,3,购买过国内创作的二次同人作品吗,32205a96cf323ad843283fdfa947zEx2vizia947,paper_cross;chara_ranking_filter;music_ranking_filter,True,True,3,3,想买但是没有条件,1589,available_crawled,data_raw/cn_official_legacy/round_07/raw/advanced/questionnaire/advice/q_032.json,
32,3,购买过国内创作的二次同人作品吗,32205a96cf323ad843283fdfa947zEx2vizia947,paper_cross;chara_ranking_filter;music_ranking_filter,True,True,4,4,没有考虑过,1183,available_crawled,data_raw/cn_official_legacy/round_07/raw/advanced/questionnaire/advice/q_032.json,
33,3,购买过什么类型的二次创作（国内作品）,2d4aa96b294283500dccd4054f59rEpElIdq4f59,paper_cross;chara_ranking_filter;music_ranking_filter,True,True,1,1,音乐类,2018,available_crawled,data_raw/cn_official_legacy/round_07/raw/advanced/questionnaire/advice/q_033.json,
33,3,购买过什么类型的二次创作（国内作品）,2d4aa96b294283500dccd4054f59rEpElIdq4f59,paper_cross;chara_ranking_filter;music_ranking_filter,True,True,2,2,漫画类,1774,available_crawled,data_raw/cn_official_legacy/round_07/raw/advanced/questionnaire/advice/q_033.json,
33,3,购买过什么类型的二次创作（国内作品）,2d4aa96b294283500dccd4054f59rEpElIdq4f59,paper_cross;chara_ranking_filter;music_ranking_filter,True,True,3,3,插画类,1454,available_crawled,data_raw/cn_official_legacy/round_07/raw/advanced/questionnaire/advice/q_033.json,
33,3,购买过什么类型的二次创作（国内作品）,2d4aa96b294283500dccd4054f59rEpElIdq4f59,paper_cross;chara_ranking_filter;music_ranking_filter,True,True,4,4,小说类,662,available_crawled,data_raw/cn_official_legacy/round_07/raw/advanced/questionnaire/advice/q_033.json,
33,3,购买过什么类型的二次创作（国内作品）,2d4aa96b294283500dccd4054f59rEpElIdq4f59,paper_cross;chara_ranking_filter;music_ranking_filter,True,True,5,5,视频类,1183,available_crawled,data_raw/cn_official_legacy/round_07/raw/advanced/questionnaire/advice/q_033.json,
33,3,购买过什么类型的二次创作（国内作品）,2d4aa96b294283500dccd4054f59rEpElIdq4f59,paper_cross;chara_ranking_filter;music_ranking_filter,True,True,6,6,软件类,1107,available_crawled,data_raw/cn_official_legacy/round_07/raw/advanced/questionnaire/advice/q_033.json,
33,3,购买过什么类型的二次创作（国内作品）,2d4aa96b294283500dccd4054f59rEpElIdq4f59,paper_cross;chara_ranking_filter;music_ranking_filter,True,True,7,7,实物类,1338,available_crawled,data_raw/cn_official_legacy/round_07/raw/advanced/questionnaire/advice/q_033.json,
33,3,购买过什么类型的二次创作（国内作品）,2d4aa96b294283500dccd4054f59rEpElIdq4f59,paper_cross;chara_ranking_filter;music_ranking_filter,True,True,8,8,其他,384,available_crawled,data_raw/cn_official_legacy/round_07/raw/advanced/questionnaire/advice/q_033.json,
34,3,购买二次创作的渠道一般是（国内作品）,b3c504918090bb56c942c0e4221dYlMZMb4F221d,paper_cross;chara_ranking_filter;music_ranking_filter,True,True,1,1,展会购买,2067,available_crawled,data_raw/cn_official_legacy/round_07/raw/advanced/questionnaire/advice/q_034.json,
34,3,购买二次创作的渠道一般是（国内作品）,b3c504918090bb56c942c0e4221dYlMZMb4F221d,paper_cross;chara_ranking_filter;music_ranking_filter,True,True,2,2,网络通贩,3244,available_crawled,data_raw/cn_official_legacy/round_07/raw/advanced/questionnaire/advice/q_034.json,
34,3,购买二次创作的渠道一般是（国内作品）,b3c504918090bb56c942c0e4221dYlMZMb4F221d,paper_cross;chara_ranking_filter;music_ranking_filter,True,True,3,3,他人转手,376,available_crawled,data_raw/cn_official_legacy/round_07/raw/advanced/questionnaire/advice/q_034.json,
34,3,购买二次创作的渠道一般是（国内作品）,b3c504918090bb56c942c0e4221dYlMZMb4F221d,paper_cross;chara_ranking_filter;music_ranking_filter,True,True,4,4,其他形式,291,available_crawled,data_raw/cn_official_legacy/round_07/raw/advanced/questionnaire/advice/q_034.json,
34,3,购买二次创作的渠道一般是（国内作品）,b3c504918090bb56c942c0e4221dYlMZMb4F221d,paper_cross;chara_ranking_filter;music_ranking_filter,True,True,5,5,下载贩卖,740,available_crawled,data_raw/cn_official_legacy/round_07/raw/advanced/questionnaire/advice/q_034.json,
35,3,能接受的单个作品购买价上限是（国内作品）,e3e0e454711dccf7ddb351847336NOhCzsZC7336,paper_cross;chara_ranking_filter;music_ranking_filter,True,True,1,1,40RMB以内,78,available_crawled,data_raw/cn_official_legacy/round_07/raw/advanced/questionnaire/advice/q_035.json,
35,3,能接受的单个作品购买价上限是（国内作品）,e3e0e454711dccf7ddb351847336NOhCzsZC7336,paper_cross;chara_ranking_filter;music_ranking_filter,True,True,2,2,50RMB以内,305,available_crawled,data_raw/cn_official_legacy/round_07/raw/advanced/questionnaire/advice/q_035.json,
35,3,能接受的单个作品购买价上限是（国内作品）,e3e0e454711dccf7ddb351847336NOhCzsZC7336,paper_cross;chara_ranking_filter;music_ranking_filter,True,True,3,3,100RMB以内,1165,available_crawled,data_raw/cn_official_legacy/round_07/raw/advanced/questionnaire/advice/q_035.json,
35,3,能接受的单个作品购买价上限是（国内作品）,e3e0e454711dccf7ddb351847336NOhCzsZC7336,paper_cross;chara_ranking_filter;music_ranking_filter,True,True,4,4,150RMB以内,669,available_crawled,data_raw/cn_official_legacy/round_07/raw/advanced/questionnaire/advice/q_035.json,
35,3,能接受的单个作品购买价上限是（国内作品）,e3e0e454711dccf7ddb351847336NOhCzsZC7336,paper_cross;chara_ranking_filter;music_ranking_filter,True,True,5,5,200RMB以内,834,available_crawled,data_raw/cn_official_legacy/round_07/raw/advanced/questionnaire/advice/q_035.json,
35,3,能接受的单个作品购买价上限是（国内作品）,e3e0e454711dccf7ddb351847336NOhCzsZC7336,paper_cross;chara_ranking_filter;music_ranking_filter,True,True,6,6,300RMB以内,650,available_crawled,data_raw/cn_official_legacy/round_07/raw/advanced/questionnaire/advice/q_035.json,
35,3,能接受的单个作品购买价上限是（国内作品）,e3e0e454711dccf7ddb351847336NOhCzsZC7336,paper_cross;chara_ranking_filter;music_ranking_filter,True,True,7,7,300RMB以上,359,available_crawled,data_raw/cn_official_legacy/round_07/raw/advanced/questionnaire/advice/q_035.json,
36,3,因何原因阻碍了购买（国内作品）,db84fd91b513a78b0074601f6eafFs5uJSjK6eaf,paper_cross;chara_ranking_filter;music_ranking_filter,True,True,1,1,价格过高,393,available_crawled,data_raw/cn_official_legacy/round_07/raw/advanced/questionnaire/advice/q_036.json,
36,3,因何原因阻碍了购买（国内作品）,db84fd91b513a78b0074601f6eafFs5uJSjK6eaf,paper_cross;chara_ranking_filter;music_ranking_filter,True,True,2,2,渠道不便,824,available_crawled,data_raw/cn_official_legacy/round_07/raw/advanced/questionnaire/advice/q_036.json,
36,3,因何原因阻碍了购买（国内作品）,db84fd91b513a78b0074601f6eafFs5uJSjK6eaf,paper_cross;chara_ranking_filter;music_ranking_filter,True,True,3,3,环境阻碍,694,available_crawled,data_raw/cn_official_legacy/round_07/raw/advanced/questionnaire/advice/q_036.json,
36,3,因何原因阻碍了购买（国内作品）,db84fd91b513a78b0074601f6eafFs5uJSjK6eaf,paper_cross;chara_ranking_filter;music_ranking_filter,True,True,4,4,没喜欢的,191,available_crawled,data_raw/cn_official_legacy/round_07/raw/advanced/questionnaire/advice/q_036.json,
37,3,您的购买力范围是（单个作品的购买价，含运费）（国内作品）,0843aba7947c1213682910180291wPcFulAj0291,paper_cross;chara_ranking_filter;music_ranking_filter,True,True,1,1,没有自主购买能力,68,available_crawled,data_raw/cn_official_legacy/round_07/raw/advanced/questionnaire/advice/q_037.json,
37,3,您的购买力范围是（单个作品的购买价，含运费）（国内作品）,0843aba7947c1213682910180291wPcFulAj0291,paper_cross;chara_ranking_filter;music_ranking_filter,True,True,2,2,总价50RMB以内,106,available_crawled,data_raw/cn_official_legacy/round_07/raw/advanced/questionnaire/advice/q_037.json,
37,3,您的购买力范围是（单个作品的购买价，含运费）（国内作品）,0843aba7947c1213682910180291wPcFulAj0291,paper_cross;chara_ranking_filter;music_ranking_filter,True,True,3,3,总价100RMB以内,156,available_crawled,data_raw/cn_official_legacy/round_07/raw/advanced/questionnaire/advice/q_037.json,
37,3,您的购买力范围是（单个作品的购买价，含运费）（国内作品）,0843aba7947c1213682910180291wPcFulAj0291,paper_cross;chara_ranking_filter;music_ranking_filter,True,True,4,4,总价150RMB以内,32,available_crawled,data_raw/cn_official_legacy/round_07/raw/advanced/questionnaire/advice/q_037.json,
37,3,您的购买力范围是（单个作品的购买价，含运费）（国内作品）,0843aba7947c1213682910180291wPcFulAj0291,paper_cross;chara_ranking_filter;music_ranking_filter,True,True,5,5,总价200RMB以内,21,available_crawled,data_raw/cn_official_legacy/round_07/raw/advanced/questionnaire/advice/q_037.json,
37,3,您的购买力范围是（单个作品的购买价，含运费）（国内作品）,0843aba7947c1213682910180291wPcFulAj0291,paper_cross;chara_ranking_filter;music_ranking_filter,True,True,6,6,总价300RMB以内,5,available_crawled,data_raw/cn_official_legacy/round_07/raw/advanced/questionnaire/advice/q_037.json,
37,3,您的购买力范围是（单个作品的购买价，含运费）（国内作品）,0843aba7947c1213682910180291wPcFulAj0291,paper_cross;chara_ranking_filter;music_ranking_filter,True,True,7,7,总价500RMB以内,5,available_crawled,data_raw/cn_official_legacy/round_07/raw/advanced/questionnaire/advice/q_037.json,
38,3,环境中存在什么样的购买二次同人作品的阻碍（国内作品）,8a22cd4cc7c2bc4a24a2f6c9b012KP0RkLKLb012,paper_cross;chara_ranking_filter;music_ranking_filter,True,True,1,1,家人或朋友的反对,335,available_crawled,data_raw/cn_official_legacy/round_07/raw/advanced/questionnaire/advice/q_038.json,
38,3,环境中存在什么样的购买二次同人作品的阻碍（国内作品）,8a22cd4cc7c2bc4a24a2f6c9b012KP0RkLKLb012,paper_cross;chara_ranking_filter;music_ranking_filter,True,True,2,2,居所没有放置空间,144,available_crawled,data_raw/cn_official_legacy/round_07/raw/advanced/questionnaire/advice/q_038.json,
38,3,环境中存在什么样的购买二次同人作品的阻碍（国内作品）,8a22cd4cc7c2bc4a24a2f6c9b012KP0RkLKLb012,paper_cross;chara_ranking_filter;music_ranking_filter,True,True,3,3,其他方面的障碍,397,available_crawled,data_raw/cn_official_legacy/round_07/raw/advanced/questionnaire/advice/q_038.json,
39,3,有想过做东方的同人创作吗,615a0dad1275606ca2259c723372Ctsd4vyT3372,paper_cross;chara_ranking_filter;music_ranking_filter,True,True,1,1,已经做过或正在做,1463,available_crawled,data_raw/cn_official_legacy/round_07/raw/advanced/questionnaire/advice/q_039.json,
39,3,有想过做东方的同人创作吗,615a0dad1275606ca2259c723372Ctsd4vyT3372,paper_cross;chara_ranking_filter;music_ranking_filter,True,True,2,2,想过还没有实际做过,3404,available_crawled,data_raw/cn_official_legacy/round_07/raw/advanced/questionnaire/advice/q_039.json,
39,3,有想过做东方的同人创作吗,615a0dad1275606ca2259c723372Ctsd4vyT3372,paper_cross;chara_ranking_filter;music_ranking_filter,True,True,3,3,没有想过,1979,available_crawled,data_raw/cn_official_legacy/round_07/raw/advanced/questionnaire/advice/q_039.json,
40,3,想做或者做过什么类型的创作,317285d0fb8c06b0344ee1dc982fatGpuz8b982f,paper_cross;chara_ranking_filter;music_ranking_filter,True,True,1,1,音乐类,1435,available_crawled,data_raw/cn_official_legacy/round_07/raw/advanced/questionnaire/advice/q_040.json,
40,3,想做或者做过什么类型的创作,317285d0fb8c06b0344ee1dc982fatGpuz8b982f,paper_cross;chara_ranking_filter;music_ranking_filter,True,True,2,2,漫画类,1179,available_crawled,data_raw/cn_official_legacy/round_07/raw/advanced/questionnaire/advice/q_040.json,
40,3,想做或者做过什么类型的创作,317285d0fb8c06b0344ee1dc982fatGpuz8b982f,paper_cross;chara_ranking_filter;music_ranking_filter,True,True,3,3,插画类,1472,available_crawled,data_raw/cn_official_legacy/round_07/raw/advanced/questionnaire/advice/q_040.json,
40,3,想做或者做过什么类型的创作,317285d0fb8c06b0344ee1dc982fatGpuz8b982f,paper_cross;chara_ranking_filter;music_ranking_filter,True,True,4,4,小说类,1480,available_crawled,data_raw/cn_official_legacy/round_07/raw/advanced/questionnaire/advice/q_040.json,
40,3,想做或者做过什么类型的创作,317285d0fb8c06b0344ee1dc982fatGpuz8b982f,paper_cross;chara_ranking_filter;music_ranking_filter,True,True,5,5,视频类,1848,available_crawled,data_raw/cn_official_legacy/round_07/raw/advanced/questionnaire/advice/q_040.json,
40,3,想做或者做过什么类型的创作,317285d0fb8c06b0344ee1dc982fatGpuz8b982f,paper_cross;chara_ranking_filter;music_ranking_filter,True,True,6,6,软件类,1061,available_crawled,data_raw/cn_official_legacy/round_07/raw/advanced/questionnaire/advice/q_040.json,
40,3,想做或者做过什么类型的创作,317285d0fb8c06b0344ee1dc982fatGpuz8b982f,paper_cross;chara_ranking_filter;music_ranking_filter,True,True,7,7,实物类,328,available_crawled,data_raw/cn_official_legacy/round_07/raw/advanced/questionnaire/advice/q_040.json,
40,3,想做或者做过什么类型的创作,317285d0fb8c06b0344ee1dc982fatGpuz8b982f,paper_cross;chara_ranking_filter;music_ranking_filter,True,True,8,8,其他,504,available_crawled,data_raw/cn_official_legacy/round_07/raw/advanced/questionnaire/advice/q_040.json,
41,3,因何原因阻碍了创作的实行,303d08a619f0d711d7aa532e9c6eHQnAVoZU9c6e,paper_cross;chara_ranking_filter;music_ranking_filter,True,True,1,1,没有时间,2197,available_crawled,data_raw/cn_official_legacy/round_07/raw/advanced/questionnaire/advice/q_041.json,
41,3,因何原因阻碍了创作的实行,303d08a619f0d711d7aa532e9c6eHQnAVoZU9c6e,paper_cross;chara_ranking_filter;music_ranking_filter,True,True,2,2,技术不够,2755,available_crawled,data_raw/cn_official_legacy/round_07/raw/advanced/questionnaire/advice/q_041.json,
41,3,因何原因阻碍了创作的实行,303d08a619f0d711d7aa532e9c6eHQnAVoZU9c6e,paper_cross;chara_ranking_filter;music_ranking_filter,True,True,3,3,环境阻碍,559,available_crawled,data_raw/cn_official_legacy/round_07/raw/advanced/questionnaire/advice/q_041.json,
41,3,因何原因阻碍了创作的实行,303d08a619f0d711d7aa532e9c6eHQnAVoZU9c6e,paper_cross;chara_ranking_filter;music_ranking_filter,True,True,4,4,资金不足,580,available_crawled,data_raw/cn_official_legacy/round_07/raw/advanced/questionnaire/advice/q_041.json,
41,3,因何原因阻碍了创作的实行,303d08a619f0d711d7aa532e9c6eHQnAVoZU9c6e,paper_cross;chara_ranking_filter;music_ranking_filter,True,True,5,5,缺乏人脉,595,available_crawled,data_raw/cn_official_legacy/round_07/raw/advanced/questionnaire/advice/q_041.json,
41,3,因何原因阻碍了创作的实行,303d08a619f0d711d7aa532e9c6eHQnAVoZU9c6e,paper_cross;chara_ranking_filter;music_ranking_filter,True,True,6,6,自身惰性,1428,available_crawled,data_raw/cn_official_legacy/round_07/raw/advanced/questionnaire/advice/q_041.json,
41,3,因何原因阻碍了创作的实行,303d08a619f0d711d7aa532e9c6eHQnAVoZU9c6e,paper_cross;chara_ranking_filter;music_ranking_filter,True,True,7,7,兴趣转移,86,available_crawled,data_raw/cn_official_legacy/round_07/raw/advanced/questionnaire/advice/q_041.json,
41,3,因何原因阻碍了创作的实行,303d08a619f0d711d7aa532e9c6eHQnAVoZU9c6e,paper_cross;chara_ranking_filter;music_ranking_filter,True,True,8,8,其他原因,193,available_crawled,data_raw/cn_official_legacy/round_07/raw/advanced/questionnaire/advice/q_041.json,
42,3,是否还在继续进行着东方的同人创作,c0443beddeec4fbc3c06317a7550638J8Z4x7550,paper_cross;chara_ranking_filter;music_ranking_filter,True,True,1,1,是,1309,available_crawled,data_raw/cn_official_legacy/round_07/raw/advanced/questionnaire/advice/q_042.json,
42,3,是否还在继续进行着东方的同人创作,c0443beddeec4fbc3c06317a7550638J8Z4x7550,paper_cross;chara_ranking_filter;music_ranking_filter,True,True,2,2,否,152,available_crawled,data_raw/cn_official_legacy/round_07/raw/advanced/questionnaire/advice/q_042.json,
43,3,在创作过程中遇到过什么样的困难,6f9696f5c0aa6074348b899f33befM5WpmBW33be,paper_cross;chara_ranking_filter;music_ranking_filter,True,True,1,1,需要从其他事情上分时间与精力,910,available_crawled,data_raw/cn_official_legacy/round_07/raw/advanced/questionnaire/advice/q_043.json,
43,3,在创作过程中遇到过什么样的困难,6f9696f5c0aa6074348b899f33befM5WpmBW33be,paper_cross;chara_ranking_filter;music_ranking_filter,True,True,2,2,资金十分紧张或缺乏,158,available_crawled,data_raw/cn_official_legacy/round_07/raw/advanced/questionnaire/advice/q_043.json,
43,3,在创作过程中遇到过什么样的困难,6f9696f5c0aa6074348b899f33befM5WpmBW33be,paper_cross;chara_ranking_filter;music_ranking_filter,True,True,3,3,发展人脉的过程非常艰难,227,available_crawled,data_raw/cn_official_legacy/round_07/raw/advanced/questionnaire/advice/q_043.json,
43,3,在创作过程中遇到过什么样的困难,6f9696f5c0aa6074348b899f33befM5WpmBW33be,paper_cross;chara_ranking_filter;music_ranking_filter,True,True,4,4,感到到自身水平或技术不足,1022,available_crawled,data_raw/cn_official_legacy/round_07/raw/advanced/questionnaire/advice/q_043.json,
43,3,在创作过程中遇到过什么样的困难,6f9696f5c0aa6074348b899f33befM5WpmBW33be,paper_cross;chara_ranking_filter;music_ranking_filter,True,True,5,5,没有人关注或支持,377,available_crawled,data_raw/cn_official_legacy/round_07/raw/advanced/questionnaire/advice/q_043.json,
43,3,在创作过程中遇到过什么样的困难,6f9696f5c0aa6074348b899f33befM5WpmBW33be,paper_cross;chara_ranking_filter;music_ranking_filter,True,True,6,6,难以维持自己的动力,279,available_crawled,data_raw/cn_official_legacy/round_07/raw/advanced/questionnaire/advice/q_043.json,
43,3,在创作过程中遇到过什么样的困难,6f9696f5c0aa6074348b899f33befM5WpmBW33be,paper_cross;chara_ranking_filter;music_ranking_filter,True,True,7,7,缺少发布或交流的渠道与平台,183,available_crawled,data_raw/cn_official_legacy/round_07/raw/advanced/questionnaire/advice/q_043.json,
43,3,在创作过程中遇到过什么样的困难,6f9696f5c0aa6074348b899f33befM5WpmBW33be,paper_cross;chara_ranking_filter;music_ranking_filter,True,True,8,8,周边氛围对创作非常不友好,156,available_crawled,data_raw/cn_official_legacy/round_07/raw/advanced/questionnaire/advice/q_043.json,
43,3,在创作过程中遇到过什么样的困难,6f9696f5c0aa6074348b899f33befM5WpmBW33be,paper_cross;chara_ranking_filter;music_ranking_filter,True,True,9,9,其他困难,100,available_crawled,data_raw/cn_official_legacy/round_07/raw/advanced/questionnaire/advice/q_043.json,
44,3,停止创作的直接原因是,971619f064a945078284f9158e4efwH0BoPi8e4e,paper_cross;chara_ranking_filter;music_ranking_filter,True,True,1,1,没有时间,104,available_crawled,data_raw/cn_official_legacy/round_07/raw/advanced/questionnaire/advice/q_044.json,
44,3,停止创作的直接原因是,971619f064a945078284f9158e4efwH0BoPi8e4e,paper_cross;chara_ranking_filter;music_ranking_filter,True,True,2,2,环境阻碍,25,available_crawled,data_raw/cn_official_legacy/round_07/raw/advanced/questionnaire/advice/q_044.json,
44,3,停止创作的直接原因是,971619f064a945078284f9158e4efwH0BoPi8e4e,paper_cross;chara_ranking_filter;music_ranking_filter,True,True,3,3,缺乏条件,35,available_crawled,data_raw/cn_official_legacy/round_07/raw/advanced/questionnaire/advice/q_044.json,
44,3,停止创作的直接原因是,971619f064a945078284f9158e4efwH0BoPi8e4e,paper_cross;chara_ranking_filter;music_ranking_filter,True,True,4,4,兴趣转移,19,available_crawled,data_raw/cn_official_legacy/round_07/raw/advanced/questionnaire/advice/q_044.json,
44,3,停止创作的直接原因是,971619f064a945078284f9158e4efwH0BoPi8e4e,paper_cross;chara_ranking_filter;music_ranking_filter,True,True,5,5,想要休息,30,available_crawled,data_raw/cn_official_legacy/round_07/raw/advanced/questionnaire/advice/q_044.json,
44,3,停止创作的直接原因是,971619f064a945078284f9158e4efwH0BoPi8e4e,paper_cross;chara_ranking_filter;music_ranking_filter,True,True,6,6,缺乏创意,46,available_crawled,data_raw/cn_official_legacy/round_07/raw/advanced/questionnaire/advice/q_044.json,
44,3,停止创作的直接原因是,971619f064a945078284f9158e4efwH0BoPi8e4e,paper_cross;chara_ranking_filter;music_ranking_filter,True,True,7,7,其他原因,20,available_crawled,data_raw/cn_official_legacy/round_07/raw/advanced/questionnaire/advice/q_044.json,
45,3,原作和二次同人您更热衷于,36d16e4c63906453136ac55b9ed9UZcdo5Of9ed9,paper_cross;chara_ranking_filter;music_ranking_filter,True,True,1,1,原作,1049,available_crawled,data_raw/cn_official_legacy/round_07/raw/advanced/questionnaire/advice/q_045.json,
45,3,原作和二次同人您更热衷于,36d16e4c63906453136ac55b9ed9UZcdo5Of9ed9,paper_cross;chara_ranking_filter;music_ranking_filter,True,True,2,2,二次同人,501,available_crawled,data_raw/cn_official_legacy/round_07/raw/advanced/questionnaire/advice/q_045.json,
45,3,原作和二次同人您更热衷于,36d16e4c63906453136ac55b9ed9UZcdo5Of9ed9,paper_cross;chara_ranking_filter;music_ranking_filter,True,True,3,3,都很喜欢,5330,available_crawled,data_raw/cn_official_legacy/round_07/raw/advanced/questionnaire/advice/q_045.json,
45,3,原作和二次同人您更热衷于,36d16e4c63906453136ac55b9ed9UZcdo5Of9ed9,paper_cross;chara_ranking_filter;music_ranking_filter,True,True,4,4,都没兴趣,43,available_crawled,data_raw/cn_official_legacy/round_07/raw/advanced/questionnaire/advice/q_045.json,
46,3,是否购买实物型周边（手办、抱枕、挂链、钱包、贴纸、挂画等类）,ffc7c35fce41b2c0f0f4f3eb163anCxGRMtc163a,paper_cross;chara_ranking_filter;music_ranking_filter,True,True,1,1,有购买,4328,available_crawled,data_raw/cn_official_legacy/round_07/raw/advanced/questionnaire/advice/q_046.json,
46,3,是否购买实物型周边（手办、抱枕、挂链、钱包、贴纸、挂画等类）,ffc7c35fce41b2c0f0f4f3eb163anCxGRMtc163a,paper_cross;chara_ranking_filter;music_ranking_filter,True,True,2,2,想买但是没有机会,1654,available_crawled,data_raw/cn_official_legacy/round_07/raw/advanced/questionnaire/advice/q_046.json,
46,3,是否购买实物型周边（手办、抱枕、挂链、钱包、贴纸、挂画等类）,ffc7c35fce41b2c0f0f4f3eb163anCxGRMtc163a,paper_cross;chara_ranking_filter;music_ranking_filter,True,True,3,3,没有考虑过,956,available_crawled,data_raw/cn_official_legacy/round_07/raw/advanced/questionnaire/advice/q_046.json,
47,3,购买周边的时候是否会介意它是否是盗版或存在盗图情况,cf4e10edc70f06fe722f4460af81vMx2pMfMaf81,paper_cross;chara_ranking_filter;music_ranking_filter,True,True,1,1,非常介意,2535,available_crawled,data_raw/cn_official_legacy/round_07/raw/advanced/questionnaire/advice/q_047.json,
47,3,购买周边的时候是否会介意它是否是盗版或存在盗图情况,cf4e10edc70f06fe722f4460af81vMx2pMfMaf81,paper_cross;chara_ranking_filter;music_ranking_filter,True,True,2,2,略微在意,3070,available_crawled,data_raw/cn_official_legacy/round_07/raw/advanced/questionnaire/advice/q_047.json,
47,3,购买周边的时候是否会介意它是否是盗版或存在盗图情况,cf4e10edc70f06fe722f4460af81vMx2pMfMaf81,paper_cross;chara_ranking_filter;music_ranking_filter,True,True,3,3,完全不在乎,106,available_crawled,data_raw/cn_official_legacy/round_07/raw/advanced/questionnaire/advice/q_047.json,
47,3,购买周边的时候是否会介意它是否是盗版或存在盗图情况,cf4e10edc70f06fe722f4460af81vMx2pMfMaf81,paper_cross;chara_ranking_filter;music_ranking_filter,True,True,4,4,没有想过这个问题,268,available_crawled,data_raw/cn_official_legacy/round_07/raw/advanced/questionnaire/advice/q_047.json,
48,3,是否购买过盗版的东方相关画集,49dad0f82db2a3c073293f52be42Rwd2hOt2be42,paper_cross;chara_ranking_filter;music_ranking_filter,True,True,1,1,购买过（并且知道是盗版）,486,available_crawled,data_raw/cn_official_legacy/round_07/raw/advanced/questionnaire/advice/q_048.json,
48,3,是否购买过盗版的东方相关画集,49dad0f82db2a3c073293f52be42Rwd2hOt2be42,paper_cross;chara_ranking_filter;music_ranking_filter,True,True,2,2,购买过（当时以为是正版）,819,available_crawled,data_raw/cn_official_legacy/round_07/raw/advanced/questionnaire/advice/q_048.json,
48,3,是否购买过盗版的东方相关画集,49dad0f82db2a3c073293f52be42Rwd2hOt2be42,paper_cross;chara_ranking_filter;music_ranking_filter,True,True,3,3,没有购买过（持无所谓态度）,1648,available_crawled,data_raw/cn_official_legacy/round_07/raw/advanced/questionnaire/advice/q_048.json,
48,3,是否购买过盗版的东方相关画集,49dad0f82db2a3c073293f52be42Rwd2hOt2be42,paper_cross;chara_ranking_filter;music_ranking_filter,True,True,4,4,没有购买过（持抵制态度）,3983,available_crawled,data_raw/cn_official_legacy/round_07/raw/advanced/questionnaire/advice/q_048.json,
49,4,是否参加过东方专门同人展,c9c6399841dbdd88e1bc22031b548zgNIDKR1b54,paper_cross;chara_ranking_filter;music_ranking_filter,True,True,1,1,有,1575,available_crawled,data_raw/cn_official_legacy/round_07/raw/advanced/questionnaire/advice/q_049.json,
49,4,是否参加过东方专门同人展,c9c6399841dbdd88e1bc22031b548zgNIDKR1b54,paper_cross;chara_ranking_filter;music_ranking_filter,True,True,2,2,没有,5363,available_crawled,data_raw/cn_official_legacy/round_07/raw/advanced/questionnaire/advice/q_049.json,
50,4,过去一年内有没有参加过东方专门同人展,2121006448b9c00e150923451394hQPQrYhm1394,paper_cross;chara_ranking_filter;music_ranking_filter,True,True,1,1,有,1212,available_crawled,data_raw/cn_official_legacy/round_07/raw/advanced/questionnaire/advice/q_050.json,
50,4,过去一年内有没有参加过东方专门同人展,2121006448b9c00e150923451394hQPQrYhm1394,paper_cross;chara_ranking_filter;music_ranking_filter,True,True,2,2,没有,363,available_crawled,data_raw/cn_official_legacy/round_07/raw/advanced/questionnaire/advice/q_050.json,
51,4,没有参加过展会的原因是,3d0687015c93367b72128d3b9e09OTwlSr8B9e09,paper_cross;chara_ranking_filter;music_ranking_filter,True,True,1,1,路费太贵,2508,available_crawled,data_raw/cn_official_legacy/round_07/raw/advanced/questionnaire/advice/q_051.json,
51,4,没有参加过展会的原因是,3d0687015c93367b72128d3b9e09OTwlSr8B9e09,paper_cross;chara_ranking_filter;music_ranking_filter,True,True,2,2,没有时间,4312,available_crawled,data_raw/cn_official_legacy/round_07/raw/advanced/questionnaire/advice/q_051.json,
51,4,没有参加过展会的原因是,3d0687015c93367b72128d3b9e09OTwlSr8B9e09,paper_cross;chara_ranking_filter;music_ranking_filter,True,True,3,3,家里阻拦,977,available_crawled,data_raw/cn_official_legacy/round_07/raw/advanced/questionnaire/advice/q_051.json,
51,4,没有参加过展会的原因是,3d0687015c93367b72128d3b9e09OTwlSr8B9e09,paper_cross;chara_ranking_filter;music_ranking_filter,True,True,4,4,不感兴趣,350,available_crawled,data_raw/cn_official_legacy/round_07/raw/advanced/questionnaire/advice/q_051.json,
51,4,没有参加过展会的原因是,3d0687015c93367b72128d3b9e09OTwlSr8B9e09,paper_cross;chara_ranking_filter;music_ranking_filter,True,True,5,5,未曾听说,724,available_crawled,data_raw/cn_official_legacy/round_07/raw/advanced/questionnaire/advice/q_051.json,
52,4,是否只考虑参加本地或附近地区的同人展,d7f1c7c4d80f3e5df911b98c677bGxoxmRIJ677b,paper_cross;chara_ranking_filter;music_ranking_filter,True,True,1,1,仅参加本地或附近地区的,4370,available_crawled,data_raw/cn_official_legacy/round_07/raw/advanced/questionnaire/advice/q_052.json,
52,4,是否只考虑参加本地或附近地区的同人展,d7f1c7c4d80f3e5df911b98c677bGxoxmRIJ677b,paper_cross;chara_ranking_filter;music_ranking_filter,True,True,2,2,异地的展会也会去,2552,available_crawled,data_raw/cn_official_legacy/round_07/raw/advanced/questionnaire/advice/q_052.json,
53,4,浏览东方project主题站点的频率如何,14ac7aac82fb018a02c5ef645ce9xULINkji5ce9,paper_cross;chara_ranking_filter;music_ranking_filter,True,True,1,1,经常,3537,available_crawled,data_raw/cn_official_legacy/round_07/raw/advanced/questionnaire/advice/q_053.json,
53,4,浏览东方project主题站点的频率如何,14ac7aac82fb018a02c5ef645ce9xULINkji5ce9,paper_cross;chara_ranking_filter;music_ranking_filter,True,True,2,2,偶尔,2726,available_crawled,data_raw/cn_official_legacy/round_07/raw/advanced/questionnaire/advice/q_053.json,
53,4,浏览东方project主题站点的频率如何,14ac7aac82fb018a02c5ef645ce9xULINkji5ce9,paper_cross;chara_ranking_filter;music_ranking_filter,True,True,3,3,很少,550,available_crawled,data_raw/cn_official_legacy/round_07/raw/advanced/questionnaire/advice/q_053.json,
53,4,浏览东方project主题站点的频率如何,14ac7aac82fb018a02c5ef645ce9xULINkji5ce9,paper_cross;chara_ranking_filter;music_ranking_filter,True,True,4,4,从不,124,available_crawled,data_raw/cn_official_legacy/round_07/raw/advanced/questionnaire/advice/q_053.json,
54,4,平日里接触东方信息的渠道是,dfb89cc6efc90d8129761cbd7c68LUj0DKtq7c68,paper_cross;chara_ranking_filter;music_ranking_filter,True,True,1,1,论坛贴吧等主题社区,4927,available_crawled,data_raw/cn_official_legacy/round_07/raw/advanced/questionnaire/advice/q_054.json,
54,4,平日里接触东方信息的渠道是,dfb89cc6efc90d8129761cbd7c68LUj0DKtq7c68,paper_cross;chara_ranking_filter;music_ranking_filter,True,True,2,2,微博推特类网站,2795,available_crawled,data_raw/cn_official_legacy/round_07/raw/advanced/questionnaire/advice/q_054.json,
54,4,平日里接触东方信息的渠道是,dfb89cc6efc90d8129761cbd7c68LUj0DKtq7c68,paper_cross;chara_ranking_filter;music_ranking_filter,True,True,3,3,社交网络（如人人，FB，G+等）,1541,available_crawled,data_raw/cn_official_legacy/round_07/raw/advanced/questionnaire/advice/q_054.json,
54,4,平日里接触东方信息的渠道是,dfb89cc6efc90d8129761cbd7c68LUj0DKtq7c68,paper_cross;chara_ranking_filter;music_ranking_filter,True,True,4,4,视频网站,5456,available_crawled,data_raw/cn_official_legacy/round_07/raw/advanced/questionnaire/advice/q_054.json,
54,4,平日里接触东方信息的渠道是,dfb89cc6efc90d8129761cbd7c68LUj0DKtq7c68,paper_cross;chara_ranking_filter;music_ranking_filter,True,True,5,5,即时通信工具（包括群）,3401,available_crawled,data_raw/cn_official_legacy/round_07/raw/advanced/questionnaire/advice/q_054.json,
54,4,平日里接触东方信息的渠道是,dfb89cc6efc90d8129761cbd7c68LUj0DKtq7c68,paper_cross;chara_ranking_filter;music_ranking_filter,True,True,6,6,现实生活,1268,available_crawled,data_raw/cn_official_legacy/round_07/raw/advanced/questionnaire/advice/q_054.json,
54,4,平日里接触东方信息的渠道是,dfb89cc6efc90d8129761cbd7c68LUj0DKtq7c68,paper_cross;chara_ranking_filter;music_ranking_filter,True,True,7,7,其他途径,721,available_crawled,data_raw/cn_official_legacy/round_07/raw/advanced/questionnaire/advice/q_054.json,
55,4,是否会主动向周围的人介绍东方Project,c5818ad103f5321952e69665f4b6byzONUhaf4b6,paper_cross;chara_ranking_filter;music_ranking_filter,True,True,1,1,会,3840,available_crawled,data_raw/cn_official_legacy/round_07/raw/advanced/questionnaire/advice/q_055.json,
55,4,是否会主动向周围的人介绍东方Project,c5818ad103f5321952e69665f4b6byzONUhaf4b6,paper_cross;chara_ranking_filter;music_ranking_filter,True,True,2,2,不会,2442,available_crawled,data_raw/cn_official_legacy/round_07/raw/advanced/questionnaire/advice/q_055.json,
55,4,是否会主动向周围的人介绍东方Project,c5818ad103f5321952e69665f4b6byzONUhaf4b6,paper_cross;chara_ranking_filter;music_ranking_filter,True,True,3,3,会刻意隐藏东方爱好者的身份,644,available_crawled,data_raw/cn_official_legacy/round_07/raw/advanced/questionnaire/advice/q_055.json,
56,4,选择了什么方式去介绍,3e93bf3bef5fb0f41548c0ebbe05TSNaD4ribe05,paper_cross;chara_ranking_filter;music_ranking_filter,True,True,1,1,详细入微的对各方面进行说明,889,available_crawled,data_raw/cn_official_legacy/round_07/raw/advanced/questionnaire/advice/q_056.json,
56,4,选择了什么方式去介绍,3e93bf3bef5fb0f41548c0ebbe05TSNaD4ribe05,paper_cross;chara_ranking_filter;music_ranking_filter,True,True,2,2,通过二次创作吸引对方,1310,available_crawled,data_raw/cn_official_legacy/round_07/raw/advanced/questionnaire/advice/q_056.json,
56,4,选择了什么方式去介绍,3e93bf3bef5fb0f41548c0ebbe05TSNaD4ribe05,paper_cross;chara_ranking_filter;music_ranking_filter,True,True,3,3,以官方作品来进行介绍,635,available_crawled,data_raw/cn_official_legacy/round_07/raw/advanced/questionnaire/advice/q_056.json,
56,4,选择了什么方式去介绍,3e93bf3bef5fb0f41548c0ebbe05TSNaD4ribe05,paper_cross;chara_ranking_filter;music_ranking_filter,True,True,4,4,给予相关网站或资料任其自由发展,327,available_crawled,data_raw/cn_official_legacy/round_07/raw/advanced/questionnaire/advice/q_056.json,
56,4,选择了什么方式去介绍,3e93bf3bef5fb0f41548c0ebbe05TSNaD4ribe05,paper_cross;chara_ranking_filter;music_ranking_filter,True,True,5,5,仅仅进行了简单的说明,677,available_crawled,data_raw/cn_official_legacy/round_07/raw/advanced/questionnaire/advice/q_056.json,
57,4,介绍的效果如何,c300f96139a9696f852b65d15538AzuvoNIb5538,paper_cross;chara_ranking_filter;music_ranking_filter,True,True,1,1,对方成为了东方爱好者,775,available_crawled,data_raw/cn_official_legacy/round_07/raw/advanced/questionnaire/advice/q_057.json,
57,4,介绍的效果如何,c300f96139a9696f852b65d15538AzuvoNIb5538,paper_cross;chara_ranking_filter;music_ranking_filter,True,True,2,2,对方知道了东方但是不感兴趣,2531,available_crawled,data_raw/cn_official_legacy/round_07/raw/advanced/questionnaire/advice/q_057.json,
57,4,介绍的效果如何,c300f96139a9696f852b65d15538AzuvoNIb5538,paper_cross;chara_ranking_filter;music_ranking_filter,True,True,3,3,对方没能明白东方是什么,349,available_crawled,data_raw/cn_official_legacy/round_07/raw/advanced/questionnaire/advice/q_057.json,
57,4,介绍的效果如何,c300f96139a9696f852b65d15538AzuvoNIb5538,paper_cross;chara_ranking_filter;music_ranking_filter,True,True,4,4,对方不愿意听你的介绍,169,available_crawled,data_raw/cn_official_legacy/round_07/raw/advanced/questionnaire/advice/q_057.json,
57,4,介绍的效果如何,c300f96139a9696f852b65d15538AzuvoNIb5538,paper_cross;chara_ranking_filter;music_ranking_filter,True,True,5,5,对方对东方产生了反感,14,available_crawled,data_raw/cn_official_legacy/round_07/raw/advanced/questionnaire/advice/q_057.json,
58,5,请问您是否知道「THBWiki」的官方新浪微博,qppmooteiy0x1qe4e2w0vueu176c55MXYnABzVU8,paper_cross,True,True,1,1,一直在关注并且认为有价值,1373,available_crawled,data_raw/cn_official_legacy/round_07/raw/advanced/questionnaire/advice/q_058.json,
58,5,请问您是否知道「THBWiki」的官方新浪微博,qppmooteiy0x1qe4e2w0vueu176c55MXYnABzVU8,paper_cross,True,True,2,2,知道，平时可能会偶尔看看,2551,available_crawled,data_raw/cn_official_legacy/round_07/raw/advanced/questionnaire/advice/q_058.json,
58,5,请问您是否知道「THBWiki」的官方新浪微博,qppmooteiy0x1qe4e2w0vueu176c55MXYnABzVU8,paper_cross,True,True,3,3,知道，但是自身有能力获取信息,755,available_crawled,data_raw/cn_official_legacy/round_07/raw/advanced/questionnaire/advice/q_058.json,
58,5,请问您是否知道「THBWiki」的官方新浪微博,qppmooteiy0x1qe4e2w0vueu176c55MXYnABzVU8,paper_cross,True,True,4,4,不知道，感觉可能会有用,1089,available_crawled,data_raw/cn_official_legacy/round_07/raw/advanced/questionnaire/advice/q_058.json,
58,5,请问您是否知道「THBWiki」的官方新浪微博,qppmooteiy0x1qe4e2w0vueu176c55MXYnABzVU8,paper_cross,True,True,5,5,不知道，但是自身有能力获取信息,297,available_crawled,data_raw/cn_official_legacy/round_07/raw/advanced/questionnaire/advice/q_058.json,
58,5,请问您是否知道「THBWiki」的官方新浪微博,qppmooteiy0x1qe4e2w0vueu176c55MXYnABzVU8,paper_cross,True,True,6,6,没有获取相关信息的需求,114,available_crawled,data_raw/cn_official_legacy/round_07/raw/advanced/questionnaire/advice/q_058.json,
58,5,请问您是否知道「THBWiki」的官方新浪微博,qppmooteiy0x1qe4e2w0vueu176c55MXYnABzVU8,paper_cross,True,True,7,7,不想使用新浪微博,748,available_crawled,data_raw/cn_official_legacy/round_07/raw/advanced/questionnaire/advice/q_058.json,
59,5,请问您是否使用本活动所属的主网站「THBWiki」,077e93f934d8685a1e64695bdf0bSBkZOTOtdf0b,paper_cross,True,True,1,1,一直在使用,2935,available_crawled,data_raw/cn_official_legacy/round_07/raw/advanced/questionnaire/advice/q_059.json,
59,5,请问您是否使用本活动所属的主网站「THBWiki」,077e93f934d8685a1e64695bdf0bSBkZOTOtdf0b,paper_cross,True,True,2,2,偶尔会使用,2796,available_crawled,data_raw/cn_official_legacy/round_07/raw/advanced/questionnaire/advice/q_059.json,
59,5,请问您是否使用本活动所属的主网站「THBWiki」,077e93f934d8685a1e64695bdf0bSBkZOTOtdf0b,paper_cross,True,True,3,3,基本不使用,449,available_crawled,data_raw/cn_official_legacy/round_07/raw/advanced/questionnaire/advice/q_059.json,
59,5,请问您是否使用本活动所属的主网站「THBWiki」,077e93f934d8685a1e64695bdf0bSBkZOTOtdf0b,paper_cross,True,True,4,4,仅仅知道存在但是没有访问过,323,available_crawled,data_raw/cn_official_legacy/round_07/raw/advanced/questionnaire/advice/q_059.json,
59,5,请问您是否使用本活动所属的主网站「THBWiki」,077e93f934d8685a1e64695bdf0bSBkZOTOtdf0b,paper_cross,True,True,5,5,现在才知道它的存在,425,available_crawled,data_raw/cn_official_legacy/round_07/raw/advanced/questionnaire/advice/q_059.json,
60,5,请问您本次是第几次参与中文东方Project人气投票,a30f3118b53c9d8c9009d26f4a8dqB8li3YV4a8d,paper_cross;chara_ranking_filter;music_ranking_filter,True,True,1,1,第七次,277,available_crawled,data_raw/cn_official_legacy/round_07/raw/advanced/questionnaire/advice/q_060.json,
60,5,请问您本次是第几次参与中文东方Project人气投票,a30f3118b53c9d8c9009d26f4a8dqB8li3YV4a8d,paper_cross;chara_ranking_filter;music_ranking_filter,True,True,2,2,第六次,132,available_crawled,data_raw/cn_official_legacy/round_07/raw/advanced/questionnaire/advice/q_060.json,
60,5,请问您本次是第几次参与中文东方Project人气投票,a30f3118b53c9d8c9009d26f4a8dqB8li3YV4a8d,paper_cross;chara_ranking_filter;music_ranking_filter,True,True,3,3,第五次,229,available_crawled,data_raw/cn_official_legacy/round_07/raw/advanced/questionnaire/advice/q_060.json,
60,5,请问您本次是第几次参与中文东方Project人气投票,a30f3118b53c9d8c9009d26f4a8dqB8li3YV4a8d,paper_cross;chara_ranking_filter;music_ranking_filter,True,True,4,4,第四次,483,available_crawled,data_raw/cn_official_legacy/round_07/raw/advanced/questionnaire/advice/q_060.json,
60,5,请问您本次是第几次参与中文东方Project人气投票,a30f3118b53c9d8c9009d26f4a8dqB8li3YV4a8d,paper_cross;chara_ranking_filter;music_ranking_filter,True,True,5,5,第三次,882,available_crawled,data_raw/cn_official_legacy/round_07/raw/advanced/questionnaire/advice/q_060.json,
60,5,请问您本次是第几次参与中文东方Project人气投票,a30f3118b53c9d8c9009d26f4a8dqB8li3YV4a8d,paper_cross;chara_ranking_filter;music_ranking_filter,True,True,6,6,第二次,1470,available_crawled,data_raw/cn_official_legacy/round_07/raw/advanced/questionnaire/advice/q_060.json,
60,5,请问您本次是第几次参与中文东方Project人气投票,a30f3118b53c9d8c9009d26f4a8dqB8li3YV4a8d,paper_cross;chara_ranking_filter;music_ranking_filter,True,True,7,7,第一次,3264,available_crawled,data_raw/cn_official_legacy/round_07/raw/advanced/questionnaire/advice/q_060.json,
60,5,请问您本次是第几次参与中文东方Project人气投票,a30f3118b53c9d8c9009d26f4a8dqB8li3YV4a8d,paper_cross;chara_ranking_filter;music_ranking_filter,True,True,8,8,现在才知道它的存在,187,available_crawled,data_raw/cn_official_legacy/round_07/raw/advanced/questionnaire/advice/q_060.json,
