site,character,character_score,character_total_score,character_rate,character_z,has_music_association,music_count,weight_sum,music_weighted_z_sum,music_weighted_z_mean,music_weighted_rate_sum,music_weighted_rate_mean,music_total_score
cn,博丽灵梦,4825,89467.0,0.05393049951378721,4.557564749748451,True,3,2.25,2.0210989675649187,0.8982662078066306,0.0179824749106627,0.007992211071405644,93466.0
cn,雾雨魔理沙,4671,89467.0,0.0522091944515855,4.388539144445844,True,5,2.75,-0.15233823800693064,-0.05539572291161114,0.009155735775576145,0.0033293584638458707,93466.0
cn,古明地恋,4137,89467.0,0.04624051326187309,3.802437370214729,True,2,1.75,4.709859750843402,2.691348429053373,0.029328846853401237,0.01675934105908642,93466.0
cn,芙兰朵露·斯卡蕾特,3140,89467.0,0.035096739579956855,2.708161211210193,True,3,2.25,3.222973596250137,1.4324327094445053,0.023858943359082445,0.010603974826258864,93466.0
cn,古明地觉,2825,89467.0,0.03157588831636246,2.362427018545771,True,1,1.0,2.012065363019696,2.012065363019696,0.013438041640810562,0.013438041640810562,93466.0
cn,蕾米莉亚·斯卡蕾特,2760,89467.0,0.030849363452446155,2.2910850422816837,True,1,1.0,2.1805575731403364,2.1805575731403364,0.014261870626751974,0.014261870626751974,93466.0
cn,十六夜咲夜,2569,89467.0,0.02871449808309209,2.0814493889518277,True,3,2.25,1.0095986542108137,0.4487105129825839,0.013036826225579355,0.0057941449891463805,93466.0
cn,琪露诺,2343,89467.0,0.026188427017783095,1.8333988253259246,True,2,1.75,0.33890923505146153,0.1936624200294066,0.007957439068752273,0.004547108039287013,93466.0
cn,东风谷早苗,2114,89467.0,0.02362882403567796,1.5820555551032176,True,2,1.75,2.3794155459280497,1.3596660262445999,0.017934329060834957,0.010248188034762833,93466.0
cn,魂魄妖梦,1999,89467.0,0.022343433891826036,1.4558351355590633,True,2,1.75,-0.239872447765544,-0.13706997015173944,0.005127533006654826,0.002930018860945615,93466.0
cn,射命丸文,1976,89467.0,0.022086355863055653,1.4305910516502327,True,5,2.75,0.5889180759978356,0.2141520276355766,0.012780048359831384,0.0046472903126659575,93466.0
cn,西行寺幽幽子,1901,89467.0,0.021248057943152224,1.348273386730132,True,4,2.5,2.380787519191246,0.9523150076764985,0.020641195728928165,0.008256478291571267,93466.0
cn,比那名居天子,1804,89467.0,0.020163859300077122,1.2418092067668018,True,2,1.75,-0.0708331850146415,-0.04047610572265229,0.005954036762031114,0.0034023067211606363,93466.0
cn,爱丽丝·玛格特洛依德,1796,89467.0,0.020074440855287423,1.2330286558419912,True,4,2.5,-0.18324815884590392,-0.07329926353836157,0.008104551387670382,0.0032418205550681528,93466.0
cn,藤原妹红,1789,89467.0,0.01999619971609644,1.225345673782782,True,1,1.0,3.4190847280530963,3.4190847280530963,0.020317548627308325,0.020317548627308325,93466.0
cn,铃仙·优昙华院·因幡,1689,89467.0,0.0188784691562252,1.115588787222648,True,1,1.0,0.72977399768599,0.72977399768599,0.007168382085464233,0.007168382085464233,93466.0
cn,八云紫,1620,89467.0,0.018107235069914046,1.0398565354961553,True,3,2.25,-0.3881208161081361,-0.17249814049250492,0.0062027903194744605,0.0027567956975442045,93466.0
cn,帕秋莉·诺蕾姬,1609,89467.0,0.017984284708328212,1.0277832779745406,True,3,2.25,0.4751282344450157,0.21116810419778476,0.010423576487706759,0.004632700661203004,93466.0
cn,秦心,1354,89467.0,0.015134071780656556,0.7479032172461987,True,1,1.0,-0.18489800011177285,-0.18489800011177285,0.0026961675903537114,0.0026961675903537114,93466.0
cn,蓬莱山辉夜,1182,89467.0,0.013211575217678026,0.559121372362768,True,3,2.25,3.3772424379839703,1.5009966391039868,0.024613228339717116,0.010939212595429829,93466.0
cn,纯狐,1178,89467.0,0.013166865995283177,0.5547310969003627,True,2,1.75,3.809411121432447,2.1768063551042554,0.02492617636359746,0.014243529350627119,93466.0
cn,多多良小伞,1078,89467.0,0.01204913543541194,0.44497421034022866,True,1,1.0,-0.17614515802758376,-0.17614515802758376,0.0027389639013117068,0.0027389639013117068,93466.0
cn,四季映姬·夜摩仙那度,1034,89467.0,0.011557333989068596,0.3966811802537697,True,1,1.0,0.8873251552013942,0.8873251552013942,0.007938715682708151,0.007938715682708151,93466.0
cn,依神紫苑,1003,89467.0,0.011210837515508512,0.36265654542012815,True,1,1.0,2.550365151197327,2.550365151197327,0.016070014764727282,0.016070014764727282,93466.0
cn,伊吹萃香,994,89467.0,0.0111102417651201,0.3527784256297161,True,3,2.25,1.7656253892326488,0.7847223952145106,0.01673335758457621,0.007437047815367205,93466.0
cn,风见幽香,969,89467.0,0.010830809125152292,0.32533920398968263,True,1,1.0,-0.3380727365850824,-0.3380727365850824,0.0019472321485887916,0.0019472321485887916,93466.0
cn,洩矢诹访子,947,89467.0,0.010584908401980618,0.30119268894645296,True,2,1.75,0.6337706027625823,0.36215463015004706,0.009399139794149745,0.005370937025228425,93466.0
cn,摩多罗隐岐奈,862,89467.0,0.009634837426090066,0.20789933537033906,True,3,2.25,0.03639202497503624,0.01617423332223833,0.00827841140093724,0.0036792939559721063,93466.0
cn,红美铃,832,89467.0,0.009299518258128695,0.17497226940229885,True,2,1.75,3.438509438114933,1.964862536065676,0.023112682686752404,0.013207247249572802,93466.0
cn,米斯蒂娅·萝蕾拉,801,89467.0,0.008953021784568612,0.1409476345686573,True,2,1.75,-0.7404256044551093,-0.4231003454029196,0.002680118973744463,0.0015314965564254075,93466.0
cn,键山雏,792,89467.0,0.0088524260341802,0.13106951477824524,True,2,1.75,-0.29786002657329685,-0.17020572947045534,0.0048440074465581065,0.002768004255176061,93466.0
cn,露米娅,762,89467.0,0.00851710686621883,0.09814244881020505,True,1,1.0,-0.12581631604349627,-0.12581631604349627,0.0029850426893201806,0.0029850426893201806,93466.0
cn,鬼人正邪,761,89467.0,0.008505929560620117,0.0970448799446037,True,6,3.0,-1.3079854722058444,-0.4359951574019481,0.004405345259238653,0.0014684484197462176,93466.0
cn,莉莉霍瓦特（莉莉白）,693,89467.0,0.007745872779907676,0.02241019708371258,False,0,0.0,0.0,0.0,0.0,0.0,93466.0
cn,稀神探女,689,89467.0,0.007701163557512826,0.01801992162130722,True,2,1.75,-0.4384525525505847,-0.25054431574319125,0.004156591701795305,0.002375195258168746,93466.0
cn,火焰猫燐,689,89467.0,0.007701163557512826,0.01801992162130722,True,2,1.75,0.37282649812769425,0.2130437132158253,0.008123274773714505,0.0046418712992654316,93466.0
cn,丰聪耳神子,654,89467.0,0.0073099578615578925,-0.02039498867473977,True,1,1.0,0.4803179982866002,0.4803179982866002,0.005948687223161364,0.005948687223161364,93466.0
cn,水桥帕露西,587,89467.0,0.006561078386444164,-0.09393210267002955,True,2,1.75,-0.6096800258225343,-0.34838858618430535,0.0033193888686795197,0.00189679363924544,93466.0
cn,上白泽慧音,584,89467.0,0.006527546469648027,-0.09722480926683358,True,2,1.75,-0.15617339533548555,-0.08924194019170603,0.005536772730190658,0.0031638701315375188,93466.0
cn,灵乌路空,583,89467.0,0.006516369164049314,-0.09832237813243491,True,1,1.0,0.1783449463820756,0.1783449463820756,0.0044722144951105216,0.0044722144951105216,93466.0
cn,八云蓝,580,89467.0,0.006482837247253177,-0.10161508472923894,True,4,2.5,-0.12963700108024556,-0.051854800432098225,0.008366678792288104,0.0033466715169152414,93466.0
cn,天弓千亦,549,89467.0,0.006136340773693094,-0.13563971956288048,True,1,1.0,0.8282434711331176,0.8282434711331176,0.0076498405837416815,0.0076498405837416815,93466.0
cn,大妖精,504,89467.0,0.005633362021751037,-0.18503031851494078,True,1,1.0,-0.5634584202529522,-0.5634584202529522,0.0008452271414204096,0.0008452271414204096,93466.0
cn,饕餮尤魔,500,89467.0,0.0055886527993561875,-0.18942059397734615,True,2,1.75,-0.8186541305825495,-0.46780236033288547,0.002297626944557379,0.0013129296826042166,93466.0
cn,茨木华扇,498,89467.0,0.005566298188158763,-0.19161573170854881,True,1,1.0,-0.6684925252632217,-0.6684925252632217,0.0003316714099244645,0.0003316714099244645,93466.0
cn,犬走椛,478,89467.0,0.005342752076184515,-0.21356710902057563,True,1,1.0,0.45187126151298546,0.45187126151298546,0.005809599212547878,0.005809599212547878,93466.0
cn,埴安神袿姬,470,89467.0,0.0052533336313948156,-0.22234765994538644,True,1,1.0,3.9114320952887347,3.9114320952887347,0.02272484111869557,0.02272484111869557,93466.0
cn,八意永琳,454,89467.0,0.005074496741815418,-0.23990876179500786,True,3,2.25,1.8695653889823949,0.8309179506588422,0.017241563777202408,0.007662917234312182,93466.0
cn,圣白莲,441,89467.0,0.004929191769032157,-0.2541771570478253,True,1,1.0,1.8501377844621971,1.8501377844621971,0.012646309888087647,0.012646309888087647,93466.0
cn,哆来咪·苏伊特,426,89467.0,0.004761532185051471,-0.2706406900318454,True,1,1.0,-0.062358210933125206,-0.062358210933125206,0.0032953159437656473,0.0032953159437656473,93466.0
cn,吉吊八千慧,417,89467.0,0.00466093643466306,-0.28051880982225746,True,1,1.0,-0.5743994728581886,-0.5743994728581886,0.0007917317527229153,0.0007917317527229153,93466.0
cn,赫卡提亚·拉碧斯拉祖利,407,89467.0,0.004549163378675936,-0.29149449847827086,True,1,1.0,-0.40371905221650084,-0.40371905221650084,0.001626259816403826,0.001626259816403826,93466.0
cn,少名针妙丸,376,89467.0,0.004202666905115853,-0.3255191333119124,True,1,1.0,2.896102413522797,2.896102413522797,0.0177604690475681,0.0177604690475681,93466.0
cn,赤蛮奇,368,89467.0,0.004113248460326154,-0.3342996842367231,True,1,1.0,-0.5809641044213305,-0.5809641044213305,0.0007596345195044187,0.0007596345195044187,93466.0
cn,河城荷取,368,89467.0,0.004113248460326154,-0.3342996842367231,True,1,1.0,-0.05798178989103061,-0.05798178989103061,0.003316714099244645,0.003316714099244645,93466.0
cn,霍青娥,355,89467.0,0.003967943487542893,-0.34856807948954055,True,2,1.75,0.3235917614041305,0.18490957794521742,0.007882545524575782,0.004504311728329018,93466.0
cn,露娜切露德,354,89467.0,0.003956766181944181,-0.34966564835514186,True,5,2.75,-1.669315181722957,-0.6070237024447116,0.0017386001326685637,0.0006322182300612959,93466.0
cn,豫母都日狭美,337,89467.0,0.0037667519867660704,-0.36832431907036467,True,1,1.0,-0.5131295782688648,-0.5131295782688648,0.0010913059294288831,0.0010913059294288831,93466.0
cn,封兽鵺,317,89467.0,0.0035432058747918225,-0.39027569638239157,True,1,1.0,-0.38840157856916985,-0.38840157856916985,0.001701153360580318,0.001701153360580318,93466.0
cn,宇佐见堇子,316,89467.0,0.00353202856919311,-0.3913732652479929,True,5,2.75,-1.5615458135613787,-0.5678348412950468,0.002265529711338883,0.0008238289859414119,93466.0
cn,菅牧典,313,89467.0,0.003498496652396973,-0.3946659718447969,True,2,1.75,-0.7207317097656838,-0.41184669129467644,0.0027764106733999525,0.0015865203847999728,93466.0
cn,物部布都,310,89467.0,0.003464964735600836,-0.39795867844160093,True,1,1.0,-0.6028462096318032,-0.6028462096318032,0.0006526437421094302,0.0006526437421094302,93466.0
cn,橙,309,89467.0,0.0034537874300021236,-0.3990562473072023,True,2,1.75,-0.3175539212627224,-0.18145938357869854,0.0047477157469026175,0.002712980426801496,93466.0
cn,日白残无,303,89467.0,0.0033867235964098494,-0.4056416605008103,True,1,1.0,0.213356314718832,0.213356314718832,0.004643399738942503,0.004643399738942503,93466.0
cn,小恶魔,297,89467.0,0.003319659762817575,-0.41222707369441836,False,0,0.0,0.0,0.0,0.0,0.0,93466.0
cn,克劳恩皮丝,292,89467.0,0.0032637732348240133,-0.41771491802242505,True,2,1.75,-0.27652497399308595,-0.15801427085319197,0.004948323454518221,0.0028276134025818403,93466.0
cn,因幡天为（因幡帝）,281,89467.0,0.0031408228732381772,-0.4297881755440398,True,2,1.75,-0.7830957096155312,-0.4474832626374464,0.0024714869578242355,0.0014122782616138487,93466.0
cn,斯塔萨菲雅,281,89467.0,0.0031408228732381772,-0.4297881755440398,True,5,2.75,-1.675332760655837,-0.6092119129657589,0.0017091776688849419,0.0006215191523217971,93466.0
cn,饭纲丸龙,273,89467.0,0.0030514044284484783,-0.43856872646885053,True,1,1.0,-0.2811792630378531,-0.2811792630378531,0.002225408169815762,0.002225408169815762,93466.0
cn,堀川雷鼓,272,89467.0,0.003040227122849766,-0.43966629533445184,True,1,1.0,-0.14551021073292184,-0.14551021073292184,0.0028887509896646907,0.0028887509896646907,93466.0
cn,永江衣玖,264,89467.0,0.002950808678060067,-0.44844684625926257,True,1,1.0,-0.6663043147421743,-0.6663043147421743,0.00034237048766396335,0.00034237048766396335,93466.0
cn,庭渡久侘歌,235,89467.0,0.0026266668156974078,-0.48027634336170144,True,2,1.75,-1.2185496033039398,-0.6963140590308228,0.00034237048766396335,0.00019564027866512192,93466.0
cn,姬海棠果,234,89467.0,0.0026154895100986954,-0.4813739122273028,True,1,1.0,1.018617786464231,1.018617786464231,0.008580660347078082,0.008580660347078082,93466.0
cn,八坂神奈子,231,89467.0,0.0025819575933025583,-0.4846666188241068,True,1,1.0,0.4081070510920399,0.4081070510920399,0.005595617657757901,0.005595617657757901,93466.0
cn,桑尼米尔克,227,89467.0,0.002537248370907709,-0.48905689428651217,True,6,3.0,-1.8479264182742607,-0.615975472758087,0.001765347827017311,0.000588449275672437,93466.0
cn,二岩猯藏,218,89467.0,0.0024366526205192975,-0.4989350140769242,True,2,1.75,-0.9220470777020334,-0.526884044401162,0.0017920955213660582,0.0010240545836377477,93466.0
cn,村纱水蜜,216,89467.0,0.0024142980093218728,-0.5011301518081269,True,1,1.0,-0.6137872622370396,-0.6137872622370396,0.0005991483534119359,0.0005991483534119359,93466.0
cn,秋穰子,215,89467.0,0.0024031207037231604,-0.5022277206737282,True,1,1.0,0.06018157824552245,0.06018157824552245,0.003894464297177583,0.003894464297177583,93466.0
cn,娜兹玲,203,89467.0,0.002268993036538612,-0.5153985470609443,True,2,1.75,-0.5719333943344687,-0.3268190824768392,0.0035039479596858754,0.0020022559769633575,93466.0
cn,小野塚小町,192,89467.0,0.002146042674952776,-0.527471804582559,True,1,1.0,-0.11706347395930718,-0.11706347395930718,0.003027839000278176,0.003027839000278176,93466.0
cn,爱塔妮缇拉尔瓦,185,89467.0,0.0020678015357617893,-0.5351547866417684,True,1,1.0,-0.6356693674475125,-0.6356693674475125,0.0004921575760169474,0.0004921575760169474,93466.0
cn,秋静叶,179,89467.0,0.002000737702169515,-0.5417401998353765,True,1,1.0,-0.5940933675476141,-0.5940933675476141,0.0006954400530674256,0.0006954400530674256,93466.0
cn,幽谷响子,168,89467.0,0.001877787340583679,-0.5538134573569912,True,1,1.0,-0.7122567356841673,-0.7122567356841673,0.00011768985513448741,0.00011768985513448741,93466.0
cn,今泉影狼,161,89467.0,0.0017995462013926922,-0.5614964394162006,True,2,1.75,-1.1534503403027834,-0.6591144801730191,0.0006606680504140543,0.00037752460023660246,93466.0
cn,九十九弁弁,154,89467.0,0.0017213050622017056,-0.56917942147541,True,1,1.0,0.7429032608122738,0.7429032608122738,0.007232576551901226,0.007232576551901226,93466.0
cn,依神女苑,151,89467.0,0.0016877731454055685,-0.572472128072214,True,1,1.0,2.550365151197327,2.550365151197327,0.016070014764727282,0.016070014764727282,93466.0
cn,清兰,143,89467.0,0.0015983547006158695,-0.5812526789970247,True,2,1.75,-0.7973190780023385,-0.45561090171562196,0.002401942952517493,0.001372538830009996,93466.0
cn,星熊勇仪,142,89467.0,0.0015871773950171572,-0.582350247862626,True,2,1.75,-0.6550853941342654,-0.37433451093386594,0.0030973830055849184,0.0017699331460485248,93466.0
cn,梅蒂欣·梅兰可莉,141,89467.0,0.0015760000894184448,-0.5834478167282274,True,1,1.0,-0.6925628409947417,-0.6925628409947417,0.0002139815547899771,0.0002139815547899771,93466.0
cn,豪德寺三花,141,89467.0,0.0015760000894184448,-0.5834478167282274,True,1,1.0,-0.3621430523166025,-0.3621430523166025,0.0018295422934543042,0.0018295422934543042,93466.0
cn,孙美天,131,89467.0,0.001464227033431321,-0.5944235053842408,True,1,1.0,-0.21334473688538744,-0.21334473688538744,0.0025570795797402266,0.0025570795797402266,93466.0
cn,天火人血枪,129,89467.0,0.0014418724222338964,-0.5966186431154434,True,1,1.0,-0.640045788489607,-0.640045788489607,0.00047075942053794963,0.00047075942053794963,93466.0
cn,骊驹早鬼,127,89467.0,0.0014195178110364716,-0.5988137808466462,True,1,1.0,-0.5787758939002832,-0.5787758939002832,0.0007703335972439176,0.0007703335972439176,93466.0
cn,姬虫百百世,125,89467.0,0.0013971631998390469,-0.6010089185778489,True,1,1.0,-0.451859683679541,-0.451859683679541,0.0013908801061348513,0.0013908801061348513,93466.0
cn,露娜萨·普莉兹姆利巴,110,89467.0,0.0012295036158583611,-0.6174724515618689,True,1,1.0,0.7516561028964628,0.7516561028964628,0.007275372862859221,0.007275372862859221,93466.0
cn,莉格露·奈特巴格,108,89467.0,0.0012071490046609364,-0.6196675892930716,True,1,1.0,-0.5590819992108577,-0.5590819992108577,0.0008666252968994073,0.0008666252968994073,93466.0
cn,高丽野阿吽,106,89467.0,0.0011847943934635116,-0.6218627270242743,True,1,1.0,-0.6838099989105526,-0.6838099989105526,0.0002567778657479725,0.0002567778657479725,93466.0
cn,蕾蒂·霍瓦特洛克,102,89467.0,0.0011400851710686622,-0.6262530024866797,True,1,1.0,-0.6772453673474107,-0.6772453673474107,0.0002888750989664691,0.0002888750989664691,93466.0
cn,三头慧之子,102,89467.0,0.0011400851710686622,-0.6262530024866797,True,1,1.0,-0.6772453673474107,-0.6772453673474107,0.0002888750989664691,0.0002888750989664691,93466.0
cn,若鹭姬,101,89467.0,0.0011289078654699498,-0.627350571352281,True,1,1.0,-0.6706807357842689,-0.6706807357842689,0.00032097233218496567,0.00032097233218496567,93466.0
cn,宫古芳香,97,89467.0,0.0010841986430751003,-0.6317408468146863,True,1,1.0,-0.7035038935999781,-0.7035038935999781,0.00016048616609248283,0.00016048616609248283,93466.0
cn,苏我屠自古,89,89467.0,0.0009947801982854013,-0.6405213977394971,True,1,1.0,-0.5612702097319049,-0.5612702097319049,0.0008559262191599084,0.0008559262191599084,93466.0
cn,戎璎花,75,89467.0,0.0008382979199034281,-0.655887361857916,True,1,1.0,-0.6575514726579853,-0.6575514726579853,0.0003851667986219588,0.0003851667986219588,93466.0
cn,杖刀偶磨弓,75,89467.0,0.0008382979199034281,-0.655887361857916,True,1,1.0,-0.6663043147421743,-0.6663043147421743,0.00034237048766396335,0.00034237048766396335,93466.0
cn,黑谷山女,72,89467.0,0.000804766003107291,-0.65918006845472,True,1,1.0,-0.6881864199526472,-0.6881864199526472,0.00023537971026897482,0.00023537971026897482,93466.0
cn,云居一轮,60,89467.0,0.0006706383359227425,-0.672350894841936,True,1,1.0,-0.6728689463053162,-0.6728689463053162,0.0003102732544454668,0.0003102732544454668,93466.0
cn,寅丸星,59,89467.0,0.00065946103032403,-0.6734484637075374,True,1,1.0,-0.6663043147421743,-0.6663043147421743,0.00034237048766396335,0.00034237048766396335,93466.0
cn,矢田寺成美,56,89467.0,0.0006259291135278929,-0.6767411703043414,True,1,1.0,-0.7056921041210253,-0.7056921041210253,0.00014978708835298397,0.00014978708835298397,93466.0
cn,梅露兰·普莉兹姆利巴,55,89467.0,0.0006147518079291806,-0.6778387391699427,True,1,1.0,0.7516561028964628,0.7516561028964628,0.007275372862859221,0.007275372862859221,93466.0
cn,丁礼田舞,53,89467.0,0.0005923971967317558,-0.6800338769011454,True,3,2.25,-1.2694226034599279,-0.5641878237599679,0.0018937367598912975,0.00084166078217391,93466.0
cn,九十九八桥,52,89467.0,0.0005812198911330434,-0.6811314457667468,True,1,1.0,0.7429032608122738,0.7429032608122738,0.007232576551901226,0.007232576551901226,93466.0
cn,尔子田里乃,47,89467.0,0.0005253333631394816,-0.6866192900947534,True,3,2.25,-1.2694226034599279,-0.5641878237599679,0.0018937367598912975,0.00084166078217391,93466.0
cn,莉莉卡·普莉兹姆利巴,47,89467.0,0.0005253333631394816,-0.6866192900947534,True,1,1.0,0.7516561028964628,0.7516561028964628,0.007275372862859221,0.007275372862859221,93466.0
cn,驹草山如,40,89467.0,0.00044709222394849496,-0.6943022721539628,True,2,1.75,-0.658914762546098,-0.37652272145491317,0.0030786596195407955,0.001759234068309026,93466.0
cn,山城高岭,39,89467.0,0.0004359149183497826,-0.6953998410195642,True,1,1.0,-0.6947510515157891,-0.6947510515157891,0.00020328247705047825,0.00020328247705047825,93466.0
cn,铃瑚,33,89467.0,0.00036885108475750837,-0.7019852542131723,True,1,1.0,-0.609410841194945,-0.609410841194945,0.0006205465088909335,0.0006205465088909335,93466.0
cn,玉造魅须丸,32,89467.0,0.000357673779158796,-0.7030828230787736,True,1,1.0,-0.6772453673474107,-0.6772453673474107,0.0002888750989664691,0.0002888750989664691,93466.0
cn,坂田合欢,25,89467.0,0.00027943263996780935,-0.7107658051379829,True,1,1.0,-0.7231977882894036,-0.7231977882894036,6.419446643699313e-05,6.419446643699313e-05,93466.0
cn,蕾拉·普莉兹姆利巴,25,89467.0,0.00027943263996780935,-0.7107658051379829,False,0,0.0,0.0,0.0,0.0,0.0,93466.0
cn,牛崎润美,19,89467.0,0.0002123688063755351,-0.717351218331591,True,1,1.0,-0.7275742093314982,-0.7275742093314982,4.279631095799542e-05,4.279631095799542e-05,93466.0
cn,琪斯美,12,89467.0,0.0001341276671845485,-0.7250342003908004,True,1,1.0,-0.5218824203530539,-0.5218824203530539,0.0010485096184708878,0.0010485096184708878,93466.0
cn,云山,11,89467.0,0.00012295036158583612,-0.7261317692564017,False,0,0.0,0.0,0.0,0.0,0.0,93466.0
jp,博丽灵梦,21959,394812.0,0.055618876832517754,4.659973563480661,True,3,2.25,-0.5089670672589367,-0.22620758544841632,0.006147952108670125,0.0027324231594089443,338934.0
jp,雾雨魔理沙,20249,394812.0,0.05128770148830329,4.239503544686682,True,5,2.75,2.898258789548287,1.053912287108468,0.030508889636330378,0.01109414168593832,338934.0
jp,芙兰朵露·斯卡蕾特,17324,394812.0,0.04387911208372593,3.5202785125390843,True,3,2.25,7.508182113703052,3.3369698283124674,0.058515817238754445,0.026007029883890864,338934.0
jp,古明地恋,16273,394812.0,0.04121708560023505,3.2618492787657085,True,2,1.75,4.3219453261120275,2.469683043492587,0.0355983760850195,0.020341929191439713,338934.0
jp,魂魄妖梦,14445,394812.0,0.036587033828759004,2.8123643697859446,True,2,1.75,0.5274150793710998,0.30138004535491414,0.010812577079903463,0.00617861547423055,338934.0
jp,十六夜咲夜,14437,394812.0,0.0365667710201311,2.810397258586909,True,3,2.25,2.52661196118762,1.12293864941672,0.025976296270070278,0.01154502056447568,338934.0
jp,蕾米莉亚·斯卡蕾特,13785,394812.0,0.034915352116956934,2.6500776958654617,True,1,1.0,4.838987852159049,4.838987852159049,0.03581818289106434,0.03581818289106434,338934.0
jp,古明地觉,9921,394812.0,0.02512841554967934,1.6999629867309942,True,1,1.0,1.3605273063563654,1.3605273063563654,0.013096945127960016,0.013096945127960016,338934.0
jp,藤原妹红,9377,394812.0,0.023750544562981875,1.566199425196535,True,1,1.0,3.3488643174748445,3.3488643174748445,0.026084724459629307,0.026084724459629307,338934.0
jp,琪露诺,8159,394812.0,0.020665531949383503,1.2667067451432792,True,2,1.75,1.2249365308521794,0.6999637319155311,0.015368773861577771,0.008782156492330155,338934.0
jp,西行寺幽幽子,7973,394812.0,0.02019442164878474,1.2209714097656883,True,4,2.5,1.7788497188810137,0.7115398875524055,0.022144429298919553,0.00885777171956782,338934.0
jp,爱丽丝·玛格特洛依德,7417,394812.0,0.018786156449145417,1.0842571814326751,True,4,2.5,0.05023414833344016,0.020093659333376063,0.010853145450146635,0.004341258180058654,338934.0
jp,射命丸文,7235,394812.0,0.018325177552860603,1.0395054016546024,True,5,2.75,-0.27056863014769,-0.09838859278097818,0.009810169531531212,0.003567334375102259,338934.0
jp,东风谷早苗,6762,394812.0,0.017127138992735783,0.923199952011589,True,2,1.75,0.7245775294740567,0.41404430255660385,0.012100438433441319,0.006914536247680754,338934.0
jp,铃仙·优昙华院·因幡,6491,394812.0,0.01644073635046554,0.8565640601442391,True,1,1.0,0.676669461096625,0.676669461096625,0.008629998760820691,0.008629998760820691,338934.0
jp,八云紫,5996,394812.0,0.015186975066613984,0.7348490547038764,True,3,2.25,1.636783721318604,0.7274594316971573,0.02016395522432096,0.008961757877475982,338934.0
jp,帕秋莉·诺蕾姬,5559,394812.0,0.014080119145314733,0.627395605456526,True,3,2.25,0.8046588102025166,0.3576261378677852,0.014728531218467313,0.006546013874874361,338934.0
jp,红美铃,5302,394812.0,0.01342917641814332,0.5642021581874892,True,2,1.75,2.964731415580849,1.6941322374747707,0.026733080776788404,0.015276046158164802,338934.0
jp,秦心,5235,394812.0,0.013259475395884623,0.5477276018955612,True,1,1.0,-0.2118037103868028,-0.2118037103868028,0.0028265089958517,0.0028265089958517,338934.0
jp,比那名居天子,5207,394812.0,0.01318855556568696,0.5408427126989347,True,2,1.75,-0.337231472999084,-0.19270369885661945,0.005164722335321921,0.002951269905898241,338934.0
jp,露米娅,5152,394812.0,0.01304924875637012,0.5273188232055611,True,1,1.0,0.47476427164411245,0.47476427164411245,0.007311157924551683,0.007311157924551683,338934.0
jp,洩矢诹访子,4914,394812.0,0.01244643019968998,0.46879726503423524,True,2,1.75,1.4862388845396033,0.849279362594059,0.01707559583871786,0.009757483336410206,338934.0
jp,多多良小伞,4806,394812.0,0.012172882283213277,0.44224126384724705,True,1,1.0,-0.24703548841207346,-0.24703548841207346,0.002596375695563148,0.002596375695563148,338934.0
jp,风见幽香,4288,394812.0,0.010860865424556498,0.3148708137096555,True,1,1.0,-0.3211125601575143,-0.3211125601575143,0.002112505679571834,0.002112505679571834,338934.0
jp,四季映姬·夜摩仙那度,4151,394812.0,0.010513864826803642,0.281184034426161,True,1,1.0,0.3532598064031149,0.3532598064031149,0.006517493081248857,0.006517493081248857,338934.0
jp,纯狐,3716,394812.0,0.009412074607661369,0.17422236297856974,True,2,1.75,1.5843684201292192,0.9053533829309824,0.017716576088560015,0.010123757764891437,338934.0
jp,伊吹萃香,3715,394812.0,0.00940954175658288,0.17397647407869019,True,3,2.25,0.8098532390139348,0.35993477289508213,0.014762461128125239,0.006561093834722328,338934.0
jp,犬走椛,3695,394812.0,0.00935888473501312,0.1690586960810997,True,1,1.0,0.28866821335678544,0.28866821335678544,0.0060955820307198455,0.0060955820307198455,338934.0
jp,八云蓝,3635,394812.0,0.00920691367030384,0.1543053620883285,True,2,1.75,-0.4626882210313779,-0.26439326916078737,0.004345241256409803,0.0024829950036627446,338934.0
jp,蓬莱山辉夜,3519,394812.0,0.008913102945199234,0.12578224970230414,True,3,2.25,1.0943046776218093,0.4863576344985819,0.01662049248526262,0.0073868855490056085,338934.0
jp,灵乌路空,3463,394812.0,0.008771263284803908,0.11201247130905109,True,1,1.0,0.2733107716534623,0.2733107716534623,0.005995267515209451,0.005995267515209451,338934.0
jp,依神紫苑,3372,394812.0,0.0085407738366615,0.0896365814200147,True,1,1.0,0.8320506359773059,0.8320506359773059,0.00964494562363174,0.00964494562363174,338934.0
jp,丰聪耳神子,3305,394812.0,0.008371072814402804,0.07316202512808674,True,1,1.0,0.029850151709604793,0.029850151709604793,0.004404987401677022,0.004404987401677022,338934.0
jp,鬼人正邪,3174,394812.0,0.008039269323120877,0.040950579243869537,True,6,3.0,-1.1877144206527122,-0.3959048068842374,0.004871892462839374,0.0016239641542797913,338934.0
jp,水桥帕露西,3144,394812.0,0.007963283790766239,0.033573912247484045,True,2,1.75,-0.5223112299972206,-0.29846355999841173,0.00395578490207533,0.002260448515471617,338934.0
jp,八意永琳,3100,394812.0,0.007851838343312767,0.022754800652785116,True,3,2.25,1.0694617572193748,0.47531633654194433,0.016458219004289922,0.0073147640019066325,338934.0
jp,赫卡提亚·拉碧斯拉祖利,3012,394812.0,0.007628947448405823,0.0011165774633872644,True,1,1.0,-0.03383806241299978,-0.03383806241299978,0.003988977205001564,0.003988977205001564,338934.0
jp,物部布都,2967,394812.0,0.007514969149873864,-0.009948423031191145,True,1,1.0,-0.4204842417672521,-0.4204842417672521,0.001463411755681047,0.001463411755681047,338934.0
jp,河城荷取,2849,394812.0,0.007216092722612281,-0.03896331321697458,True,1,1.0,0.032108599018917085,0.032108599018917085,0.004419739536310904,0.004419739536310904,338934.0
jp,饕餮尤魔,2803,394812.0,0.007099581573001834,-0.050274202611432464,True,2,1.75,-0.5830634626177194,-0.3331791214958396,0.0035589524804239174,0.00203368713167081,338934.0
jp,键山雏,2774,394812.0,0.007026128891725682,-0.05740498070793856,True,2,1.75,-0.15090956998082578,-0.0862340399890433,0.006381773442617147,0.0036467276814955126,338934.0
jp,稀神探女,2731,394812.0,0.006917216295350698,-0.06797820340275801,True,2,1.75,-0.7075039093608226,-0.40428794820618436,0.0027461098620970457,0.001569205635484026,338934.0
jp,摩多罗隐岐奈,2540,394812.0,0.006433441739359493,-0.11494298327974638,True,3,2.25,-0.22756453251863398,-0.101139792230504,0.007986068084051763,0.0035493635929118948,338934.0
jp,茨木华扇,2528,394812.0,0.006403047526417637,-0.11789365007830059,True,1,1.0,-0.5216626812244395,-0.5216626812244395,0.0008025161240831549,0.0008025161240831549,338934.0
jp,火焰猫燐,2278,394812.0,0.00576983475679564,-0.17936587504818072,True,2,1.75,-0.19675605035986393,-0.11243202877706511,0.006082305109549352,0.003475602919742487,338934.0
jp,圣白莲,2087,394812.0,0.005286060200804433,-0.22633065492516916,True,1,1.0,0.7656522850835265,0.7656522850835265,0.009211232865395623,0.009211232865395623,338934.0
jp,上白泽慧音,1926,394812.0,0.004878271177167867,-0.26591876780577195,True,2,1.75,-0.3365539388062904,-0.19231653646073738,0.005169147975712086,0.002953798843264049,338934.0
jp,橙,1924,394812.0,0.004873205475010891,-0.266410545605531,True,2,1.75,-0.39109544132618046,-0.22348310932924598,0.004812883924303847,0.002750219385316484,338934.0
jp,米斯蒂娅·萝蕾拉,1898,394812.0,0.004807351346970204,-0.2728036570023985,True,2,1.75,-0.4897895887431245,-0.27987976499607115,0.004168215640803224,0.0023818375090304137,338934.0
jp,封兽鵺,1883,394812.0,0.004769358580792884,-0.2764919905005913,True,1,1.0,-0.03067623617996273,-0.03067623617996273,0.0040096301934889975,0.0040096301934889975,338934.0
jp,娜兹玲,1776,394812.0,0.004498343515394669,-0.30280210278770003,True,2,1.75,-0.4499279937337639,-0.2571017107050079,0.004428590817091233,0.002530623324052133,338934.0
jp,饭纲丸龙,1680,394812.0,0.004255189811859822,-0.32640743717613396,True,1,1.0,-0.38389739535639406,-0.38389739535639406,0.0017023963367499278,0.0017023963367499278,338934.0
jp,小恶魔,1611,394812.0,0.004080423087444151,-0.34337377126782087,False,0,0.0,0.0,0.0,0.0,0.0,338934.0
jp,哆来咪·苏伊特,1602,394812.0,0.004057627427737759,-0.3455867713667366,True,1,1.0,-0.2474871778739359,-0.2474871778739359,0.0025934252686363717,0.0025934252686363717,338934.0
jp,天弓千亦,1590,394812.0,0.004027233214795903,-0.3485374381652908,True,1,1.0,0.13238365955237966,0.13238365955237966,0.005074734314055244,0.005074734314055244,338934.0
jp,克劳恩皮丝,1568,394812.0,0.003971510491069167,-0.35394699396264023,True,2,1.75,-0.35033046739309487,-0.20018883851033992,0.005079159954445409,0.002902377116825948,338934.0
jp,菅牧典,1553,394812.0,0.003933517724891847,-0.3576353274608331,True,2,1.75,-0.7239905747188019,-0.41370889983931536,0.0026384192792697106,0.0015076681595826917,338934.0
jp,霍青娥,1548,394812.0,0.003920853469499407,-0.35886477196023064,True,2,1.75,0.37451819653066243,0.2140103980175214,0.009813857565189684,0.005607918608679819,338934.0
jp,大妖精,1508,394812.0,0.0038195394263598878,-0.36870032795541147,True,1,1.0,-0.24297028325531145,-0.24297028325531145,0.002622929537904135,0.002622929537904135,338934.0
jp,赤蛮奇,1498,394812.0,0.003794210915575008,-0.3711592169542067,True,1,1.0,-0.4886893505084811,-0.4886893505084811,0.0010178972897378251,0.0010178972897378251,338934.0
jp,村纱水蜜,1464,394812.0,0.0037080939789064164,-0.3795194395501104,True,1,1.0,-0.44171364647478695,-0.44171364647478695,0.0013247416901225608,0.0013247416901225608,338934.0
jp,埴安神袿姬,1458,394812.0,0.003692896872435488,-0.3809947729493875,True,1,1.0,2.203831531653549,2.203831531653549,0.018605392200251376,0.018605392200251376,338934.0
jp,依神女苑,1423,394812.0,0.0036042470846884087,-0.3896008844451707,True,1,1.0,0.8320506359773059,0.8320506359773059,0.00964494562363174,0.00964494562363174,338934.0
jp,因幡天为（因幡帝）,1404,394812.0,0.003556122914197137,-0.3942727735428816,True,2,1.75,-0.6204407655868366,-0.35453758033533517,0.003314804652233178,0.0018941740869903873,338934.0
jp,吉吊八千慧,1385,394812.0,0.003507998743705865,-0.39894466264059253,True,1,1.0,-0.5334066072328632,-0.5334066072328632,0.0007258050239869709,0.0007258050239869709,338934.0
jp,莉格露·奈特巴格,1323,394812.0,0.0033509619768396096,-0.41418977443312277,True,1,1.0,-0.4521025040976231,-0.4521025040976231,0.0012568818708067057,0.0012568818708067057,338934.0
jp,二岩猯藏,1294,394812.0,0.003277509295563458,-0.4213205525296289,True,2,1.75,-0.866498599936403,-0.495142057106516,0.0017075595838717862,0.0009757483336410207,338934.0
jp,八坂神奈子,1287,394812.0,0.003259779338014042,-0.4230417748287855,True,1,1.0,-0.09391276084070486,-0.09391276084070486,0.0035965704237403153,0.0035965704237403153,338934.0
jp,永江衣玖,1273,394812.0,0.0032243194229152105,-0.4264842194270988,True,1,1.0,-0.5072086184448413,-0.5072086184448413,0.0008969297857399966,0.0008969297857399966,338934.0
jp,小野塚小町,1210,394812.0,0.003064749804970467,-0.4419752201195086,True,1,1.0,-0.36582981688189625,-0.36582981688189625,0.00182041341382098,0.00182041341382098,338934.0
jp,姬海棠果,1166,394812.0,0.0029533043575169955,-0.45279433171420747,True,1,1.0,0.07682585574329909,0.07682585574329909,0.004711831802061759,0.004711831802061759,338934.0
jp,莉莉霍瓦特（莉莉白）,1161,394812.0,0.0029406401021245553,-0.45402377621360507,False,0,0.0,0.0,0.0,0.0,0.0,338934.0
jp,星熊勇仪,1143,394812.0,0.0028950487827117716,-0.4584497764114364,True,2,1.75,-0.6897750979827216,-0.3941571988472695,0.0028619141189730156,0.001635379496556009,338934.0
jp,豫母都日狭美,1131,394812.0,0.0028646545697699156,-0.46140044320999074,True,1,1.0,-0.5293414020761011,-0.5293414020761011,0.0007523588663279577,0.0007523588663279577,338934.0
jp,宇佐见堇子,1116,394812.0,0.002826661803592596,-0.46508877670818355,True,5,2.75,-1.3885000482572396,-0.5049091084571781,0.0025078628877598587,0.000911950141003585,338934.0
jp,庭渡久侘歌,1089,394812.0,0.0027582748244734203,-0.4717277770049305,True,2,1.75,-0.986422152060882,-0.5636698011776469,0.0009242212348126774,0.0005281264198929585,338934.0
jp,今泉影狼,1082,394812.0,0.0027405448669240045,-0.4734489993040872,True,2,1.75,-0.938204302007066,-0.5361167440040376,0.0012391793092460478,0.000708102462426313,338934.0
jp,高丽野阿吽,1075,394812.0,0.0027228149093745883,-0.47517022160324385,True,1,1.0,-0.5731552798767582,-0.5731552798767582,0.0004661674544306561,0.0004661674544306561,338934.0
jp,苏我屠自古,1061,394812.0,0.0026873549942757567,-0.4786126662015571,True,1,1.0,-0.4819140085805445,-0.4819140085805445,0.0010621536936394696,0.0010621536936394696,338934.0
jp,日白残无,1013,394812.0,0.002565778142508333,-0.4904153333957741,True,1,1.0,-0.2208374996240517,-0.2208374996240517,0.0027675004573161736,0.0027675004573161736,338934.0
jp,少名针妙丸,962,394812.0,0.0024366027375054456,-0.5029556672896296,True,1,1.0,0.5614886483217018,0.5614886483217018,0.007877639894492734,0.007877639894492734,338934.0
jp,露娜萨·普莉兹姆利巴,874,394812.0,0.0022137118425985024,-0.5245938904790275,True,1,1.0,1.3252955283310948,1.3252955283310948,0.012866811827671465,0.012866811827671465,338934.0
jp,蕾蒂·霍瓦特洛克,844,394812.0,0.002137726310243863,-0.5319705574754131,True,1,1.0,-0.4362933729324376,-0.4362933729324376,0.0013601468132438763,0.0013601468132438763,338934.0
jp,宫古芳香,825,394812.0,0.0020896021397525913,-0.5366424465731239,True,1,1.0,-0.5446988437794241,-0.5446988437794241,0.0006520443508175633,0.0006520443508175633,338934.0
jp,梅蒂欣·梅兰可莉,823,394812.0,0.0020845364375956152,-0.537134224372883,True,1,1.0,-0.5487640489361861,-0.5487640489361861,0.0006254905084765765,0.0006254905084765765,338934.0
jp,堀川雷鼓,787,394812.0,0.0019933537987700477,-0.5459862247685457,True,1,1.0,-0.1892192372936806,-0.1892192372936806,0.002974030342190515,0.002974030342190515,338934.0
jp,天火人血枪,784,394812.0,0.0019857552455345836,-0.5467238914681843,True,1,1.0,-0.550570806783636,-0.550570806783636,0.0006136888007694714,0.0006136888007694714,338934.0
jp,姬虫百百世,779,394812.0,0.0019730909901421434,-0.547953335967582,True,1,1.0,-0.3473105489455361,-0.3473105489455361,0.0019413809178188083,0.0019413809178188083,338934.0
jp,秋穰子,765,394812.0,0.0019376310750433118,-0.5513957805658952,True,1,1.0,-0.13546819133204976,-0.13546819133204976,0.003325131146476895,0.003325131146476895,338934.0
jp,骊驹早鬼,754,394812.0,0.0019097697131799439,-0.55410055846457,True,1,1.0,-0.43358323616126293,-0.43358323616126293,0.0013778493748045342,0.0013778493748045342,338934.0
jp,秋静叶,749,394812.0,0.001897105457787504,-0.5553300029639675,True,1,1.0,-0.5031434132880793,-0.5031434132880793,0.0009234836280809833,0.0009234836280809833,338934.0
jp,露娜切露德,705,394812.0,0.0017856600103340324,-0.5661491145586663,True,5,2.75,-1.5109078924219617,-0.5494210517898043,0.0017082971906034804,0.0006211989784012656,338934.0
jp,若鹭姬,701,394812.0,0.0017755286060200804,-0.5671326701581845,True,1,1.0,-0.5668316274106839,-0.5668316274106839,0.0005074734314055244,0.0005074734314055244,338934.0
jp,寅丸星,691,394812.0,0.0017502000952352005,-0.5695915591569798,True,1,1.0,-0.5085636868304287,-0.5085636868304287,0.0008880785049596677,0.0008880785049596677,338934.0
jp,斯塔萨菲雅,630,394812.0,0.0015956961794474332,-0.5845907820496304,True,5,2.75,-1.5153118646751205,-0.5510224962454984,0.0016795305280674115,0.0006107383738426951,338934.0
jp,清兰,599,394812.0,0.0015171777960143054,-0.5922133379458956,True,2,1.75,-0.8478664096345773,-0.4844950912197584,0.001829264694601309,0.001045294111200748,338934.0
jp,黑谷山女,590,394812.0,0.0014943821363079136,-0.5944263380448113,True,1,1.0,-0.5817373796521446,-0.5817373796521446,0.0004101093428219063,0.0004101093428219063,338934.0
jp,杖刀偶磨弓,585,394812.0,0.0014817178809154736,-0.5956557825442089,True,1,1.0,-0.47559035611447026,-0.47559035611447026,0.001103459670614338,0.001103459670614338,338934.0
jp,孙美天,582,394812.0,0.0014741193276800097,-0.5963934492438474,True,1,1.0,-0.34595548055994874,-0.34595548055994874,0.0019502321985991372,0.0019502321985991372,338934.0
jp,三头慧之子,570,394812.0,0.001443725114738154,-0.5993441160424017,True,1,1.0,-0.6002566475885048,-0.6002566475885048,0.0002891418388240778,0.0002891418388240778,338934.0
jp,幽谷响子,561,394812.0,0.0014209294550317619,-0.6015571161413173,True,1,1.0,-0.6237444996053518,-0.6237444996053518,0.00013571963863171,0.00013571963863171,338934.0
jp,桑尼米尔克,555,394812.0,0.001405732348560834,-0.6030324495405945,True,6,3.0,-1.6491152059451988,-0.5497050686483996,0.0018580313571373778,0.0006193437857124592,338934.0
jp,丁礼田舞,524,394812.0,0.0013272139651277063,-0.6106550054368596,True,3,2.25,-0.878449047062416,-0.39042179869440713,0.0037345028825671077,0.0016597790589187146,338934.0
jp,梅露兰·普莉兹姆利巴,513,394812.0,0.0012993526032643384,-0.6133597833355343,True,1,1.0,1.3252955283310948,1.3252955283310948,0.012866811827671465,0.012866811827671465,338934.0
jp,爱塔妮缇拉尔瓦,451,394812.0,0.001142315836398083,-0.6286048951280646,True,1,1.0,-0.583092448037732,-0.583092448037732,0.00040125806204157743,0.00040125806204157743,338934.0
jp,云居一轮,429,394812.0,0.0010865931126713474,-0.6340144509254141,True,1,1.0,-0.5767687955716577,-0.5767687955716577,0.0004425640390164457,0.0004425640390164457,338934.0
jp,豪德寺三花,426,394812.0,0.0010789945594358835,-0.6347521176250526,True,1,1.0,-0.5094670657541536,-0.5094670657541536,0.000882177651106115,0.000882177651106115,338934.0
jp,莉莉卡·普莉兹姆利巴,423,394812.0,0.0010713960062004194,-0.6354897843246913,True,1,1.0,1.3252955283310948,1.3252955283310948,0.012866811827671465,0.012866811827671465,338934.0
jp,九十九弁弁,416,394812.0,0.0010536660486510036,-0.6372110066238479,True,1,1.0,-0.33195310724221294,-0.33195310724221294,0.002041695433329203,0.002041695433329203,338934.0
jp,尔子田里乃,383,394812.0,0.0009700819630608998,-0.6453253403198721,True,3,2.25,-0.878449047062416,-0.39042179869440713,0.0037345028825671077,0.0016597790589187146,338934.0
jp,铃瑚,333,394812.0,0.0008434394091365004,-0.657619785313848,True,1,1.0,-0.5230177496100269,-0.5230177496100269,0.0007936648433028259,0.0007936648433028259,338934.0
jp,矢田寺成美,282,394812.0,0.000714264004133613,-0.6701601192077036,True,1,1.0,-0.6151623998299655,-0.6151623998299655,0.0001917777502404598,0.0001917777502404598,338934.0
jp,九十九八桥,272,394812.0,0.0006889354933487331,-0.6726190082064988,True,1,1.0,-0.33195310724221294,-0.33195310724221294,0.002041695433329203,0.002041695433329203,338934.0
jp,山城高岭,264,394812.0,0.0006686726847208291,-0.6745861194055349,True,1,1.0,-0.590319479427531,-0.590319479427531,0.00035405123121315656,0.00035405123121315656,338934.0
jp,琪斯美,242,394812.0,0.0006129499609940934,-0.6799956752028844,True,1,1.0,-0.5483123594743238,-0.5483123594743238,0.0006284409354033528,0.0006284409354033528,338934.0
jp,戎璎花,235,394812.0,0.0005952200034446774,-0.681716897502041,True,1,1.0,-0.5812856901902822,-0.5812856901902822,0.0004130597697486826,0.0004130597697486826,338934.0
jp,驹草山如,227,394812.0,0.0005749571948167736,-0.6836840087010772,True,2,1.75,-0.959094939618204,-0.5480542512104023,0.001102722063882644,0.0006301268936472251,338934.0
jp,玉造魅须丸,206,394812.0,0.0005217673221685258,-0.6888476755985472,True,1,1.0,-0.5880610321182188,-0.5880610321182188,0.00036880336584703806,0.00036880336584703806,338934.0
jp,牛崎润美,178,394812.0,0.0004508474919708621,-0.6957325647951736,True,1,1.0,-0.6336816677663257,-0.6336816677663257,7.081024624263131e-05,7.081024624263131e-05,338934.0
jp,坂田合欢,175,394812.0,0.0004432489387353981,-0.6964702314948124,True,1,1.0,-0.6318749099188758,-0.6318749099188758,8.261195394973653e-05,8.261195394973653e-05,338934.0
jp,云山,138,394812.0,0.0003495334488313425,-0.7055681207903545,False,0,0.0,0.0,0.0,0.0,0.0,338934.0
jp,蕾拉·普莉兹姆利巴,131,394812.0,0.0003318034912819266,-0.7072893430895112,False,0,0.0,0.0,0.0,0.0,0.0,338934.0
