id,index,name,1st,2nd,3rd,total,sum,v3,v2,p1st,p2nd,p3rd,v3s,v3p1,v3p2,v3p3,v2s,v2p1,v2p2,v2p3,v3i,v2i
9,1,东方永夜抄,923,573,319,4234,1815,6393,5731,923,573,319,2837,1352,852,633,2547,1190,804,553,1,1
12,2,东方风神录,453,376,289,2400,1118,3286,3018,453,376,289,1583,582,539,462,1434,545,494,395,5,4
7,3,东方妖妖梦,425,342,216,2175,983,3389,2999,425,342,216,1578,637,537,404,1393,580,446,367,4,5
6,4,东方红魔乡,434,297,155,2051,886,4272,3760,434,297,155,1861,926,559,376,1668,800,492,376,2,2
16,5,东方非想天则,358,235,228,1772,821,3435,3085,358,235,228,1589,646,554,389,1421,586,492,343,3,3
14,6,东方地灵殿,316,254,191,1647,761,2270,2133,316,254,191,1131,376,387,368,1058,367,341,350,6,6
24,7,东方绀珠传,223,251,286,1457,760,-,-,223,251,286,-,-,-,-,-,-,-,-,-,-
21,8,东方辉针城,229,222,179,1310,630,1418,1492,229,222,179,767,190,271,306,823,199,271,353,9,8
19,9,东方神灵庙,160,141,120,882,421,953,977,160,141,120,487,152,162,173,493,150,184,159,12,10
23,10,东方深秘录,132,155,155,861,442,-,-,132,155,155,-,-,-,-,-,-,-,-,-,-
20,11,东方心绮楼,122,155,146,822,423,1949,1804,122,155,146,1019,287,356,376,958,254,338,366,7,7
13,12,东方绯想天,134,127,97,753,358,1523,1355,134,127,97,768,229,297,242,668,212,263,193,8,9
22,13,弹幕天邪鬼,103,148,134,739,385,1368,-,103,148,134,756,173,266,317,-,-,-,-,10,-
15,14,东方星莲船,98,133,113,673,344,762,729,98,133,113,401,109,143,149,397,92,148,157,14,12
47,15,东方铃奈庵（书籍）,81,116,126,601,323,786,393,81,116,126,452,87,160,205,231,44,74,113,13,18
48,16,东方求闻史纪（书籍）,64,65,111,433,240,1046,887,64,65,111,584,140,182,262,485,121,160,204,11,11
10,17,东方花映塚,77,69,62,431,208,622,605,77,69,62,340,90,102,148,331,67,140,124,16,13
46,18,东方茨歌仙（书籍）,58,77,87,415,222,613,446,58,77,87,335,83,112,140,250,57,82,111,17,17
43,19,东方香霖堂（书籍）,55,48,65,326,168,667,525,55,48,65,358,106,97,155,300,66,93,141,15,15
45,20,东方儚月抄（书籍）,43,44,71,288,158,584,533,43,44,71,327,77,103,147,307,60,106,141,18,14
25,21,蓬莱人形（专辑）,41,45,66,279,152,-,-,41,45,66,-,-,-,-,-,-,-,-,-,-
44,22,东方三月精（书籍）,29,42,46,217,117,312,351,29,42,46,182,35,60,87,198,48,57,93,22,20
49,23,东方求闻口授（书籍）,10,39,64,172,113,501,502,10,39,64,306,41,113,152,291,52,107,132,19,16
29,24,大空魔术（专辑）,23,34,23,160,80,-,-,23,34,23,-,-,-,-,-,-,-,-,-,-
8,25,东方萃梦想,18,38,27,157,83,476,384,18,38,27,247,60,109,78,199,57,71,71,20,19
17,26,东方文花帖DS,22,25,29,145,76,287,315,22,25,29,159,36,56,67,180,35,65,80,23,21
18,27,妖精大战争,21,22,31,138,74,236,242,21,22,31,134,26,50,58,151,20,51,80,24,23
27,28,梦违科学世纪（专辑）,13,32,29,132,74,-,-,13,32,29,-,-,-,-,-,-,-,-,-,-
28,29,卯酉东海道（专辑）,18,19,38,130,75,-,-,18,19,38,-,-,-,-,-,-,-,-,-,-
3,30,东方梦时空,24,19,18,128,61,137,90,24,19,18,71,20,26,25,45,15,15,15,27,28
11,31,东方文花帖,15,27,25,124,67,202,222,15,27,25,116,18,50,48,120,28,46,46,25,24
26,32,莲台野夜行（专辑）,11,17,36,103,64,-,-,11,17,36,-,-,-,-,-,-,-,-,-,-
4,33,东方幻想乡,18,15,15,99,48,455,294,18,15,15,196,102,55,39,132,63,36,33,21,22
5,34,东方怪绮谈,14,19,17,97,50,151,126,14,19,17,84,18,31,35,65,21,19,25,26,25
50,35,The Grimoire of Marisa（书籍）,11,10,19,72,40,106,109,11,10,19,67,11,17,39,72,13,11,48,28,26
32,36,伊奘诺物质（专辑）,9,13,18,71,40,-,-,9,13,18,-,-,-,-,-,-,-,-,-,-
39,37,全人类的天乐录（专辑）,8,14,10,62,32,-,-,8,14,10,-,-,-,-,-,-,-,-,-,-
30,38,未知之花 魅知之旅（专辑）,5,16,9,56,30,-,-,5,16,9,-,-,-,-,-,-,-,-,-,-
31,39,鸟船遗迹（专辑）,2,14,21,55,37,-,-,2,14,21,-,-,-,-,-,-,-,-,-,-
40,40,核热造神非想天则（专辑）,5,7,10,39,22,-,-,5,7,10,-,-,-,-,-,-,-,-,-,-
41,41,暗黑能乐集心绮楼‎（专辑）,3,7,14,37,24,-,-,3,7,14,-,-,-,-,-,-,-,-,-,-
51,42,东方文花帖（书籍）,2,5,11,27,18,88,102,2,5,11,53,7,21,25,60,10,22,28,30,27
1,42,东方灵异传,4,5,5,27,14,96,83,4,5,5,44,20,12,12,37,18,10,9,29,29
53,44,东方外来韦编（书籍）,1,4,12,23,17,-,-,1,4,12,-,-,-,-,-,-,-,-,-,-
38,45,幻想曲拔萃（专辑）,2,4,8,22,14,-,-,2,4,8,-,-,-,-,-,-,-,-,-,-
42,45,深秘乐曲集‎（专辑）,5,2,3,22,10,-,-,5,2,3,-,-,-,-,-,-,-,-,-,-
2,45,东方封魔录,4,4,2,22,10,55,43,4,4,2,33,7,8,18,24,6,7,11,32,31
52,48,东方紫香花（书籍）,1,3,7,16,11,59,55,1,3,7,35,5,14,16,32,7,9,16,31,30
37,49,幺乐团的历史 vol.5（专辑）,0,3,1,7,4,-,-,0,3,1,-,-,-,-,-,-,-,-,-,-
36,49,幺乐团的历史 vol.4（专辑）,1,1,2,7,4,-,-,1,1,2,-,-,-,-,-,-,-,-,-,-
34,51,幺乐团的历史 vol.2（专辑）,0,2,0,4,2,-,-,0,2,0,-,-,-,-,-,-,-,-,-,-
35,52,幺乐团的历史 vol.3（专辑）,0,1,0,2,1,-,-,0,1,0,-,-,-,-,-,-,-,-,-,-
33,52,幺乐团的历史 vol.1（专辑）,0,1,0,2,1,-,-,0,1,0,-,-,-,-,-,-,-,-,-,-
