id,index,first,c1,c2,c3,total,ratio,g1,g2,g3,c1ratio,c2ratio,c3ratio,c1name,c2name,c3name,g0,g1ratio,g2ratio,g3ratio,g0ratio
2,1,446,1,2,0,1190,37.48,305,239,0,782,611,0,博丽灵梦,雾雨魔理沙,-,646,25.629999999999995,20.080000000000002,0,54.290000000000006
5,2,243,21,23,0,726,33.47,60,248,0,433,387,0,西行寺幽幽子,八云紫,-,418,8.260000000000002,34.160000000000004,0,57.58
22,3,208,33,34,0,719,28.93,206,171,0,310,310,0,蓬莱山辉夜,藤原妹红,-,342,28.65,23.78,0,47.57
27,4,170,29,34,0,648,26.23,120,189,0,219,289,0,上白泽慧音,藤原妹红,-,339,18.52,29.17,0,52.31
21,5,227,2,15,0,644,35.25,316,86,0,300,316,0,雾雨魔理沙,爱丽丝·玛格特洛依德,-,242,49.07,13.350000000000001,0,37.580000000000005
9,6,161,9,10,0,569,28.3,177,138,0,334,281,0,十六夜咲夜,蕾米莉亚·斯卡蕾特,-,254,31.11,24.25,0,44.64
35,7,176,134,135,0,543,32.41,174,56,0,249,173,0,宇佐见莲子,玛艾露贝莉·赫恩,-,313,32.04,10.31,0,57.64
7,8,125,10,11,0,488,25.61,97,156,0,263,283,0,蕾米莉亚·斯卡蕾特,芙兰朵露·斯卡蕾特,-,235,19.88,31.97,0,48.16
34,9,109,54,57,0,455,23.96,47,172,0,300,292,0,古明地觉,古明地恋,-,236,10.33,37.8,0,51.870000000000005
23,10,110,6,9,0,449,24.5,185,64,0,178,198,0,红美铃,十六夜咲夜,-,200,41.199999999999996,14.249999999999998,0,44.54
74,11,134,57,77,0,446,30.04,248,9,0,290,245,0,古明地恋,秦心,-,189,55.61000000000001,2.02,0,42.38
25,12,121,1,23,0,427,28.34,32,206,0,281,256,0,博丽灵梦,八云紫,-,189,7.489999999999999,48.24,0,44.26
1,13,92,20,21,0,380,24.21,16,238,0,205,213,0,魂魄妖梦,西行寺幽幽子,-,126,4.21,62.629999999999995,0,33.160000000000004
8,14,71,2,8,15,333,21.32,185,5,14,158,98,114,雾雨魔理沙,帕秋莉·诺蕾姬,爱丽丝·玛格特洛依德,129,55.559999999999995,1.5,4.2,38.74
6,15,51,84,85,0,293,17.41,115,52,0,155,110,0,鬼人正邪,少名针妙丸,-,126,39.25,17.75,0,43
77,16,44,4,5,0,277,15.88,50,69,0,39,133,0,大妖精,琪露诺,-,158,18.05,24.91,0,57.04
70,17,61,8,15,0,222,27.48,37,34,0,106,93,0,帕秋莉·诺蕾姬,爱丽丝·玛格特洛依德,-,151,16.669999999999998,15.32,0,68.02
26,18,57,1,45,0,197,28.93,66,25,0,114,150,0,博丽灵梦,东风谷早苗,-,106,33.5,12.690000000000001,0,53.81
46,19,29,52,53,0,183,15.85,14,113,0,73,29,0,水桥帕露西,星熊勇仪,-,56,7.6499999999999995,61.75000000000001,0,30.599999999999998
99,20,33,38,39,0,174,18.97,66,35,0,38,100,0,小野塚小町,四季映姬·亚玛萨那度,-,73,37.93,20.11,0,41.949999999999996
3,21,34,45,46,47,170,20,11,18,11,65,29,45,东风谷早苗,八坂神奈子,洩矢诹访子,130,6.47,10.59,6.47,76.47
71,22,59,1,2,15,161,36.65,22,41,15,108,76,63,博丽灵梦,雾雨魔理沙,爱丽丝·玛格特洛依德,83,13.66,25.47,9.32,51.55
15,23,34,32,33,0,159,21.38,40,24,0,80,65,0,八意永琳,蓬莱山辉夜,-,95,25.16,15.09,0,59.75
106,24,36,29,33,34,149,24.16,8,15,55,28,33,74,上白泽慧音,蓬莱山辉夜,藤原妹红,71,5.37,10.07,36.91,47.65
69,25,20,99,100,0,143,13.99,28,31,0,73,47,0,纯狐,赫卡提亚·拉碧斯拉祖利,-,84,19.580000000000002,21.68,0,58.74
115,26,40,9,10,11,124,32.26,28,42,11,54,67,64,十六夜咲夜,蕾米莉亚·斯卡蕾特,芙兰朵露·斯卡蕾特,43,22.58,33.87,8.870000000000001,34.68
86,27,28,20,31,0,121,23.14,17,12,0,57,60,0,魂魄妖梦,铃仙·优昙华院·因幡,-,92,14.05,9.92,0,76.03
60,28,19,64,75,0,115,16.52,36,17,0,43,55,0,圣白莲,丰聪耳神子,-,62,31.3,14.78,0,53.910000000000004
117,29,12,136,146,0,113,10.62,12,13,0,46,42,0,稗田阿求,本居小铃,-,88,10.620000000000001,11.5,0,77.88000000000001
195,30,24,55,56,0,108,22.22,29,23,0,52,53,0,火焰猫燐,灵乌路空,-,56,26.85,21.3,0,51.849999999999994
16,31,29,2,137,0,107,27.1,36,17,0,44,37,0,雾雨魔理沙,森近霖之助,-,54,33.64,15.89,0,50.470000000000006
72,32,23,1,26,0,106,21.7,21,18,0,65,74,0,博丽灵梦,伊吹萃香,-,67,19.81,16.98,0,63.21
80,33,23,35,44,0,104,22.12,66,4,0,63,43,0,射命丸文,犬走椛,-,34,63.46000000000001,3.85,0,32.690000000000005
185,34,20,14,22,23,103,19.42,6,3,29,11,33,42,橙,八云蓝,八云紫,65,5.83,2.91,28.16,63.11
36,34,16,84,97,0,103,15.53,13,22,0,57,48,0,鬼人正邪,稀神探女,-,68,12.620000000000001,21.36,0,66.02
59,36,23,48,49,0,96,23.96,30,17,0,27,53,0,永江衣玖,比那名居天子,-,49,31.25,17.71,0,51.04
24,37,27,1,15,0,92,29.35,34,14,0,67,53,0,博丽灵梦,爱丽丝·玛格特洛依德,-,44,36.96,15.22,0,47.83
39,37,13,35,69,0,92,14.13,49,1,0,51,30,0,射命丸文,姬海棠果,-,42,53.26,1.09,0,45.65
177,39,26,8,10,0,91,28.57,14,21,0,59,44,0,帕秋莉·诺蕾姬,蕾米莉亚·斯卡蕾特,-,56,15.379999999999999,23.080000000000002,0,61.53999999999999
14,40,8,46,47,0,88,9.09,27,24,0,22,28,0,八坂神奈子,洩矢诹访子,-,37,30.680000000000003,27.27,0,42.05
33,41,24,74,75,0,87,27.59,5,48,0,57,46,0,物部布都,丰聪耳神子,-,34,5.75,55.169999999999995,0,39.08
149,42,20,73,74,75,85,23.53,0,3,36,18,34,35,苏我屠自古,物部布都,丰聪耳神子,46,0,3.53,42.35,54.120000000000005
38,43,23,11,57,0,84,27.38,5,20,0,55,57,0,芙兰朵露·斯卡蕾特,古明地恋,-,59,5.949999999999999,23.810000000000002,0,70.24000000000001
12,43,15,2,8,0,84,17.86,51,9,0,32,37,0,雾雨魔理沙,帕秋莉·诺蕾姬,-,24,60.709999999999994,10.71,0,28.57
58,45,11,3,4,5,82,13.41,4,6,36,18,5,38,露米娅,大妖精,琪露诺,36,4.88,7.32,43.9,43.9
171,46,10,6,11,0,79,12.66,18,18,0,36,29,0,红美铃,芙兰朵露·斯卡蕾特,-,43,22.78,22.78,0,54.43
41,46,10,30,31,0,79,12.66,38,3,0,23,37,0,因幡帝,铃仙·优昙华院·因幡,-,38,48.1,3.8,0,48.1
129,48,11,96,97,0,69,15.94,30,12,0,28,40,0,哆来咪·苏伊特,稀神探女,-,27,43.480000000000004,17.39,0,39.129999999999995
137,49,11,73,74,0,66,16.67,10,23,0,25,27,0,苏我屠自古,物部布都,-,33,15.15,34.849999999999994,0,50
178,50,13,42,43,0,62,20.97,6,23,0,38,17,0,键山雏,河城荷取,-,33,9.68,37.1,0,53.23
73,50,11,1,2,9,62,17.74,16,1,3,40,30,33,博丽灵梦,雾雨魔理沙,十六夜咲夜,42,25.81,1.6099999999999999,4.84,67.74
191,52,6,71,72,0,60,10,2,34,0,15,24,0,宫古芳香,霍青娥,-,24,3.3300000000000005,56.67,0,40
37,53,13,10,54,0,58,22.41,15,8,0,37,49,0,蕾米莉亚·斯卡蕾特,古明地觉,-,35,25.86,13.79,0,60.34
97,53,12,37,49,0,58,20.69,34,9,0,18,34,0,风见幽香,比那名居天子,-,15,58.620000000000005,15.52,0,25.86
10,55,14,11,57,65,54,25.93,3,2,3,29,38,22,芙兰朵露·斯卡蕾特,古明地恋,封兽鵺,46,5.56,3.6999999999999997,5.56,85.19
45,55,5,35,44,69,54,9.26,27,2,0,33,14,7,射命丸文,犬走椛,姬海棠果,25,50,3.6999999999999997,0,46.300000000000004
166,57,14,1,10,0,53,26.42,19,10,0,41,27,0,博丽灵梦,蕾米莉亚·斯卡蕾特,-,24,35.85,18.87,0,45.28
222,58,7,1,3,0,51,13.73,6,10,0,31,25,0,博丽灵梦,露米娅,-,35,11.76,19.61,0,68.63
148,59,12,62,65,0,49,24.49,20,7,0,31,27,0,村纱水蜜,封兽鵺,-,22,40.82,14.29,0,44.9
104,59,12,7,8,0,49,24.49,11,12,0,21,31,0,小恶魔,帕秋莉·诺蕾姬,-,26,22.45,24.490000000000002,0,53.059999999999995
225,61,16,15,37,0,48,33.33,2,29,0,30,36,0,爱丽丝·玛格特洛依德,风见幽香,-,17,4.17,60.419999999999995,0,35.42
119,61,9,58,63,0,48,18.75,18,14,0,18,15,0,娜兹玲,寅丸星,-,16,37.5,29.17,0,33.33
237,63,15,6,9,10,47,31.91,3,13,4,10,25,15,红美铃,十六夜咲夜,蕾米莉亚·斯卡蕾特,27,6.38,27.66,8.51,57.45
165,64,16,1,35,0,45,35.56,4,16,0,25,36,0,博丽灵梦,射命丸文,-,25,8.89,35.56,0,55.559999999999995
19,64,10,20,21,23,45,22.22,4,15,11,14,29,13,魂魄妖梦,西行寺幽幽子,八云紫,15,8.89,33.33,24.44,33.33
53,64,10,65,84,0,45,22.22,9,13,0,24,26,0,封兽鵺,鬼人正邪,-,23,20,28.89,0,51.11
111,64,7,64,75,77,45,15.56,4,5,4,11,14,18,圣白莲,丰聪耳神子,秦心,32,8.89,11.110000000000001,8.89,71.11
89,64,7,17,18,19,45,15.56,4,1,4,9,5,6,露娜萨·普莉兹姆利巴,梅露兰·普莉兹姆利巴,莉莉卡·普莉兹姆利巴,36,8.89,2.22,8.89,80
83,69,14,23,37,0,44,31.82,11,9,0,31,33,0,八云紫,风见幽香,-,24,25,20.45,0,54.55
40,70,18,54,57,77,42,42.86,0,23,0,29,24,25,古明地觉,古明地恋,秦心,19,0,54.76,0,45.24
11,70,14,1,2,45,42,33.33,8,7,4,31,17,24,博丽灵梦,雾雨魔理沙,东风谷早苗,23,19.05,16.669999999999998,9.520000000000001,54.76
78,70,8,22,23,0,42,19.05,5,22,0,17,28,0,八云蓝,八云紫,-,15,11.899999999999999,52.38,0,35.709999999999994
252,73,5,40,41,0,41,12.2,1,5,0,8,11,0,秋静叶,秋穰子,-,35,2.44,12.2,0,85.37
161,74,9,35,136,0,39,23.08,15,3,0,30,20,0,射命丸文,稗田阿求,-,21,38.46,7.6899999999999995,0,53.849999999999994
79,74,5,31,32,0,39,12.82,5,19,0,25,16,0,铃仙·优昙华院·因幡,八意永琳,-,15,12.82,48.72,0,38.46
216,76,13,1,2,23,38,34.21,16,2,7,24,12,20,博丽灵梦,雾雨魔理沙,八云紫,13,42.11,5.26,18.42,34.21
116,76,5,139,140,141,38,13.16,6,0,1,10,13,14,桑尼米尔克,露娜切尔德,斯塔萨菲雅,31,15.790000000000001,0,2.63,81.58
81,78,11,45,59,0,36,30.56,17,1,0,18,21,0,东风谷早苗,多多良小伞,-,18,47.22,2.78,0,50
154,78,7,36,37,0,36,19.44,4,14,0,13,18,0,梅蒂欣·梅兰可莉,风见幽香,-,18,11.110000000000001,38.89,0,50
28,78,5,2,11,0,36,13.89,15,6,0,26,23,0,雾雨魔理沙,芙兰朵露·斯卡蕾特,-,15,41.67,16.669999999999998,0,41.67
93,81,4,34,87,0,35,11.43,10,4,0,12,16,0,藤原妹红,宇佐见堇子,-,21,28.57,11.43,0,60
63,81,3,79,80,81,35,8.57,0,2,1,2,12,4,若鹭姬,赤蛮奇,今泉影狼,32,0,5.71,2.86,91.43
299,83,15,1,21,23,34,44.12,5,1,16,25,15,25,博丽灵梦,西行寺幽幽子,八云紫,12,14.71,2.94,47.06,35.29
13,83,10,23,32,0,34,29.41,9,5,0,21,24,0,八云紫,八意永琳,-,20,26.47,14.71,0,58.81999999999999
192,85,7,98,99,100,32,21.88,0,6,3,16,13,14,克劳恩皮丝,纯狐,赫卡提亚·拉碧斯拉祖利,23,0,18.75,9.379999999999999,71.88
43,85,7,27,37,0,32,21.88,5,14,0,10,19,0,莉格露·奈特巴格,风见幽香,-,13,15.629999999999999,43.75,0,40.63
123,85,1,14,22,0,32,3.13,4,13,0,10,5,0,橙,八云蓝,-,15,12.5,40.63,0,46.88
153,88,7,75,77,0,31,22.58,21,1,0,16,17,0,丰聪耳神子,秦心,-,9,67.74,3.2300000000000004,0,29.03
113,88,7,15,133,0,31,22.58,1,13,0,20,21,0,爱丽丝·玛格特洛依德,神绮,-,17,3.2300000000000004,41.94,0,54.84
234,88,6,28,70,0,31,19.35,2,3,0,10,9,0,米斯蒂娅·萝蕾拉,幽谷响子,-,26,6.45,9.68,0,83.87
66,88,5,82,83,86,31,16.13,1,0,14,9,3,15,九十九弁弁,九十九八桥,堀川雷鼓,16,3.2300000000000004,0,45.16,51.61
144,88,1,5,13,0,31,3.23,4,9,0,12,6,0,琪露诺,蕾蒂·霍瓦特洛克,-,18,12.9,29.03,0,58.06
61,93,5,117,118,0,29,17.24,7,12,0,4,19,0,北白河千百合,冈崎梦美,-,10,24.14,41.38,0,34.48
29,93,4,32,33,34,29,13.79,1,6,4,9,17,10,八意永琳,蓬莱山辉夜,藤原妹红,18,3.45,20.69,13.79,62.07
212,95,11,59,65,0,28,39.29,9,6,0,16,14,0,多多良小伞,封兽鵺,-,13,32.14,21.43,0,46.43
44,96,4,26,53,145,25,16,3,0,1,14,3,9,伊吹萃香,星熊勇仪,茨木华扇,21,12,0,4,84
85,97,10,87,134,135,24,41.67,2,6,1,10,12,9,宇佐见堇子,宇佐见莲子,玛艾露贝莉·赫恩,15,8.33,25,4.17,62.5
126,97,5,9,15,0,24,20.83,13,1,0,18,12,0,十六夜咲夜,爱丽丝·玛格特洛依德,-,10,54.169999999999995,4.17,0,41.67
136,97,4,72,75,0,24,16.67,12,4,0,11,15,0,霍青娥,丰聪耳神子,-,8,50,16.669999999999998,0,33.33
91,100,5,65,76,0,23,21.74,3,6,0,9,9,0,封兽鵺,二岩猯藏,-,14,13.04,26.090000000000003,0,60.870000000000005
175,101,1,79,81,0,22,4.55,4,4,0,6,9,0,若鹭姬,今泉影狼,-,14,18.18,18.18,0,63.63999999999999
211,102,0,26,53,0,21,0,1,6,0,9,8,0,伊吹萃香,星熊勇仪,-,14,4.760000000000001,28.57,0,66.67
194,103,6,54,55,56,20,30,9,2,0,12,6,7,古明地觉,火焰猫燐,灵乌路空,9,45,10,0,45
296,103,4,2,9,0,20,20,1,8,0,15,13,0,雾雨魔理沙,十六夜咲夜,-,11,5,40,0,55.00000000000001
288,103,1,82,83,0,20,5,3,1,0,8,3,0,九十九弁弁,九十九八桥,-,16,15,5,0,80
57,106,5,31,32,33,19,26.32,0,10,3,6,7,11,铃仙·优昙华院·因幡,八意永琳,蓬莱山辉夜,6,0,52.629999999999995,15.790000000000001,31.580000000000002
143,106,3,24,60,137,19,15.79,0,1,1,1,0,0,魂魄妖忌,云山,森近霖之助,17,0,5.26,5.26,89.47
142,108,3,76,146,0,18,16.67,12,1,0,10,7,0,二岩猯藏,本居小铃,-,5,66.67,5.56,0,27.779999999999998
110,109,9,1,2,137,17,52.94,1,3,3,8,7,11,博丽灵梦,雾雨魔理沙,森近霖之助,10,5.88,17.65,17.65,58.81999999999999
55,109,2,23,32,46,17,11.76,4,0,0,7,2,1,八云紫,八意永琳,八坂神奈子,13,23.53,0,0,76.47
32,111,5,45,47,0,16,31.25,3,7,0,13,11,0,东风谷早苗,洩矢诹访子,-,6,18.75,43.75,0,37.5
270,111,4,2,102,0,16,25,1,8,0,8,10,0,雾雨魔理沙,魅魔,-,7,6.25,50,0,43.75
255,111,3,1,145,0,16,18.75,2,5,0,12,10,0,博丽灵梦,茨木华扇,-,9,12.5,31.25,0,56.25
314,111,1,73,75,0,16,6.25,0,7,0,8,5,0,苏我屠自古,丰聪耳神子,-,9,0,43.75,0,56.25
239,111,1,102,133,0,16,6.25,6,3,0,9,4,0,魅魔,神绮,-,7,37.5,18.75,0,43.75
64,111,1,5,98,0,16,6.25,5,2,0,6,9,0,琪露诺,克劳恩皮丝,-,9,31.25,12.5,0,56.25
390,117,5,8,10,11,15,33.33,0,7,3,7,9,13,帕秋莉·诺蕾姬,蕾米莉亚·斯卡蕾特,芙兰朵露·斯卡蕾特,5,0,46.67,20,33.33
268,118,4,63,64,0,14,28.57,4,4,0,2,9,0,寅丸星,圣白莲,-,6,28.57,28.57,0,42.86
486,118,3,9,20,0,14,21.43,3,2,0,8,9,0,十六夜咲夜,魂魄妖梦,-,9,21.43,14.29,0,64.29
146,118,2,1,110,0,14,14.29,6,2,0,7,6,0,博丽灵梦,明罗,-,6,42.86,14.29,0,42.86
51,118,2,82,86,0,14,14.29,1,10,0,5,7,0,九十九弁弁,堀川雷鼓,-,3,7.140000000000001,71.43,0,21.43
150,118,1,6,98,0,14,7.14,1,2,0,0,10,0,红美铃,克劳恩皮丝,-,11,7.140000000000001,14.29,0,78.57
297,123,4,23,134,135,13,30.77,0,1,2,8,6,5,八云紫,宇佐见莲子,玛艾露贝莉·赫恩,10,0,7.6899999999999995,15.379999999999999,76.92
256,123,2,8,9,10,13,15.38,0,2,6,3,7,3,帕秋莉·诺蕾姬,十六夜咲夜,蕾米莉亚·斯卡蕾特,5,0,15.379999999999999,46.150000000000006,38.46
324,123,1,1,49,0,13,7.69,2,5,0,10,10,0,博丽灵梦,比那名居天子,-,6,15.379999999999999,38.46,0,46.150000000000006
392,126,4,4,5,13,12,33.33,2,3,2,2,7,3,大妖精,琪露诺,蕾蒂·霍瓦特洛克,5,16.669999999999998,25,16.669999999999998,41.67
76,126,3,5,47,0,12,25,3,0,0,8,7,0,琪露诺,洩矢诹访子,-,9,25,0,0,75
471,126,3,6,9,11,12,25,3,1,0,6,2,1,红美铃,十六夜咲夜,芙兰朵露·斯卡蕾特,8,25,8.33,0,66.67
95,126,2,142,143,0,12,16.67,3,1,0,6,6,0,绵月丰姬,绵月依姬,-,8,25,8.33,0,66.67
173,126,1,5,37,0,12,8.33,1,4,0,5,3,0,琪露诺,风见幽香,-,7,8.33,33.33,0,58.330000000000005
431,131,5,54,55,57,11,45.45,2,0,4,8,2,6,古明地觉,火焰猫燐,古明地恋,5,18.18,0,36.36,45.45
506,131,5,72,145,0,11,45.45,7,0,0,3,7,0,霍青娥,茨木华扇,-,4,63.63999999999999,0,0,36.36
68,131,4,20,21,24,11,36.36,1,4,0,5,6,3,魂魄妖梦,西行寺幽幽子,魂魄妖忌,6,9.09,36.36,0,54.55
183,131,3,21,22,23,11,27.27,0,0,5,6,1,6,西行寺幽幽子,八云蓝,八云紫,6,0,0,45.45,54.55
169,131,3,1,5,0,11,27.27,7,0,0,8,9,0,博丽灵梦,琪露诺,-,4,63.63999999999999,0,0,36.36
307,131,3,21,24,0,11,27.27,2,2,0,2,4,0,西行寺幽幽子,魂魄妖忌,-,7,18.18,18.18,0,63.63999999999999
134,131,2,54,56,0,11,18.18,0,8,0,6,7,0,古明地觉,灵乌路空,-,3,0,72.72999999999999,0,27.27
339,131,2,1,2,26,11,18.18,5,1,1,9,7,5,博丽灵梦,雾雨魔理沙,伊吹萃香,4,45.45,9.09,9.09,36.36
320,131,2,27,28,0,11,18.18,1,2,0,4,4,0,莉格露·奈特巴格,米斯蒂娅·萝蕾拉,-,8,9.09,18.18,0,72.72999999999999
187,131,1,39,54,0,11,9.09,4,1,0,6,8,0,四季映姬·亚玛萨那度,古明地觉,-,6,36.36,9.09,0,54.55
128,141,4,1,1,0,10,40,0,0,0,9,9,0,博丽灵梦,博丽灵梦,-,10,0,0,0,100
481,141,4,28,34,0,10,40,1,3,0,4,6,0,米斯蒂娅·萝蕾拉,藤原妹红,-,6,10,30,0,60
141,141,2,5,34,0,10,20,2,1,0,5,8,0,琪露诺,藤原妹红,-,7,20,10,0,70
121,141,1,24,137,0,10,10,4,0,0,0,1,0,魂魄妖忌,森近霖之助,-,6,40,0,0,60
235,141,1,21,28,0,10,10,9,0,0,3,5,0,西行寺幽幽子,米斯蒂娅·萝蕾拉,-,1,90,0,0,10
42,141,1,76,77,0,10,10,8,0,0,6,5,0,二岩猯藏,秦心,-,2,80,0,0,20
224,141,0,54,77,0,10,0,2,0,0,7,7,0,古明地觉,秦心,-,8,20,0,0,80
341,148,4,3,5,0,9,44.44,2,2,0,5,5,0,露米娅,琪露诺,-,5,22.220000000000002,22.220000000000002,0,55.559999999999995
204,148,3,31,33,0,9,33.33,2,4,0,5,7,0,铃仙·优昙华院·因幡,蓬莱山辉夜,-,3,22.220000000000002,44.440000000000005,0,33.33
247,148,2,29,137,138,9,22.22,2,2,0,1,4,4,上白泽慧音,森近霖之助,无名的读书妖怪（朱鹭子）,5,22.220000000000002,22.220000000000002,0,55.559999999999995
482,148,2,137,138,0,9,22.22,3,1,0,3,4,0,森近霖之助,无名的读书妖怪（朱鹭子）,-,5,33.33,11.110000000000001,0,55.559999999999995
332,148,2,38,145,0,9,22.22,3,0,0,3,7,0,小野塚小町,茨木华扇,-,6,33.33,0,0,66.67
370,148,1,2,43,0,9,11.11,4,0,0,8,5,0,雾雨魔理沙,河城荷取,-,5,44.440000000000005,0,0,55.559999999999995
186,148,1,62,64,0,9,11.11,2,4,0,3,5,0,村纱水蜜,圣白莲,-,3,22.220000000000002,44.440000000000005,0,33.33
215,148,0,35,45,0,9,0,3,1,0,7,3,0,射命丸文,东风谷早苗,-,5,33.33,11.110000000000001,0,55.559999999999995
412,156,5,1,9,10,8,62.5,3,0,3,3,7,4,博丽灵梦,十六夜咲夜,蕾米莉亚·斯卡蕾特,2,37.5,0,37.5,25
139,156,3,5,11,0,8,37.5,1,1,0,7,6,0,琪露诺,芙兰朵露·斯卡蕾特,-,6,12.5,12.5,0,75
52,156,2,79,80,0,8,25,0,6,0,0,3,0,若鹭姬,赤蛮奇,-,2,0,75,0,25
122,156,2,14,55,0,8,25,0,3,0,5,3,0,橙,火焰猫燐,-,5,0,37.5,0,62.5
642,156,2,23,49,0,8,25,1,3,0,3,8,0,八云紫,比那名居天子,-,4,12.5,37.5,0,50
238,156,1,37,102,0,8,12.5,4,3,0,5,6,0,风见幽香,魅魔,-,1,50,37.5,0,12.5
588,156,1,126,127,0,8,12.5,1,5,0,2,7,0,梦月,幻月,-,2,12.5,62.5,0,25
335,156,1,1,85,0,8,12.5,1,1,0,5,5,0,博丽灵梦,少名针妙丸,-,6,12.5,12.5,0,75
151,156,0,29,33,0,8,0,1,3,0,2,3,0,上白泽慧音,蓬莱山辉夜,-,4,12.5,37.5,0,50
634,165,5,1,2,10,7,71.43,2,1,2,5,2,4,博丽灵梦,雾雨魔理沙,蕾米莉亚·斯卡蕾特,2,28.57,14.29,28.57,28.57
592,165,4,1,23,26,7,57.14,2,1,1,7,1,3,博丽灵梦,八云紫,伊吹萃香,3,28.57,14.29,14.29,42.86
388,165,3,15,183,0,7,42.86,0,0,0,5,4,0,爱丽丝·玛格特洛依德,人偶（含上海人偶、哥利亚人偶）,-,7,0,0,0,100
522,165,2,29,137,0,7,28.57,3,2,0,3,2,0,上白泽慧音,森近霖之助,-,2,42.86,28.57,0,28.57
318,165,1,13,16,0,7,14.29,1,1,0,1,3,0,蕾蒂·霍瓦特洛克,莉莉白,-,5,14.29,14.29,0,71.43
103,165,1,130,131,0,7,14.29,4,0,0,4,3,0,雪,舞,-,3,57.14,0,0,42.86
386,165,1,43,44,0,7,14.29,2,1,0,4,4,0,河城荷取,犬走椛,-,4,28.57,14.29,0,57.14
257,165,1,21,23,32,7,14.29,0,4,0,4,3,1,西行寺幽幽子,八云紫,八意永琳,3,0,57.14,0,42.86
67,165,0,64,66,0,7,0,2,2,0,3,1,0,圣白莲,命莲,-,3,28.57,28.57,0,42.86
590,174,5,1,2,8,6,83.33,0,2,1,4,2,3,博丽灵梦,雾雨魔理沙,帕秋莉·诺蕾姬,3,0,33.33,16.669999999999998,50
387,174,2,54,56,57,6,33.33,0,1,2,4,3,4,古明地觉,灵乌路空,古明地恋,3,0,16.669999999999998,33.33,50
391,174,2,11,11,0,6,33.33,0,0,0,6,6,0,芙兰朵露·斯卡蕾特,芙兰朵露·斯卡蕾特,-,6,0,0,0,100
48,174,2,84,86,0,6,33.33,5,0,0,3,6,0,鬼人正邪,堀川雷鼓,-,1,83.33,0,0,16.669999999999998
220,174,2,5,10,0,6,33.33,4,0,0,6,4,0,琪露诺,蕾米莉亚·斯卡蕾特,-,2,66.67,0,0,33.33
114,174,1,59,80,0,6,16.67,2,2,0,3,3,0,多多良小伞,赤蛮奇,-,2,33.33,33.33,0,33.33
436,174,1,1,2,3,6,16.67,0,2,2,5,3,3,博丽灵梦,雾雨魔理沙,露米娅,2,0,33.33,33.33,33.33
351,174,1,61,74,0,6,16.67,2,0,0,3,1,0,云居一轮,物部布都,-,4,33.33,0,0,66.67
105,174,1,4,7,0,6,16.67,1,2,0,1,2,0,大妖精,小恶魔,-,3,16.669999999999998,33.33,0,50
102,174,1,7,183,0,6,16.67,1,1,0,3,3,0,小恶魔,人偶（含上海人偶、哥利亚人偶）,-,4,16.669999999999998,16.669999999999998,0,66.67
340,174,1,37,48,49,6,16.67,3,0,2,2,0,3,风见幽香,永江衣玖,比那名居天子,1,50,0,33.33,16.669999999999998
353,174,1,54,55,0,6,16.67,3,2,0,4,4,0,古明地觉,火焰猫燐,-,1,50,33.33,0,16.669999999999998
355,174,1,98,100,0,6,16.67,0,5,0,6,2,0,克劳恩皮丝,赫卡提亚·拉碧斯拉祖利,-,1,0,83.33,0,16.669999999999998
639,174,0,1,77,0,6,0,1,1,0,5,6,0,博丽灵梦,秦心,-,4,16.669999999999998,16.669999999999998,0,66.67
591,174,0,8,54,0,6,0,2,0,0,2,2,0,帕秋莉·诺蕾姬,古明地觉,-,4,33.33,0,0,66.67
345,174,0,29,32,0,6,0,0,2,0,3,4,0,上白泽慧音,八意永琳,-,4,0,33.33,0,66.67
130,174,0,2,57,0,6,0,1,2,0,3,6,0,雾雨魔理沙,古明地恋,-,3,16.669999999999998,33.33,0,50
293,174,0,116,118,0,6,0,0,3,0,2,4,0,朝仓理香子,冈崎梦美,-,3,0,50,0,50
640,174,0,30,31,32,6,0,1,1,1,2,4,0,因幡帝,铃仙·优昙华院·因幡,八意永琳,3,16.669999999999998,16.669999999999998,16.669999999999998,50
100,174,0,94,95,0,6,0,1,3,0,3,1,0,清兰,铃瑚,-,2,16.669999999999998,50,0,33.33
84,174,0,1,12,0,6,0,1,0,0,4,5,0,博丽灵梦,冴月麟,-,5,16.669999999999998,0,0,83.33
188,195,4,76,136,146,5,80,2,0,1,3,1,4,二岩猯藏,稗田阿求,本居小铃,2,40,0,20,40
233,195,3,11,35,0,5,60,2,0,0,0,5,0,芙兰朵露·斯卡蕾特,射命丸文,-,3,40,0,0,60
243,195,2,85,87,0,5,40,0,5,0,2,3,0,少名针妙丸,宇佐见堇子,-,0,0,100,0,0
789,195,2,31,33,34,5,40,1,1,1,1,3,4,铃仙·优昙华院·因幡,蓬莱山辉夜,藤原妹红,2,20,20,20,40
625,195,2,1,21,0,5,40,1,0,0,4,4,0,博丽灵梦,西行寺幽幽子,-,4,20,0,0,80
733,195,1,113,115,0,5,20,1,1,0,2,3,0,爱莲,卡娜·安娜贝拉尔,-,3,20,20,0,60
118,195,1,11,57,77,5,20,0,3,0,4,4,2,芙兰朵露·斯卡蕾特,古明地恋,秦心,2,0,60,0,40
155,195,1,64,100,0,5,20,2,0,0,1,2,0,圣白莲,赫卡提亚·拉碧斯拉祖利,-,3,40,0,0,60
140,195,1,72,99,0,5,20,0,2,0,3,3,0,霍青娥,纯狐,-,3,0,40,0,60
254,195,1,9,11,0,5,20,1,2,0,3,2,0,十六夜咲夜,芙兰朵露·斯卡蕾特,-,2,20,40,0,40
361,195,1,179,179,0,5,20,0,0,0,0,0,0,毛玉,毛玉,-,5,0,0,0,100
768,195,1,8,33,0,5,20,1,1,0,3,3,0,帕秋莉·诺蕾姬,蓬莱山辉夜,-,3,20,20,0,60
145,195,0,118,134,0,5,0,1,0,0,3,4,0,冈崎梦美,宇佐见莲子,-,4,20,0,0,80
181,195,0,23,135,0,5,0,3,0,0,4,4,0,八云紫,玛艾露贝莉·赫恩,-,2,60,0,0,40
127,195,0,1,9,0,5,0,1,2,0,4,4,0,博丽灵梦,十六夜咲夜,-,2,20,40,0,40
180,195,0,35,47,0,5,0,0,2,0,1,1,0,射命丸文,洩矢诹访子,-,3,0,40,0,60
273,195,0,31,94,95,5,0,1,0,0,2,1,0,铃仙·优昙华院·因幡,清兰,铃瑚,4,20,0,0,80
312,195,0,87,134,0,5,0,2,0,0,1,1,0,宇佐见堇子,宇佐见莲子,-,3,40,0,0,60
4,195,0,4,5,9,5,0,0,0,3,2,3,2,大妖精,琪露诺,十六夜咲夜,2,0,0,60,40
554,195,0,21,23,37,5,0,0,1,1,3,1,2,西行寺幽幽子,八云紫,风见幽香,3,0,20,20,60
221,195,0,21,37,0,5,0,2,2,0,4,3,0,西行寺幽幽子,风见幽香,-,1,40,40,0,20
184,195,0,6,20,31,5,0,0,1,0,2,2,1,红美铃,魂魄妖梦,铃仙·优昙华院·因幡,4,0,20,0,80
374,217,2,9,9,0,4,50,0,0,0,4,4,0,十六夜咲夜,十六夜咲夜,-,4,0,0,0,100
520,217,2,9,23,0,4,50,0,3,0,4,3,0,十六夜咲夜,八云紫,-,1,0,75,0,25
626,217,2,42,52,0,4,50,0,1,0,3,3,0,键山雏,水桥帕露西,-,3,0,25,0,75
568,217,2,26,35,0,4,50,2,0,0,3,3,0,伊吹萃香,射命丸文,-,2,50,0,0,50
87,217,2,61,62,0,4,50,1,1,0,3,1,0,云居一轮,村纱水蜜,-,2,25,25,0,50
382,217,2,10,15,0,4,50,3,0,0,3,4,0,蕾米莉亚·斯卡蕾特,爱丽丝·玛格特洛依德,-,1,75,0,0,25
415,217,2,181,181,0,4,50,0,0,0,2,2,0,UFO,UFO,-,4,0,0,0,100
445,217,2,30,31,33,4,50,0,0,1,0,4,2,因幡帝,铃仙·优昙华院·因幡,蓬莱山辉夜,3,0,0,25,75
218,217,2,11,54,57,4,50,2,0,0,3,3,3,芙兰朵露·斯卡蕾特,古明地觉,古明地恋,2,50,0,0,50
459,217,1,6,10,11,4,25,1,2,0,1,3,0,红美铃,蕾米莉亚·斯卡蕾特,芙兰朵露·斯卡蕾特,1,25,50,0,25
465,217,1,57,75,77,4,25,1,1,1,3,2,3,古明地恋,丰聪耳神子,秦心,1,25,25,25,25
219,217,1,1,3,23,4,25,1,0,1,4,0,1,博丽灵梦,露米娅,八云紫,2,25,0,25,50
308,217,1,37,39,0,4,25,2,0,0,2,1,0,风见幽香,四季映姬·亚玛萨那度,-,2,50,0,0,50
365,217,1,22,76,0,4,25,0,2,0,0,3,0,八云蓝,二岩猯藏,-,2,0,50,0,50
363,217,1,21,23,24,4,25,1,0,0,3,3,0,西行寺幽幽子,八云紫,魂魄妖忌,3,25,0,0,75
463,217,1,183,183,0,4,25,0,0,0,2,2,0,人偶（含上海人偶、哥利亚人偶）,人偶（含上海人偶、哥利亚人偶）,-,4,0,0,0,100
346,217,1,6,8,9,4,25,0,0,3,1,1,4,红美铃,帕秋莉·诺蕾姬,十六夜咲夜,1,0,0,75,25
357,217,1,31,99,0,4,25,0,4,0,3,2,0,铃仙·优昙华院·因幡,纯狐,-,0,0,100,0,0
322,217,1,4,5,98,4,25,0,0,3,1,1,1,大妖精,琪露诺,克劳恩皮丝,1,0,0,75,25
190,217,1,137,137,0,4,25,0,0,0,1,1,0,森近霖之助,森近霖之助,-,4,0,0,0,100
167,217,1,15,36,0,4,25,1,1,0,1,3,0,爱丽丝·玛格特洛依德,梅蒂欣·梅兰可莉,-,2,25,25,0,50
429,217,1,60,137,0,4,25,1,0,0,1,1,0,云山,森近霖之助,-,3,25,0,0,75
501,217,1,61,64,0,4,25,0,3,0,3,3,0,云居一轮,圣白莲,-,1,0,75,0,25
774,217,1,2,45,0,4,25,1,1,0,1,2,0,雾雨魔理沙,东风谷早苗,-,2,25,25,0,50
456,217,1,191,191,0,4,25,0,0,0,2,2,0,STG作品中没有名称的角色,STG作品中没有名称的角色,-,4,0,0,0,100
290,217,0,87,137,0,4,0,0,0,0,1,0,0,宇佐见堇子,森近霖之助,-,4,0,0,0,100
603,217,0,44,81,0,4,0,1,1,0,2,2,0,犬走椛,今泉影狼,-,2,25,25,0,50
261,217,0,5,35,0,4,0,1,1,0,1,1,0,琪露诺,射命丸文,-,2,25,25,0,50
263,217,0,32,99,0,4,0,2,1,0,2,1,0,八意永琳,纯狐,-,1,50,25,0,25
409,217,0,50,51,0,4,0,0,1,0,1,0,0,琪斯美,黑谷山女,-,3,0,25,0,75
360,217,0,6,72,0,4,0,1,0,0,2,1,0,红美铃,霍青娥,-,3,25,0,0,75
519,217,0,26,145,0,4,0,1,0,0,4,2,0,伊吹萃香,茨木华扇,-,3,25,0,0,75
913,217,0,36,42,0,4,0,1,0,0,3,3,0,梅蒂欣·梅兰可莉,键山雏,-,3,25,0,0,75
861,217,0,6,10,0,4,0,2,2,0,2,1,0,红美铃,蕾米莉亚·斯卡蕾特,-,0,50,50,0,0
246,217,0,1,108,0,4,0,0,0,0,3,1,0,博丽灵梦,玄爷,-,4,0,0,0,100
615,217,0,4,5,16,4,0,0,0,0,2,2,2,大妖精,琪露诺,莉莉白,4,0,0,0,100
350,217,0,64,65,0,4,0,1,1,0,1,2,0,圣白莲,封兽鵺,-,2,25,25,0,50
285,217,0,39,100,0,4,0,0,3,0,2,0,0,四季映姬·亚玛萨那度,赫卡提亚·拉碧斯拉祖利,-,1,0,75,0,25
413,217,0,7,8,15,4,0,0,1,0,1,2,2,小恶魔,帕秋莉·诺蕾姬,爱丽丝·玛格特洛依德,3,0,25,0,75
267,217,0,45,57,0,4,0,1,0,0,3,2,0,东风谷早苗,古明地恋,-,3,25,0,0,75
478,217,0,1,23,37,4,0,2,1,0,4,1,3,博丽灵梦,八云紫,风见幽香,1,50,25,0,25
384,217,0,9,20,31,4,0,0,0,0,3,1,1,十六夜咲夜,魂魄妖梦,铃仙·优昙华院·因幡,4,0,0,0,100
687,259,3,2,11,15,3,100,3,0,0,2,2,2,雾雨魔理沙,芙兰朵露·斯卡蕾特,爱丽丝·玛格特洛依德,0,100,0,0,0
253,259,3,11,15,0,3,100,1,0,0,3,3,0,芙兰朵露·斯卡蕾特,爱丽丝·玛格特洛依德,-,2,33.33,0,0,66.67
411,259,2,34,34,0,3,66.67,0,0,0,3,3,0,藤原妹红,藤原妹红,-,3,0,0,0,100
249,259,2,103,104,0,3,66.67,0,2,0,1,2,0,菊理,矜羯罗,-,1,0,66.67,0,33.33
598,259,2,2,10,11,3,66.67,0,1,0,3,2,1,雾雨魔理沙,蕾米莉亚·斯卡蕾特,芙兰朵露·斯卡蕾特,2,0,33.33,0,66.67
910,259,2,54,54,0,3,66.67,0,0,0,3,3,0,古明地觉,古明地觉,-,3,0,0,0,100
342,259,2,37,102,133,3,66.67,1,1,0,1,0,1,风见幽香,魅魔,神绮,1,33.33,33.33,0,33.33
274,259,2,37,127,0,3,66.67,0,2,0,1,3,0,风见幽香,幻月,-,1,0,66.67,0,33.33
616,259,2,20,20,0,3,66.67,0,0,0,3,3,0,魂魄妖梦,魂魄妖梦,-,3,0,0,0,100
528,259,2,10,54,57,3,66.67,0,2,0,2,3,1,蕾米莉亚·斯卡蕾特,古明地觉,古明地恋,1,0,66.67,0,33.33
646,259,2,1,2,12,3,66.67,0,0,1,2,2,2,博丽灵梦,雾雨魔理沙,冴月麟,2,0,0,33.33,66.67
661,259,2,3,10,11,3,66.67,0,0,1,1,1,2,露米娅,蕾米莉亚·斯卡蕾特,芙兰朵露·斯卡蕾特,2,0,0,33.33,66.67
533,259,2,1,23,45,3,66.67,0,2,0,2,3,1,博丽灵梦,八云紫,东风谷早苗,1,0,66.67,0,33.33
461,259,1,1,137,0,3,33.33,0,0,0,2,1,0,博丽灵梦,森近霖之助,-,3,0,0,0,100
92,259,1,45,97,0,3,33.33,1,0,0,2,0,0,东风谷早苗,稀神探女,-,2,33.33,0,0,66.67
811,259,1,26,49,0,3,33.33,1,1,0,3,2,0,伊吹萃香,比那名居天子,-,1,33.33,33.33,0,33.33
477,259,1,67,68,0,3,33.33,1,0,0,1,2,0,大鲶鱼,非想天则,-,2,33.33,0,0,66.67
230,259,1,98,99,0,3,33.33,0,3,0,2,2,0,克劳恩皮丝,纯狐,-,0,0,100,0,0
275,259,1,1,10,23,3,33.33,0,0,1,2,3,3,博丽灵梦,蕾米莉亚·斯卡蕾特,八云紫,2,0,0,33.33,66.67
535,259,1,1,22,23,3,33.33,0,0,0,1,2,3,博丽灵梦,八云蓝,八云紫,3,0,0,0,100
262,259,1,59,77,0,3,33.33,0,1,0,2,1,0,多多良小伞,秦心,-,2,0,33.33,0,66.67
269,259,1,37,125,0,3,33.33,2,0,0,2,0,0,风见幽香,艾丽,-,1,66.67,0,0,33.33
641,259,1,3,27,28,3,33.33,0,0,0,0,1,2,露米娅,莉格露·奈特巴格,米斯蒂娅·萝蕾拉,3,0,0,0,100
785,259,1,6,8,0,3,33.33,3,0,0,2,2,0,红美铃,帕秋莉·诺蕾姬,-,0,100,0,0,0
901,259,1,5,5,0,3,33.33,0,0,0,3,3,0,琪露诺,琪露诺,-,3,0,0,0,100
745,259,1,35,37,0,3,33.33,1,1,0,3,3,0,射命丸文,风见幽香,-,1,33.33,33.33,0,33.33
485,259,1,2,31,0,3,33.33,2,0,0,3,3,0,雾雨魔理沙,铃仙·优昙华院·因幡,-,1,66.67,0,0,33.33
295,259,1,29,136,0,3,33.33,1,0,0,1,2,0,上白泽慧音,稗田阿求,-,2,33.33,0,0,66.67
815,259,1,12,23,0,3,33.33,0,0,0,3,2,0,冴月麟,八云紫,-,3,0,0,0,100
347,259,1,1,20,23,3,33.33,1,1,0,1,2,1,博丽灵梦,魂魄妖梦,八云紫,1,33.33,33.33,0,33.33
555,259,1,32,32,0,3,33.33,0,0,0,1,1,0,八意永琳,八意永琳,-,3,0,0,0,100
691,259,1,33,142,143,3,33.33,2,0,0,2,1,0,蓬莱山辉夜,绵月丰姬,绵月依姬,1,66.67,0,0,33.33
567,259,1,23,26,0,3,33.33,1,0,0,1,2,0,八云紫,伊吹萃香,-,2,33.33,0,0,66.67
416,259,1,33,33,0,3,33.33,0,0,0,2,2,0,蓬莱山辉夜,蓬莱山辉夜,-,3,0,0,0,100
271,259,1,11,98,0,3,33.33,0,2,0,1,2,0,芙兰朵露·斯卡蕾特,克劳恩皮丝,-,1,0,66.67,0,33.33
289,259,1,29,32,34,3,33.33,1,1,0,1,1,1,上白泽慧音,八意永琳,藤原妹红,1,33.33,33.33,0,33.33
553,259,1,15,132,133,3,33.33,0,0,1,1,0,2,爱丽丝·玛格特洛依德,梦子,神绮,2,0,0,33.33,66.67
840,259,1,34,74,0,3,33.33,2,0,0,2,2,0,藤原妹红,物部布都,-,1,66.67,0,0,33.33
300,259,0,2,15,37,3,0,0,0,1,1,1,2,雾雨魔理沙,爱丽丝·玛格特洛依德,风见幽香,2,0,0,33.33,66.67
579,259,0,32,37,0,3,0,0,1,0,2,3,0,八意永琳,风见幽香,-,2,0,33.33,0,66.67
694,259,0,8,11,0,3,0,0,3,0,3,3,0,帕秋莉·诺蕾姬,芙兰朵露·斯卡蕾特,-,0,0,100,0,0
372,259,0,49,49,0,3,0,0,0,0,1,1,0,比那名居天子,比那名居天子,-,3,0,0,0,100
453,259,0,1,26,35,3,0,2,0,0,1,1,0,博丽灵梦,伊吹萃香,射命丸文,1,66.67,0,0,33.33
200,259,0,21,32,0,3,0,1,1,0,2,2,0,西行寺幽幽子,八意永琳,-,1,33.33,33.33,0,33.33
428,259,0,84,85,97,3,0,2,0,1,0,1,0,鬼人正邪,少名针妙丸,稀神探女,0,66.67,0,33.33,0
266,259,0,76,87,0,3,0,2,0,0,2,0,0,二岩猯藏,宇佐见堇子,-,1,66.67,0,0,33.33
547,259,0,2,20,35,3,0,2,0,1,3,2,2,雾雨魔理沙,魂魄妖梦,射命丸文,0,66.67,0,33.33,0
788,259,0,71,72,145,3,0,1,0,0,2,3,2,宫古芳香,霍青娥,茨木华扇,2,33.33,0,0,66.67
469,259,0,17,18,25,3,0,0,0,0,0,0,0,露娜萨·普莉兹姆利巴,梅露兰·普莉兹姆利巴,蕾拉·普莉兹姆利巴,3,0,0,0,100
455,259,0,5,6,0,3,0,0,1,0,3,1,0,琪露诺,红美铃,-,2,0,33.33,0,66.67
714,259,0,16,16,0,3,0,0,0,0,1,1,0,莉莉白,莉莉白,-,3,0,0,0,100
287,259,0,32,142,143,3,0,1,0,0,2,1,1,八意永琳,绵月丰姬,绵月依姬,2,33.33,0,0,66.67
488,259,0,2,34,0,3,0,1,0,0,3,3,0,雾雨魔理沙,藤原妹红,-,2,33.33,0,0,66.67
395,259,0,1,2,145,3,0,0,0,1,2,1,0,博丽灵梦,雾雨魔理沙,茨木华扇,2,0,0,33.33,66.67
196,259,0,14,30,0,3,0,1,2,0,1,2,0,橙,因幡帝,-,0,33.33,66.67,0,0
668,259,0,46,56,0,3,0,2,0,0,2,0,0,八坂神奈子,灵乌路空,-,1,66.67,0,0,33.33
645,259,0,57,57,0,3,0,0,0,0,2,2,0,古明地恋,古明地恋,-,3,0,0,0,100
331,259,0,45,46,0,3,0,0,2,0,2,2,0,东风谷早苗,八坂神奈子,-,1,0,66.67,0,33.33
344,259,0,5,56,0,3,0,1,0,0,0,2,0,琪露诺,灵乌路空,-,2,33.33,0,0,66.67
107,259,0,1,10,11,3,0,2,1,0,2,1,2,博丽灵梦,蕾米莉亚·斯卡蕾特,芙兰朵露·斯卡蕾特,0,66.67,33.33,0,0
561,259,0,5,43,0,3,0,1,0,0,2,3,0,琪露诺,河城荷取,-,2,33.33,0,0,66.67
112,259,0,60,61,0,3,0,0,0,0,2,2,0,云山,云居一轮,-,3,0,0,0,100
124,259,0,60,61,90,3,0,0,0,0,0,0,0,云山,云居一轮,八尺大人,3,0,0,0,100
719,259,0,9,31,0,3,0,1,0,0,3,2,0,十六夜咲夜,铃仙·优昙华院·因幡,-,2,33.33,0,0,66.67
671,259,0,2,7,8,3,0,0,0,0,1,1,0,雾雨魔理沙,小恶魔,帕秋莉·诺蕾姬,3,0,0,0,100
762,324,2,35,43,44,2,100,0,0,0,1,1,1,射命丸文,河城荷取,犬走椛,2,0,0,0,100
526,324,2,3,5,28,2,100,1,0,0,2,0,0,露米娅,琪露诺,米斯蒂娅·萝蕾拉,1,50,0,0,50
698,324,2,10,10,0,2,100,0,0,0,2,2,0,蕾米莉亚·斯卡蕾特,蕾米莉亚·斯卡蕾特,-,2,0,0,0,100
373,324,2,1,9,11,2,100,0,0,0,2,2,2,博丽灵梦,十六夜咲夜,芙兰朵露·斯卡蕾特,2,0,0,0,100
971,324,1,87,118,0,2,50,0,2,0,1,2,0,宇佐见堇子,冈崎梦美,-,0,0,100,0,0
229,324,1,9,33,0,2,50,1,1,0,2,2,0,十六夜咲夜,蓬莱山辉夜,-,0,50,50,0,0
596,324,1,35,49,0,2,50,0,0,0,2,1,0,射命丸文,比那名居天子,-,2,0,0,0,100
777,324,1,16,98,0,2,50,0,1,0,1,2,0,莉莉白,克劳恩皮丝,-,1,0,50,0,50
120,324,1,67,108,0,2,50,1,0,0,1,0,0,大鲶鱼,玄爷,-,1,50,0,0,50
605,324,1,1,9,15,2,50,2,0,0,1,2,2,博丽灵梦,十六夜咲夜,爱丽丝·玛格特洛依德,0,100,0,0,0
31,324,1,11,49,0,2,50,1,0,0,1,1,0,芙兰朵露·斯卡蕾特,比那名居天子,-,1,50,0,0,50
472,324,1,1,2,32,2,50,0,1,0,2,1,1,博丽灵梦,雾雨魔理沙,八意永琳,1,0,50,0,50
333,324,1,75,87,0,2,50,1,0,0,2,1,0,丰聪耳神子,宇佐见堇子,-,1,50,0,0,50
1051,324,1,1,9,23,2,50,1,0,1,1,1,2,博丽灵梦,十六夜咲夜,八云紫,0,50,0,50,0
160,324,1,2,64,0,2,50,0,1,0,0,2,0,雾雨魔理沙,圣白莲,-,1,0,50,0,50
969,324,1,3,10,0,2,50,0,1,0,1,1,0,露米娅,蕾米莉亚·斯卡蕾特,-,1,0,50,0,50
419,324,1,65,181,0,2,50,1,0,0,1,0,0,封兽鵺,UFO,-,1,50,0,0,50
787,324,1,2,2,0,2,50,0,0,0,2,2,0,雾雨魔理沙,雾雨魔理沙,-,2,0,0,0,100
17,324,1,30,33,34,2,50,0,1,0,2,1,1,因幡帝,蓬莱山辉夜,藤原妹红,1,0,50,0,50
47,324,1,10,81,0,2,50,1,0,0,0,2,0,蕾米莉亚·斯卡蕾特,今泉影狼,-,1,50,0,0,50
817,324,1,117,118,134,2,50,0,1,0,0,2,1,北白河千百合,冈崎梦美,宇佐见莲子,1,0,50,0,50
303,324,1,23,32,99,2,50,1,0,0,1,1,1,八云紫,八意永琳,纯狐,1,50,0,0,50
716,324,1,1,20,21,2,50,0,0,0,1,2,1,博丽灵梦,魂魄妖梦,西行寺幽幽子,2,0,0,0,100
366,324,1,15,45,0,2,50,1,0,0,2,2,0,爱丽丝·玛格特洛依德,东风谷早苗,-,1,50,0,0,50
279,324,1,2,37,56,2,50,0,1,0,2,0,1,雾雨魔理沙,风见幽香,灵乌路空,1,0,50,0,50
873,324,1,1,33,0,2,50,0,0,0,2,2,0,博丽灵梦,蓬莱山辉夜,-,2,0,0,0,100
132,324,1,45,49,0,2,50,1,0,0,0,1,0,东风谷早苗,比那名居天子,-,1,50,0,0,50
480,324,1,21,21,0,2,50,0,0,0,2,2,0,西行寺幽幽子,西行寺幽幽子,-,2,0,0,0,100
1060,324,1,10,21,0,2,50,0,1,0,2,2,0,蕾米莉亚·斯卡蕾特,西行寺幽幽子,-,1,0,50,0,50
741,324,1,1,45,64,2,50,0,0,1,2,1,1,博丽灵梦,东风谷早苗,圣白莲,1,0,0,50,50
205,324,1,104,107,0,2,50,1,0,0,1,2,0,矜羯罗,萨丽爱尔,-,1,50,0,0,50
794,324,1,137,146,0,2,50,0,0,0,2,0,0,森近霖之助,本居小铃,-,2,0,0,0,100
159,324,1,97,98,100,2,50,0,1,1,1,0,1,稀神探女,克劳恩皮丝,赫卡提亚·拉碧斯拉祖利,0,0,50,50,0
565,324,1,4,27,28,2,50,0,0,1,0,0,1,大妖精,莉格露·奈特巴格,米斯蒂娅·萝蕾拉,1,0,0,50,50
727,324,1,75,75,0,2,50,0,0,0,1,1,0,丰聪耳神子,丰聪耳神子,-,2,0,0,0,100
174,324,1,28,70,86,2,50,0,0,0,1,1,1,米斯蒂娅·萝蕾拉,幽谷响子,堀川雷鼓,2,0,0,0,100
583,324,1,44,69,0,2,50,1,0,0,0,1,0,犬走椛,姬海棠果,-,1,50,0,0,50
400,324,1,10,11,54,2,50,1,0,0,1,1,2,蕾米莉亚·斯卡蕾特,芙兰朵露·斯卡蕾特,古明地觉,1,50,0,0,50
618,324,1,1,15,37,2,50,0,0,0,2,1,1,博丽灵梦,爱丽丝·玛格特洛依德,风见幽香,2,0,0,0,100
260,324,1,84,84,0,2,50,0,0,0,1,1,0,鬼人正邪,鬼人正邪,-,2,0,0,0,100
1008,324,1,1,37,0,2,50,0,2,0,1,2,0,博丽灵梦,风见幽香,-,0,0,100,0,0
940,324,1,37,64,0,2,50,1,1,0,2,2,0,风见幽香,圣白莲,-,0,50,50,0,0
871,324,1,4,5,11,2,50,0,0,0,1,1,1,大妖精,琪露诺,芙兰朵露·斯卡蕾特,2,0,0,0,100
848,324,0,29,29,0,2,0,0,0,0,0,0,0,上白泽慧音,上白泽慧音,-,2,0,0,0,100
511,324,0,52,57,0,2,0,0,0,0,1,1,0,水桥帕露西,古明地恋,-,2,0,0,0,100
240,324,0,102,118,0,2,0,0,2,0,1,2,0,魅魔,冈崎梦美,-,0,0,100,0,0
998,324,0,1,2,5,2,0,0,1,1,1,1,2,博丽灵梦,雾雨魔理沙,琪露诺,0,0,50,50,0
489,324,0,6,37,0,2,0,0,2,0,1,2,0,红美铃,风见幽香,-,0,0,100,0,0
131,324,0,57,84,0,2,0,0,1,0,1,2,0,古明地恋,鬼人正邪,-,1,0,50,0,50
833,324,0,9,32,0,2,0,0,1,0,1,1,0,十六夜咲夜,八意永琳,-,1,0,50,0,50
718,324,0,72,74,0,2,0,0,2,0,1,1,0,霍青娥,物部布都,-,0,0,100,0,0
558,324,0,23,23,0,2,0,0,0,0,2,2,0,八云紫,八云紫,-,2,0,0,0,100
673,324,0,15,36,37,2,0,0,0,0,1,1,0,爱丽丝·玛格特洛依德,梅蒂欣·梅兰可莉,风见幽香,2,0,0,0,100
959,324,0,8,23,32,2,0,0,0,0,1,1,0,帕秋莉·诺蕾姬,八云紫,八意永琳,2,0,0,0,100
193,324,0,55,57,0,2,0,0,2,0,1,1,0,火焰猫燐,古明地恋,-,0,0,100,0,0
529,324,0,2,9,15,2,0,1,0,0,2,2,1,雾雨魔理沙,十六夜咲夜,爱丽丝·玛格特洛依德,1,50,0,0,50
410,324,0,2,183,0,2,0,0,1,0,1,0,0,雾雨魔理沙,人偶（含上海人偶、哥利亚人偶）,-,1,0,50,0,50
164,324,0,45,82,0,2,0,0,0,0,0,0,0,东风谷早苗,九十九弁弁,-,2,0,0,0,100
138,324,0,64,133,0,2,0,0,1,0,1,1,0,圣白莲,神绮,-,1,0,50,0,50
88,324,0,25,115,0,2,0,0,0,0,1,1,0,蕾拉·普莉兹姆利巴,卡娜·安娜贝拉尔,-,2,0,0,0,100
749,324,0,23,32,64,2,0,0,0,0,1,1,1,八云紫,八意永琳,圣白莲,2,0,0,0,100
380,324,0,46,64,75,2,0,1,0,0,0,0,1,八坂神奈子,圣白莲,丰聪耳神子,1,50,0,0,50
432,324,0,29,32,33,2,0,0,0,0,1,1,2,上白泽慧音,八意永琳,蓬莱山辉夜,2,0,0,0,100
313,324,0,38,136,0,2,0,1,1,0,0,1,0,小野塚小町,稗田阿求,-,0,50,50,0,0
20,324,0,37,38,39,2,0,1,0,1,2,0,2,风见幽香,小野塚小町,四季映姬·亚玛萨那度,0,50,0,50,0
573,324,0,20,24,0,2,0,2,0,0,2,1,0,魂魄妖梦,魂魄妖忌,-,0,100,0,0,0
1079,324,0,1,2,11,2,0,1,1,0,2,1,2,博丽灵梦,雾雨魔理沙,芙兰朵露·斯卡蕾特,0,50,50,0,0
281,324,0,23,32,37,2,0,0,0,0,2,0,1,八云紫,八意永琳,风见幽香,2,0,0,0,100
902,324,0,58,63,64,2,0,0,0,1,0,0,1,娜兹玲,寅丸星,圣白莲,1,0,0,50,50
82,324,0,45,68,0,2,0,0,0,0,0,0,0,东风谷早苗,非想天则,-,2,0,0,0,100
496,324,0,100,100,0,2,0,0,0,0,0,0,0,赫卡提亚·拉碧斯拉祖利,赫卡提亚·拉碧斯拉祖利,-,2,0,0,0,100
1078,324,0,37,37,0,2,0,0,0,0,2,2,0,风见幽香,风见幽香,-,2,0,0,0,100
734,324,0,6,6,0,2,0,0,0,0,2,2,0,红美铃,红美铃,-,2,0,0,0,100
759,324,0,89,90,0,2,0,0,1,0,0,0,0,阿菊,八尺大人,-,1,0,50,0,50
406,324,0,116,117,118,2,0,0,0,1,0,0,2,朝仓理香子,北白河千百合,冈崎梦美,1,0,0,50,50
352,324,0,5,7,8,2,0,1,0,0,1,0,1,琪露诺,小恶魔,帕秋莉·诺蕾姬,1,50,0,0,50
758,324,0,1,120,0,2,0,0,0,0,1,0,0,博丽灵梦,留琴,-,2,0,0,0,100
50,324,0,60,90,0,2,0,1,1,0,0,1,0,云山,八尺大人,-,0,50,50,0,0
179,324,0,2,37,102,2,0,0,0,0,2,1,0,雾雨魔理沙,风见幽香,魅魔,2,0,0,0,100
152,324,0,28,29,34,2,0,0,1,0,1,0,1,米斯蒂娅·萝蕾拉,上白泽慧音,藤原妹红,1,0,50,0,50
813,324,0,4,7,138,2,0,0,0,0,0,0,0,大妖精,小恶魔,无名的读书妖怪（朱鹭子）,2,0,0,0,100
757,324,0,1,2,35,2,0,0,1,1,1,1,1,博丽灵梦,雾雨魔理沙,射命丸文,0,0,50,50,0
1017,324,0,1,57,0,2,0,0,1,0,2,2,0,博丽灵梦,古明地恋,-,1,0,50,0,50
396,324,0,57,77,97,2,0,1,0,0,1,1,1,古明地恋,秦心,稀神探女,1,50,0,0,50
961,324,0,49,77,0,2,0,1,1,0,1,1,0,比那名居天子,秦心,-,0,50,50,0,0
1031,324,0,26,85,0,2,0,1,0,0,0,1,0,伊吹萃香,少名针妙丸,-,1,50,0,0,50
241,324,0,24,66,137,2,0,0,0,0,1,1,1,魂魄妖忌,命莲,森近霖之助,2,0,0,0,100
562,324,0,7,8,10,2,0,0,1,0,1,0,0,小恶魔,帕秋莉·诺蕾姬,蕾米莉亚·斯卡蕾特,1,0,50,0,50
711,324,0,87,135,0,2,0,0,1,0,0,0,0,宇佐见堇子,玛艾露贝莉·赫恩,-,1,0,50,0,50
891,324,0,30,33,0,2,0,0,0,0,1,2,0,因幡帝,蓬莱山辉夜,-,2,0,0,0,100
1093,324,0,55,58,0,2,0,0,1,0,1,0,0,火焰猫燐,娜兹玲,-,1,0,50,0,50
658,324,0,66,137,0,2,0,0,1,0,2,2,0,命莲,森近霖之助,-,1,0,50,0,50
559,324,0,35,136,146,2,0,1,0,0,1,2,0,射命丸文,稗田阿求,本居小铃,1,50,0,0,50
490,324,0,5,84,0,2,0,0,0,0,0,1,0,琪露诺,鬼人正邪,-,2,0,0,0,100
1050,324,0,15,137,0,2,0,1,0,0,2,1,0,爱丽丝·玛格特洛依德,森近霖之助,-,1,50,0,0,50
507,324,0,118,134,135,2,0,1,0,0,1,1,1,冈崎梦美,宇佐见莲子,玛艾露贝莉·赫恩,1,50,0,0,50
1022,324,0,21,22,0,2,0,0,0,0,1,0,0,西行寺幽幽子,八云蓝,-,2,0,0,0,100
206,324,0,11,34,0,2,0,1,1,0,1,2,0,芙兰朵露·斯卡蕾特,藤原妹红,-,0,50,50,0,0
457,324,0,31,98,0,2,0,0,0,0,2,2,0,铃仙·优昙华院·因幡,克劳恩皮丝,-,2,0,0,0,100
897,324,0,3,5,27,2,0,0,0,0,0,0,0,露米娅,琪露诺,莉格露·奈特巴格,2,0,0,0,100
226,324,0,80,84,0,2,0,1,1,0,1,2,0,赤蛮奇,鬼人正邪,-,0,50,50,0,0
960,324,0,1,10,26,2,0,2,0,0,2,2,1,博丽灵梦,蕾米莉亚·斯卡蕾特,伊吹萃香,0,100,0,0,0
272,324,0,9,20,22,2,0,0,0,0,1,1,0,十六夜咲夜,魂魄妖梦,八云蓝,2,0,0,0,100
401,324,0,23,137,0,2,0,0,1,0,2,0,0,八云紫,森近霖之助,-,1,0,50,0,50
552,324,0,1,87,0,2,0,0,0,0,2,1,0,博丽灵梦,宇佐见堇子,-,2,0,0,0,100
525,324,0,84,96,97,2,0,0,1,0,0,1,2,鬼人正邪,哆来咪·苏伊特,稀神探女,1,0,50,0,50
236,324,0,20,31,45,2,0,0,0,1,0,1,0,魂魄妖梦,铃仙·优昙华院·因幡,东风谷早苗,1,0,0,50,50
135,324,0,24,24,0,2,0,0,0,0,0,0,0,魂魄妖忌,魂魄妖忌,-,2,0,0,0,100
433,324,0,1,84,85,2,0,0,1,0,1,0,1,博丽灵梦,鬼人正邪,少名针妙丸,1,0,50,0,50
852,324,0,2,15,183,2,0,1,1,0,1,1,1,雾雨魔理沙,爱丽丝·玛格特洛依德,人偶（含上海人偶、哥利亚人偶）,0,50,50,0,0
576,324,0,76,186,0,2,0,0,0,0,2,0,0,二岩猯藏,狸猫,-,2,0,0,0,100
761,324,0,23,37,59,2,0,0,1,0,0,0,0,八云紫,风见幽香,多多良小伞,1,0,50,0,50
163,324,0,65,85,0,2,0,0,0,0,0,2,0,封兽鵺,少名针妙丸,-,2,0,0,0,100
443,324,0,72,77,0,2,0,2,0,0,1,1,0,霍青娥,秦心,-,0,100,0,0,0
610,324,0,1,146,0,2,0,0,0,0,0,2,0,博丽灵梦,本居小铃,-,2,0,0,0,100
492,324,0,85,85,0,2,0,0,0,0,0,0,0,少名针妙丸,少名针妙丸,-,2,0,0,0,100
846,324,0,1,31,0,2,0,1,1,0,1,2,0,博丽灵梦,铃仙·优昙华院·因幡,-,0,50,50,0,0
439,324,0,37,59,0,2,0,2,0,0,1,1,0,风见幽香,多多良小伞,-,0,100,0,0,0
310,324,0,6,63,0,2,0,1,0,0,1,0,0,红美铃,寅丸星,-,1,50,0,0,50
575,324,0,1,8,15,2,0,0,0,0,2,1,1,博丽灵梦,帕秋莉·诺蕾姬,爱丽丝·玛格特洛依德,2,0,0,0,100
418,324,0,6,67,0,2,0,0,0,0,0,0,0,红美铃,大鲶鱼,-,2,0,0,0,100
389,324,0,20,24,184,2,0,0,1,1,1,0,0,魂魄妖梦,魂魄妖忌,幽灵,0,0,50,50,0
376,324,0,31,45,0,2,0,0,1,0,1,1,0,铃仙·优昙华院·因幡,东风谷早苗,-,1,0,50,0,50
498,447,1,11,20,49,1,100,0,0,0,0,0,1,芙兰朵露·斯卡蕾特,魂魄妖梦,比那名居天子,1,0,0,0,100
546,447,1,2,9,56,1,100,1,0,0,1,1,1,雾雨魔理沙,十六夜咲夜,灵乌路空,0,100,0,0,0
914,447,1,37,54,0,1,100,1,0,0,1,1,0,风见幽香,古明地觉,-,0,100,0,0,0
962,447,1,15,15,0,1,100,0,0,0,1,1,0,爱丽丝·玛格特洛依德,爱丽丝·玛格特洛依德,-,1,0,0,0,100
630,447,1,1,23,33,1,100,0,1,0,0,1,0,博丽灵梦,八云紫,蓬莱山辉夜,0,0,100,0,0
294,447,1,1,189,0,1,100,0,1,0,0,0,0,博丽灵梦,地精,-,0,0,100,0,0
521,447,1,5,49,0,1,100,0,1,0,1,1,0,琪露诺,比那名居天子,-,0,0,100,0,0
451,447,1,39,54,57,1,100,0,0,0,1,1,1,四季映姬·亚玛萨那度,古明地觉,古明地恋,1,0,0,0,100
1097,447,1,38,39,54,1,100,1,0,0,1,1,1,小野塚小町,四季映姬·亚玛萨那度,古明地觉,0,100,0,0,0
724,447,1,35,37,44,1,100,0,1,0,1,1,0,射命丸文,风见幽香,犬走椛,0,0,100,0,0
214,447,1,1,5,65,1,100,1,0,0,1,1,1,博丽灵梦,琪露诺,封兽鵺,0,100,0,0,0
699,447,1,101,179,0,1,100,0,1,0,0,0,0,神玉,毛玉,-,0,0,100,0,0
301,447,1,1,2,110,1,100,1,0,0,1,0,1,博丽灵梦,雾雨魔理沙,明罗,0,100,0,0,0
1114,447,1,6,9,15,1,100,0,0,0,1,0,1,红美铃,十六夜咲夜,爱丽丝·玛格特洛依德,1,0,0,0,100
367,447,1,15,90,0,1,100,0,0,0,1,0,0,爱丽丝·玛格特洛依德,八尺大人,-,1,0,0,0,100
675,447,1,15,31,49,1,100,0,0,0,1,1,1,爱丽丝·玛格特洛依德,铃仙·优昙华院·因幡,比那名居天子,1,0,0,0,100
797,447,1,9,54,65,1,100,0,0,1,0,1,1,十六夜咲夜,古明地觉,封兽鵺,0,0,0,100,0
1025,447,1,1,39,45,1,100,0,0,0,0,0,1,博丽灵梦,四季映姬·亚玛萨那度,东风谷早苗,1,0,0,0,100
932,447,1,1,15,183,1,100,1,0,0,0,1,1,博丽灵梦,爱丽丝·玛格特洛依德,人偶（含上海人偶、哥利亚人偶）,0,100,0,0,0
735,447,1,21,23,26,1,100,0,0,1,0,0,1,西行寺幽幽子,八云紫,伊吹萃香,0,0,0,100,0
669,447,1,6,9,20,1,100,0,1,0,1,1,1,红美铃,十六夜咲夜,魂魄妖梦,0,0,100,0,0
756,447,1,10,54,83,1,100,1,0,0,1,1,0,蕾米莉亚·斯卡蕾特,古明地觉,九十九八桥,0,100,0,0,0
530,447,1,5,21,57,1,100,1,0,0,1,1,1,琪露诺,西行寺幽幽子,古明地恋,0,100,0,0,0
786,447,1,1,10,45,1,100,0,1,0,1,1,1,博丽灵梦,蕾米莉亚·斯卡蕾特,东风谷早苗,0,0,100,0,0
1105,447,1,49,84,0,1,100,0,0,0,0,0,0,比那名居天子,鬼人正邪,-,1,0,0,0,100
1039,447,1,5,57,0,1,100,0,1,0,1,1,0,琪露诺,古明地恋,-,0,0,100,0,0
980,447,1,5,10,11,1,100,0,0,1,1,1,1,琪露诺,蕾米莉亚·斯卡蕾特,芙兰朵露·斯卡蕾特,0,0,0,100,0
608,447,1,107,133,0,1,100,0,0,0,1,1,0,萨丽爱尔,神绮,-,1,0,0,0,100
512,447,1,1,45,57,1,100,0,1,0,0,1,0,博丽灵梦,东风谷早苗,古明地恋,0,0,100,0,0
1088,447,1,1,64,77,1,100,0,0,0,1,0,1,博丽灵梦,圣白莲,秦心,1,0,0,0,100
655,447,1,23,114,0,1,100,0,1,0,1,0,0,八云紫,小兔姬,-,0,0,100,0,0
402,447,1,9,10,35,1,100,1,0,0,1,0,1,十六夜咲夜,蕾米莉亚·斯卡蕾特,射命丸文,0,100,0,0,0
377,447,1,1,37,75,1,100,0,1,0,1,1,0,博丽灵梦,风见幽香,丰聪耳神子,0,0,100,0,0
470,447,1,54,97,0,1,100,0,1,0,1,1,0,古明地觉,稀神探女,-,0,0,100,0,0
614,447,1,65,84,85,1,100,0,0,0,0,1,0,封兽鵺,鬼人正邪,少名针妙丸,1,0,0,0,100
1018,447,1,57,77,78,1,100,0,1,0,0,1,0,古明地恋,秦心,秦河胜,0,0,100,0,0
868,447,1,1,11,0,1,100,1,0,0,1,0,0,博丽灵梦,芙兰朵露·斯卡蕾特,-,0,100,0,0,0
859,447,1,1,6,8,1,100,0,0,1,0,1,1,博丽灵梦,红美铃,帕秋莉·诺蕾姬,0,0,0,100,0
198,447,1,8,21,31,1,100,0,0,1,0,0,1,帕秋莉·诺蕾姬,西行寺幽幽子,铃仙·优昙华院·因幡,0,0,0,100,0
101,447,1,57,136,0,1,100,1,0,0,1,1,0,古明地恋,稗田阿求,-,0,100,0,0,0
717,447,1,37,38,0,1,100,1,0,0,1,1,0,风见幽香,小野塚小町,-,0,100,0,0,0
748,447,1,10,21,54,1,100,0,0,0,0,1,1,蕾米莉亚·斯卡蕾特,西行寺幽幽子,古明地觉,1,0,0,0,100
1107,447,1,145,164,0,1,100,1,0,0,1,0,0,茨木华扇,久米 / 竿打,-,0,100,0,0,0
1000,447,1,13,39,0,1,100,0,1,0,1,1,0,蕾蒂·霍瓦特洛克,四季映姬·亚玛萨那度,-,0,0,100,0,0
1069,447,1,7,8,21,1,100,0,0,0,1,1,1,小恶魔,帕秋莉·诺蕾姬,西行寺幽幽子,1,0,0,0,100
867,447,1,69,98,0,1,100,0,0,0,1,1,0,姬海棠果,克劳恩皮丝,-,1,0,0,0,100
421,447,1,1,20,44,1,100,0,0,1,0,1,1,博丽灵梦,魂魄妖梦,犬走椛,0,0,0,100,0
931,447,1,34,37,49,1,100,0,1,0,1,1,1,藤原妹红,风见幽香,比那名居天子,0,0,100,0,0
854,447,1,29,136,146,1,100,0,0,1,0,0,1,上白泽慧音,稗田阿求,本居小铃,0,0,0,100,0
862,447,1,1,34,0,1,100,1,0,0,1,1,0,博丽灵梦,藤原妹红,-,0,100,0,0,0
1099,447,1,30,47,0,1,100,0,0,0,1,1,0,因幡帝,洩矢诹访子,-,1,0,0,0,100
133,447,1,64,74,75,1,100,0,0,0,1,1,1,圣白莲,物部布都,丰聪耳神子,1,0,0,0,100
790,447,1,2,12,0,1,100,0,1,0,0,1,0,雾雨魔理沙,冴月麟,-,0,0,100,0,0
523,447,1,23,57,0,1,100,0,0,0,1,1,0,八云紫,古明地恋,-,1,0,0,0,100
953,447,1,26,37,0,1,100,0,0,0,1,1,0,伊吹萃香,风见幽香,-,1,0,0,0,100
483,447,1,5,32,0,1,100,0,0,0,1,0,0,琪露诺,八意永琳,-,1,0,0,0,100
806,447,1,8,137,0,1,100,0,1,0,1,1,0,帕秋莉·诺蕾姬,森近霖之助,-,0,0,100,0,0
62,447,1,38,39,80,1,100,0,0,1,0,1,1,小野塚小町,四季映姬·亚玛萨那度,赤蛮奇,0,0,0,100,0
818,447,1,21,23,39,1,100,0,0,0,1,1,1,西行寺幽幽子,八云紫,四季映姬·亚玛萨那度,1,0,0,0,100
1029,447,1,3,15,0,1,100,0,1,0,1,1,0,露米娅,爱丽丝·玛格特洛依德,-,0,0,100,0,0
809,447,1,42,54,0,1,100,0,0,0,1,0,0,键山雏,古明地觉,-,1,0,0,0,100
945,447,1,20,21,31,1,100,0,1,0,0,1,0,魂魄妖梦,西行寺幽幽子,铃仙·优昙华院·因幡,0,0,100,0,0
447,447,1,1,2,74,1,100,1,0,0,1,0,1,博丽灵梦,雾雨魔理沙,物部布都,0,100,0,0,0
248,447,1,15,31,0,1,100,1,0,0,1,1,0,爱丽丝·玛格特洛依德,铃仙·优昙华院·因幡,-,0,100,0,0,0
957,447,1,70,76,0,1,100,0,1,0,1,1,0,幽谷响子,二岩猯藏,-,0,0,100,0,0
563,447,1,58,62,63,1,100,1,0,0,0,0,0,娜兹玲,村纱水蜜,寅丸星,0,100,0,0,0
30,447,1,11,32,0,1,100,0,1,0,1,1,0,芙兰朵露·斯卡蕾特,八意永琳,-,0,0,100,0,0
1023,447,1,10,11,37,1,100,1,0,0,1,1,1,蕾米莉亚·斯卡蕾特,芙兰朵露·斯卡蕾特,风见幽香,0,100,0,0,0
560,447,1,9,54,59,1,100,0,1,0,1,1,1,十六夜咲夜,古明地觉,多多良小伞,0,0,100,0,0
881,447,1,10,21,23,1,100,0,0,1,1,1,1,蕾米莉亚·斯卡蕾特,西行寺幽幽子,八云紫,0,0,0,100,0
383,447,1,9,23,37,1,100,1,0,0,1,1,1,十六夜咲夜,八云紫,风见幽香,0,100,0,0,0
1083,447,1,1,18,45,1,100,0,0,0,0,0,1,博丽灵梦,梅露兰·普莉兹姆利巴,东风谷早苗,1,0,0,0,100
1032,447,1,52,64,0,1,100,1,0,0,1,1,0,水桥帕露西,圣白莲,-,0,100,0,0,0
589,447,1,43,57,77,1,100,0,1,0,1,0,0,河城荷取,古明地恋,秦心,0,0,100,0,0
1001,447,1,8,9,21,1,100,0,1,0,1,1,0,帕秋莉·诺蕾姬,十六夜咲夜,西行寺幽幽子,0,0,100,0,0
162,447,1,57,59,0,1,100,0,1,0,1,1,0,古明地恋,多多良小伞,-,0,0,100,0,0
356,447,1,4,9,0,1,100,0,1,0,1,1,0,大妖精,十六夜咲夜,-,0,0,100,0,0
656,447,1,1,26,77,1,100,1,0,0,1,1,1,博丽灵梦,伊吹萃香,秦心,0,100,0,0,0
842,447,1,33,98,0,1,100,0,0,0,1,0,0,蓬莱山辉夜,克劳恩皮丝,-,1,0,0,0,100
660,447,1,5,47,56,1,100,0,1,0,1,1,0,琪露诺,洩矢诹访子,灵乌路空,0,0,100,0,0
705,447,1,12,54,0,1,100,0,0,0,0,1,0,冴月麟,古明地觉,-,1,0,0,0,100
825,447,1,49,56,0,1,100,0,1,0,0,1,0,比那名居天子,灵乌路空,-,0,0,100,0,0
812,447,1,23,45,0,1,100,1,0,0,0,1,0,八云紫,东风谷早苗,-,0,100,0,0,0
1034,447,1,97,99,0,1,100,0,0,0,1,1,0,稀神探女,纯狐,-,1,0,0,0,100
706,447,1,5,43,44,1,100,0,0,0,1,0,1,琪露诺,河城荷取,犬走椛,1,0,0,0,100
343,447,1,42,191,0,1,100,0,1,0,1,0,0,键山雏,STG作品中没有名称的角色,-,0,0,100,0,0
725,447,1,1,32,75,1,100,0,0,1,1,1,1,博丽灵梦,八意永琳,丰聪耳神子,0,0,0,100,0
587,447,1,67,68,98,1,100,0,0,0,0,0,0,大鲶鱼,非想天则,克劳恩皮丝,1,0,0,0,100
898,447,1,26,84,0,1,100,1,0,0,0,1,0,伊吹萃香,鬼人正邪,-,0,100,0,0,0
977,447,1,16,34,51,1,100,0,0,1,1,1,1,莉莉白,藤原妹红,黑谷山女,0,0,0,100,0
906,447,1,1,21,49,1,100,0,0,1,1,1,1,博丽灵梦,西行寺幽幽子,比那名居天子,0,0,0,100,0
688,447,1,10,11,20,1,100,1,0,0,1,1,1,蕾米莉亚·斯卡蕾特,芙兰朵露·斯卡蕾特,魂魄妖梦,0,100,0,0,0
228,447,1,44,44,0,1,100,0,0,0,1,1,0,犬走椛,犬走椛,-,1,0,0,0,100
624,447,1,1,185,0,1,100,0,0,0,1,0,0,博丽灵梦,阴阳玉,-,1,0,0,0,100
502,447,1,35,45,47,1,100,0,0,0,1,1,1,射命丸文,东风谷早苗,洩矢诹访子,1,0,0,0,100
964,447,1,11,179,191,1,100,0,1,0,0,0,0,芙兰朵露·斯卡蕾特,毛玉,STG作品中没有名称的角色,0,0,100,0,0
291,447,1,45,59,65,1,100,0,0,0,1,1,0,东风谷早苗,多多良小伞,封兽鵺,1,0,0,0,100
722,447,1,2,47,0,1,100,1,0,0,1,1,0,雾雨魔理沙,洩矢诹访子,-,0,100,0,0,0
426,447,1,62,64,65,1,100,1,0,0,1,1,0,村纱水蜜,圣白莲,封兽鵺,0,100,0,0,0
284,447,1,29,39,0,1,100,0,0,0,1,1,0,上白泽慧音,四季映姬·亚玛萨那度,-,1,0,0,0,100
1108,447,1,2,10,15,1,100,1,0,0,0,1,1,雾雨魔理沙,蕾米莉亚·斯卡蕾特,爱丽丝·玛格特洛依德,0,100,0,0,0
202,447,1,42,42,0,1,100,0,0,0,1,1,0,键山雏,键山雏,-,1,0,0,0,100
309,447,1,35,86,0,1,100,1,0,0,1,1,0,射命丸文,堀川雷鼓,-,0,100,0,0,0
793,447,1,1,72,0,1,100,0,0,0,1,1,0,博丽灵梦,霍青娥,-,1,0,0,0,100
665,447,1,8,20,29,1,100,0,0,0,1,1,1,帕秋莉·诺蕾姬,魂魄妖梦,上白泽慧音,1,0,0,0,100
956,447,1,1,2,102,1,100,0,0,0,1,1,1,博丽灵梦,雾雨魔理沙,魅魔,1,0,0,0,100
539,447,1,7,20,31,1,100,0,0,0,1,0,1,小恶魔,魂魄妖梦,铃仙·优昙华院·因幡,1,0,0,0,100
731,447,1,30,39,0,1,100,1,0,0,1,1,0,因幡帝,四季映姬·亚玛萨那度,-,0,100,0,0,0
1102,447,1,2,35,57,1,100,0,0,0,1,1,1,雾雨魔理沙,射命丸文,古明地恋,1,0,0,0,100
75,447,1,74,84,0,1,100,0,0,0,1,0,0,物部布都,鬼人正邪,-,1,0,0,0,100
697,447,1,33,156,0,1,100,0,1,0,1,1,0,蓬莱山辉夜,岩笠,-,0,0,100,0,0
315,447,1,39,84,0,1,100,0,0,0,1,1,0,四季映姬·亚玛萨那度,鬼人正邪,-,1,0,0,0,100
1117,447,1,47,67,0,1,100,1,0,0,1,0,0,洩矢诹访子,大鲶鱼,-,0,100,0,0,0
911,447,1,36,57,84,1,100,0,0,1,1,1,1,梅蒂欣·梅兰可莉,古明地恋,鬼人正邪,0,0,0,100,0
836,447,1,10,136,141,1,100,0,0,0,1,1,1,蕾米莉亚·斯卡蕾特,稗田阿求,斯塔萨菲雅,1,0,0,0,100
203,447,1,2,15,85,1,100,0,1,0,0,1,0,雾雨魔理沙,爱丽丝·玛格特洛依德,少名针妙丸,0,0,100,0,0
540,447,1,6,15,63,1,100,0,0,1,1,1,1,红美铃,爱丽丝·玛格特洛依德,寅丸星,0,0,0,100,0
823,447,1,54,57,191,1,100,0,1,0,1,1,0,古明地觉,古明地恋,STG作品中没有名称的角色,0,0,100,0,0
695,447,1,21,136,0,1,100,1,0,0,1,1,0,西行寺幽幽子,稗田阿求,-,0,100,0,0,0
1063,447,1,1,21,77,1,100,0,1,0,1,1,1,博丽灵梦,西行寺幽幽子,秦心,0,0,100,0,0
1116,447,1,16,65,0,1,100,0,0,0,1,1,0,莉莉白,封兽鵺,-,1,0,0,0,100
584,447,1,9,11,181,1,100,0,1,0,0,1,0,十六夜咲夜,芙兰朵露·斯卡蕾特,UFO,0,0,100,0,0
1111,447,1,1,188,0,1,100,0,1,0,0,0,0,博丽灵梦,野铁炮,-,0,0,100,0,0
54,447,1,1,191,0,1,100,0,0,0,1,0,0,博丽灵梦,STG作品中没有名称的角色,-,1,0,0,0,100
784,447,1,5,33,34,1,100,0,1,0,1,1,1,琪露诺,蓬莱山辉夜,藤原妹红,0,0,100,0,0
499,447,1,15,37,102,1,100,0,1,0,1,1,1,爱丽丝·玛格特洛依德,风见幽香,魅魔,0,0,100,0,0
934,447,1,2,29,137,1,100,0,0,0,0,0,1,雾雨魔理沙,上白泽慧音,森近霖之助,1,0,0,0,100
1047,447,1,6,9,53,1,100,1,0,0,1,1,0,红美铃,十六夜咲夜,星熊勇仪,0,100,0,0,0
602,447,1,40,40,0,1,100,0,0,0,0,0,0,秋静叶,秋静叶,-,1,0,0,0,100
364,447,1,8,8,0,1,100,0,0,0,1,1,0,帕秋莉·诺蕾姬,帕秋莉·诺蕾姬,-,1,0,0,0,100
403,447,1,11,118,0,1,100,0,1,0,1,1,0,芙兰朵露·斯卡蕾特,冈崎梦美,-,0,0,100,0,0
434,447,1,1,2,7,1,100,1,0,0,1,1,0,博丽灵梦,雾雨魔理沙,小恶魔,0,100,0,0,0
595,447,1,31,94,144,1,100,0,0,0,1,0,0,铃仙·优昙华院·因幡,清兰,Reisen,1,0,0,0,100
278,447,1,55,94,0,1,100,0,0,0,0,1,0,火焰猫燐,清兰,-,1,0,0,0,100
816,447,1,9,11,23,1,100,1,0,0,1,1,1,十六夜咲夜,芙兰朵露·斯卡蕾特,八云紫,0,100,0,0,0
464,447,1,102,113,0,1,100,1,0,0,1,1,0,魅魔,爱莲,-,0,100,0,0,0
879,447,1,52,53,65,1,100,0,0,1,1,0,1,水桥帕露西,星熊勇仪,封兽鵺,0,0,0,100,0
1072,447,1,59,82,83,1,100,1,0,0,0,0,0,多多良小伞,九十九弁弁,九十九八桥,0,100,0,0,0
475,447,1,72,74,75,1,100,0,0,1,0,0,1,霍青娥,物部布都,丰聪耳神子,0,0,0,100,0
1074,447,1,9,10,22,1,100,1,0,0,1,1,1,十六夜咲夜,蕾米莉亚·斯卡蕾特,八云蓝,0,100,0,0,0
720,447,1,2,15,57,1,100,1,0,0,1,0,0,雾雨魔理沙,爱丽丝·玛格特洛依德,古明地恋,0,100,0,0,0
479,447,1,9,32,33,1,100,0,0,0,1,0,0,十六夜咲夜,八意永琳,蓬莱山辉夜,1,0,0,0,100
845,447,1,2,11,57,1,100,0,0,1,1,1,0,雾雨魔理沙,芙兰朵露·斯卡蕾特,古明地恋,0,0,0,100,0
947,447,1,1,5,10,1,100,0,1,0,1,1,1,博丽灵梦,琪露诺,蕾米莉亚·斯卡蕾特,0,0,100,0,0
664,447,1,20,60,137,1,100,0,0,1,0,0,0,魂魄妖梦,云山,森近霖之助,0,0,0,100,0
883,447,0,88,183,185,1,0,0,0,0,0,0,0,绿巨人,人偶（含上海人偶、哥利亚人偶）,阴阳玉,1,0,0,0,100
572,447,0,2,21,22,1,0,0,1,0,0,1,1,雾雨魔理沙,西行寺幽幽子,八云蓝,0,0,100,0,0
772,447,0,24,60,88,1,0,0,0,0,0,0,0,魂魄妖忌,云山,绿巨人,1,0,0,0,100
1086,447,0,29,80,0,1,0,0,1,0,0,1,0,上白泽慧音,赤蛮奇,-,0,0,100,0,0
1026,447,0,2,9,31,1,0,0,0,0,0,0,0,雾雨魔理沙,十六夜咲夜,铃仙·优昙华院·因幡,1,0,0,0,100
708,447,0,11,47,57,1,0,0,0,0,1,1,1,芙兰朵露·斯卡蕾特,洩矢诹访子,古明地恋,1,0,0,0,100
903,447,0,11,23,0,1,0,1,0,0,1,1,0,芙兰朵露·斯卡蕾特,八云紫,-,0,100,0,0,0
1004,447,0,5,6,20,1,0,0,0,0,0,1,0,琪露诺,红美铃,魂魄妖梦,1,0,0,0,100
157,447,0,45,55,0,1,0,0,0,0,1,0,0,东风谷早苗,火焰猫燐,-,1,0,0,0,100
878,447,0,2,48,49,1,0,0,0,1,0,0,0,雾雨魔理沙,永江衣玖,比那名居天子,0,0,0,100,0
1100,447,0,32,33,148,1,0,0,0,0,0,0,0,八意永琳,蓬莱山辉夜,月夜见,1,0,0,0,100
728,447,0,134,134,0,1,0,0,0,0,0,0,0,宇佐见莲子,宇佐见莲子,-,1,0,0,0,100
781,447,0,5,21,23,1,0,0,0,0,0,1,0,琪露诺,西行寺幽幽子,八云紫,1,0,0,0,100
435,447,0,9,16,26,1,0,0,0,0,0,0,1,十六夜咲夜,莉莉白,伊吹萃香,1,0,0,0,100
604,447,0,34,56,0,1,0,1,0,0,1,1,0,藤原妹红,灵乌路空,-,0,100,0,0,0
1003,447,0,26,37,71,1,0,0,0,0,0,0,0,伊吹萃香,风见幽香,宫古芳香,1,0,0,0,100
258,447,0,179,180,181,1,0,0,0,0,0,0,0,毛玉,妖精（含持花妖精，僵尸妖精）,UFO,1,0,0,0,100
710,447,0,50,51,52,1,0,0,0,0,1,1,1,琪斯美,黑谷山女,水桥帕露西,1,0,0,0,100
739,447,0,1,2,39,1,0,0,1,0,1,1,0,博丽灵梦,雾雨魔理沙,四季映姬·亚玛萨那度,0,0,100,0,0
924,447,0,6,29,96,1,0,0,0,0,0,0,0,红美铃,上白泽慧音,哆来咪·苏伊特,1,0,0,0,100
1073,447,0,9,20,45,1,0,0,0,1,0,1,1,十六夜咲夜,魂魄妖梦,东风谷早苗,0,0,0,100,0
379,447,0,10,21,32,1,0,0,0,0,0,0,0,蕾米莉亚·斯卡蕾特,西行寺幽幽子,八意永琳,1,0,0,0,100
213,447,0,48,48,0,1,0,0,0,0,0,0,0,永江衣玖,永江衣玖,-,1,0,0,0,100
801,447,0,1,84,0,1,0,1,0,0,0,1,0,博丽灵梦,鬼人正邪,-,0,100,0,0,0
1058,447,0,68,181,0,1,0,0,1,0,0,0,0,非想天则,UFO,-,0,0,100,0,0
834,447,0,1,10,136,1,0,0,0,0,1,1,1,博丽灵梦,蕾米莉亚·斯卡蕾特,稗田阿求,1,0,0,0,100
700,447,0,11,65,0,1,0,1,0,0,1,1,0,芙兰朵露·斯卡蕾特,封兽鵺,-,0,100,0,0,0
1046,447,0,64,74,0,1,0,0,0,0,0,0,0,圣白莲,物部布都,-,1,0,0,0,100
1027,447,0,15,27,37,1,0,0,0,1,1,0,1,爱丽丝·玛格特洛依德,莉格露·奈特巴格,风见幽香,0,0,0,100,0
798,447,0,9,20,21,1,0,0,0,0,0,0,0,十六夜咲夜,魂魄妖梦,西行寺幽幽子,1,0,0,0,100
430,447,0,1,45,46,1,0,0,0,0,0,0,0,博丽灵梦,东风谷早苗,八坂神奈子,1,0,0,0,100
821,447,0,23,37,133,1,0,0,0,0,1,0,1,八云紫,风见幽香,神绮,1,0,0,0,100
935,447,0,1,137,138,1,0,0,0,0,0,1,0,博丽灵梦,森近霖之助,无名的读书妖怪（朱鹭子）,1,0,0,0,100
683,447,0,94,97,0,1,0,1,0,0,1,1,0,清兰,稀神探女,-,0,100,0,0,0
870,447,0,159,161,191,1,0,0,1,0,0,0,0,求闻史纪中的受访人群（如蟒蛇六介、彦佐卫门、花店老板、某位母亲等）,酒虫,STG作品中没有名称的角色,0,0,100,0,0
886,447,0,32,97,0,1,0,0,0,0,0,1,0,八意永琳,稀神探女,-,1,0,0,0,100
877,447,0,32,99,100,1,0,0,0,0,0,1,0,八意永琳,纯狐,赫卡提亚·拉碧斯拉祖利,1,0,0,0,100
531,447,0,43,45,0,1,0,0,0,0,0,1,0,河城荷取,东风谷早苗,-,1,0,0,0,100
446,447,0,33,137,0,1,0,0,0,0,0,1,0,蓬莱山辉夜,森近霖之助,-,1,0,0,0,100
251,447,0,102,109,110,1,0,0,0,0,1,0,1,魅魔,里香,明罗,1,0,0,0,100
371,447,0,33,34,136,1,0,0,0,0,1,0,1,蓬莱山辉夜,藤原妹红,稗田阿求,1,0,0,0,100
503,447,0,29,35,0,1,0,0,1,0,0,0,0,上白泽慧音,射命丸文,-,0,0,100,0,0
721,447,0,37,45,0,1,0,0,0,0,1,1,0,风见幽香,东风谷早苗,-,1,0,0,0,100
744,447,0,30,42,48,1,0,0,0,0,0,1,0,因幡帝,键山雏,永江衣玖,1,0,0,0,100
276,447,0,11,33,34,1,0,1,0,0,0,1,1,芙兰朵露·斯卡蕾特,蓬莱山辉夜,藤原妹红,0,100,0,0,0
1065,447,0,102,104,0,1,0,0,0,0,0,1,0,魅魔,矜羯罗,-,1,0,0,0,100
677,447,0,42,45,145,1,0,0,0,0,1,1,1,键山雏,东风谷早苗,茨木华扇,1,0,0,0,100
890,447,0,23,37,49,1,0,0,0,0,0,0,0,八云紫,风见幽香,比那名居天子,1,0,0,0,100
1024,447,0,15,133,183,1,0,0,0,0,1,0,1,爱丽丝·玛格特洛依德,神绮,人偶（含上海人偶、哥利亚人偶）,1,0,0,0,100
1098,447,0,42,80,0,1,0,0,0,0,0,0,0,键山雏,赤蛮奇,-,1,0,0,0,100
425,447,0,15,23,46,1,0,0,0,1,0,1,0,爱丽丝·玛格特洛依德,八云紫,八坂神奈子,0,0,0,100,0
298,447,0,2,87,0,1,0,0,0,0,1,1,0,雾雨魔理沙,宇佐见堇子,-,1,0,0,0,100
1068,447,0,20,53,0,1,0,0,0,0,1,0,0,魂魄妖梦,星熊勇仪,-,1,0,0,0,100
986,447,0,51,52,53,1,0,0,0,1,0,1,0,黑谷山女,水桥帕露西,星熊勇仪,0,0,0,100,0
767,447,0,3,13,0,1,0,0,0,0,0,0,0,露米娅,蕾蒂·霍瓦特洛克,-,1,0,0,0,100
949,447,0,132,133,0,1,0,0,1,0,1,0,0,梦子,神绮,-,0,0,100,0,0
972,447,0,21,77,0,1,0,1,0,0,1,1,0,西行寺幽幽子,秦心,-,0,100,0,0,0
328,447,0,117,134,0,1,0,0,0,0,1,1,0,北白河千百合,宇佐见莲子,-,1,0,0,0,100
737,447,0,30,31,34,1,0,1,0,0,0,1,1,因幡帝,铃仙·优昙华院·因幡,藤原妹红,0,100,0,0,0
951,447,0,179,182,188,1,0,0,0,0,0,0,0,毛玉,怨灵,野铁炮,1,0,0,0,100
582,447,0,14,23,0,1,0,0,0,0,1,0,0,橙,八云紫,-,1,0,0,0,100
984,447,0,21,31,0,1,0,0,0,0,0,0,0,西行寺幽幽子,铃仙·优昙华院·因幡,-,1,0,0,0,100
1110,447,0,15,29,0,1,0,0,0,0,1,1,0,爱丽丝·玛格特洛依德,上白泽慧音,-,1,0,0,0,100
98,447,0,37,53,0,1,0,0,0,0,1,1,0,风见幽香,星熊勇仪,-,1,0,0,0,100
799,447,0,11,22,33,1,0,0,0,0,0,0,0,芙兰朵露·斯卡蕾特,八云蓝,蓬莱山辉夜,1,0,0,0,100
740,447,0,30,65,84,1,0,0,0,0,1,1,1,因幡帝,封兽鵺,鬼人正邪,1,0,0,0,100
495,447,0,12,24,25,1,0,0,0,0,0,0,0,冴月麟,魂魄妖忌,蕾拉·普莉兹姆利巴,1,0,0,0,100
999,447,0,8,11,33,1,0,0,0,0,1,0,0,帕秋莉·诺蕾姬,芙兰朵露·斯卡蕾特,蓬莱山辉夜,1,0,0,0,100
414,447,0,42,97,0,1,0,0,0,0,1,1,0,键山雏,稀神探女,-,1,0,0,0,100
358,447,0,72,75,77,1,0,0,1,0,1,1,1,霍青娥,丰聪耳神子,秦心,0,0,100,0,0
304,447,0,38,94,0,1,0,0,0,0,0,0,0,小野塚小町,清兰,-,1,0,0,0,100
701,447,0,35,43,0,1,0,0,0,0,1,1,0,射命丸文,河城荷取,-,1,0,0,0,100
874,447,0,42,48,0,1,0,0,0,0,1,1,0,键山雏,永江衣玖,-,1,0,0,0,100
819,447,0,32,98,0,1,0,1,0,0,0,0,0,八意永琳,克劳恩皮丝,-,0,100,0,0,0
462,447,0,10,34,0,1,0,0,1,0,1,0,0,蕾米莉亚·斯卡蕾特,藤原妹红,-,0,0,100,0,0
857,447,0,46,46,0,1,0,0,0,0,0,0,0,八坂神奈子,八坂神奈子,-,1,0,0,0,100
250,447,0,1,104,0,1,0,0,0,0,0,1,0,博丽灵梦,矜羯罗,-,1,0,0,0,100
954,447,0,30,137,0,1,0,0,0,0,1,0,0,因幡帝,森近霖之助,-,1,0,0,0,100
505,447,0,37,44,0,1,0,0,1,0,1,0,0,风见幽香,犬走椛,-,0,0,100,0,0
899,447,0,45,54,57,1,0,0,0,1,0,0,1,东风谷早苗,古明地觉,古明地恋,0,0,0,100,0
577,447,0,23,48,49,1,0,0,0,0,1,0,1,八云紫,永江衣玖,比那名居天子,1,0,0,0,100
532,447,0,1,9,20,1,0,0,0,0,0,0,1,博丽灵梦,十六夜咲夜,魂魄妖梦,1,0,0,0,100
201,447,0,31,102,0,1,0,0,0,0,1,1,0,铃仙·优昙华院·因幡,魅魔,-,1,0,0,0,100
1085,447,0,2,5,0,1,0,1,0,0,1,0,0,雾雨魔理沙,琪露诺,-,0,100,0,0,0
693,447,0,37,102,118,1,0,1,0,0,0,0,1,风见幽香,魅魔,冈崎梦美,0,100,0,0,0
792,447,0,2,84,0,1,0,0,1,0,0,0,0,雾雨魔理沙,鬼人正邪,-,0,0,100,0,0
494,447,0,31,33,99,1,0,0,1,0,0,0,1,铃仙·优昙华院·因幡,蓬莱山辉夜,纯狐,0,0,100,0,0
581,447,0,2,11,35,1,0,1,0,0,1,1,1,雾雨魔理沙,芙兰朵露·斯卡蕾特,射命丸文,0,100,0,0,0
437,447,0,78,90,99,1,0,0,0,0,0,0,0,秦河胜,八尺大人,纯狐,1,0,0,0,100
354,447,0,55,63,0,1,0,0,0,0,0,0,0,火焰猫燐,寅丸星,-,1,0,0,0,100
292,447,0,35,42,43,1,0,0,0,0,0,0,1,射命丸文,键山雏,河城荷取,1,0,0,0,100
283,447,0,20,22,31,1,0,0,1,0,0,0,0,魂魄妖梦,八云蓝,铃仙·优昙华院·因幡,0,0,100,0,0
696,447,0,42,52,53,1,0,0,0,1,0,1,0,键山雏,水桥帕露西,星熊勇仪,0,0,0,100,0
417,447,0,73,73,0,1,0,0,0,0,1,1,0,苏我屠自古,苏我屠自古,-,1,0,0,0,100
858,447,0,3,31,0,1,0,0,0,0,1,1,0,露米娅,铃仙·优昙华院·因幡,-,1,0,0,0,100
407,447,0,1,143,0,1,0,0,1,0,1,0,0,博丽灵梦,绵月依姬,-,0,0,100,0,0
557,447,0,145,146,0,1,0,1,0,0,0,1,0,茨木华扇,本居小铃,-,0,100,0,0,0
869,447,0,54,96,0,1,0,0,0,0,1,1,0,古明地觉,哆来咪·苏伊特,-,1,0,0,0,100
826,447,0,23,24,35,1,0,0,0,1,1,0,1,八云紫,魂魄妖忌,射命丸文,0,0,0,100,0
444,447,0,30,34,0,1,0,1,0,0,0,1,0,因幡帝,藤原妹红,-,0,100,0,0,0
1038,447,0,1,26,145,1,0,0,0,0,1,0,0,博丽灵梦,伊吹萃香,茨木华扇,1,0,0,0,100
751,447,0,72,99,145,1,0,0,0,0,1,0,0,霍青娥,纯狐,茨木华扇,1,0,0,0,100
1009,447,0,34,65,84,1,0,0,0,0,1,1,1,藤原妹红,封兽鵺,鬼人正邪,1,0,0,0,100
919,447,0,28,30,0,1,0,0,1,0,0,1,0,米斯蒂娅·萝蕾拉,因幡帝,-,0,0,100,0,0
839,447,0,71,145,0,1,0,1,0,0,1,1,0,宫古芳香,茨木华扇,-,0,100,0,0,0
1007,447,0,5,9,15,1,0,0,1,0,0,0,1,琪露诺,十六夜咲夜,爱丽丝·玛格特洛依德,0,0,100,0,0
617,447,0,37,86,0,1,0,1,0,0,0,1,0,风见幽香,堀川雷鼓,-,0,100,0,0,0
968,447,0,36,59,0,1,0,0,0,0,1,0,0,梅蒂欣·梅兰可莉,多多良小伞,-,1,0,0,0,100
217,447,0,10,11,57,1,0,1,0,0,1,1,1,蕾米莉亚·斯卡蕾特,芙兰朵露·斯卡蕾特,古明地恋,0,100,0,0,0
1028,447,0,79,84,0,1,0,0,0,0,0,1,0,若鹭姬,鬼人正邪,-,1,0,0,0,100
754,447,0,1,45,49,1,0,1,0,0,1,0,1,博丽灵梦,东风谷早苗,比那名居天子,0,100,0,0,0
302,447,0,33,34,100,1,0,0,0,1,1,0,0,蓬莱山辉夜,藤原妹红,赫卡提亚·拉碧斯拉祖利,0,0,0,100,0
674,447,0,15,23,37,1,0,0,0,0,1,1,1,爱丽丝·玛格特洛依德,八云紫,风见幽香,1,0,0,0,100
753,447,0,1,96,98,1,0,1,0,0,1,0,1,博丽灵梦,哆来咪·苏伊特,克劳恩皮丝,0,100,0,0,0
726,447,0,6,27,0,1,0,0,0,0,1,0,0,红美铃,莉格露·奈特巴格,-,1,0,0,0,100
1095,447,0,28,28,0,1,0,0,0,0,0,0,0,米斯蒂娅·萝蕾拉,米斯蒂娅·萝蕾拉,-,1,0,0,0,100
1082,447,0,22,23,99,1,0,0,0,0,0,1,1,八云蓝,八云紫,纯狐,1,0,0,0,100
743,447,0,9,23,32,1,0,0,1,0,0,0,0,十六夜咲夜,八云紫,八意永琳,0,0,100,0,0
843,447,0,10,35,0,1,0,0,0,0,1,1,0,蕾米莉亚·斯卡蕾特,射命丸文,-,1,0,0,0,100
1040,447,0,189,190,0,1,0,0,0,0,0,0,0,地精,座敷童子,-,1,0,0,0,100
944,447,0,8,56,0,1,0,0,0,0,1,0,0,帕秋莉·诺蕾姬,灵乌路空,-,1,0,0,0,100
802,447,0,1,31,45,1,0,1,0,0,1,1,1,博丽灵梦,铃仙·优昙华院·因幡,东风谷早苗,0,100,0,0,0
1070,447,0,8,15,43,1,0,0,0,0,0,0,0,帕秋莉·诺蕾姬,爱丽丝·玛格特洛依德,河城荷取,1,0,0,0,100
375,447,0,9,97,0,1,0,1,0,0,1,0,0,十六夜咲夜,稀神探女,-,0,100,0,0,0
311,447,0,98,115,0,1,0,0,0,0,0,0,0,克劳恩皮丝,卡娜·安娜贝拉尔,-,1,0,0,0,100
1010,447,0,66,75,0,1,0,0,1,0,0,1,0,命莲,丰聪耳神子,-,0,0,100,0,0
629,447,0,31,32,99,1,0,0,0,0,0,1,1,铃仙·优昙华院·因幡,八意永琳,纯狐,1,0,0,0,100
835,447,0,1,10,69,1,0,0,0,0,1,1,1,博丽灵梦,蕾米莉亚·斯卡蕾特,姬海棠果,1,0,0,0,100
1094,447,0,9,49,0,1,0,0,0,0,0,1,0,十六夜咲夜,比那名居天子,-,1,0,0,0,100
534,447,0,14,15,22,1,0,0,0,0,0,1,0,橙,爱丽丝·玛格特洛依德,八云蓝,1,0,0,0,100
440,447,0,87,96,97,1,0,0,0,0,1,0,1,宇佐见堇子,哆来咪·苏伊特,稀神探女,1,0,0,0,100
378,447,0,133,147,148,1,0,0,0,0,0,1,0,神绮,龙神,月夜见,1,0,0,0,100
994,447,0,101,108,137,1,0,0,0,0,0,0,0,神玉,玄爷,森近霖之助,1,0,0,0,100
368,447,0,15,72,145,1,0,1,0,0,1,1,0,爱丽丝·玛格特洛依德,霍青娥,茨木华扇,0,100,0,0,0
985,447,0,64,72,75,1,0,0,0,0,0,0,1,圣白莲,霍青娥,丰聪耳神子,1,0,0,0,100
1113,447,0,30,32,0,1,0,0,1,0,1,1,0,因幡帝,八意永琳,-,0,0,100,0,0
108,447,0,55,56,57,1,0,0,0,0,0,0,0,火焰猫燐,灵乌路空,古明地恋,1,0,0,0,100
636,447,0,5,98,99,1,0,0,0,1,1,1,0,琪露诺,克劳恩皮丝,纯狐,0,0,0,100,0
644,447,0,21,54,57,1,0,0,0,1,1,1,1,西行寺幽幽子,古明地觉,古明地恋,0,0,0,100,0
983,447,0,9,20,35,1,0,0,0,0,0,1,0,十六夜咲夜,魂魄妖梦,射命丸文,1,0,0,0,100
397,447,0,96,113,0,1,0,0,0,0,1,1,0,哆来咪·苏伊特,爱莲,-,1,0,0,0,100
398,447,0,16,70,0,1,0,1,0,0,1,0,0,莉莉白,幽谷响子,-,0,100,0,0,0
504,447,0,31,54,0,1,0,0,1,0,1,1,0,铃仙·优昙华院·因幡,古明地觉,-,0,0,100,0,0
849,447,0,3,59,80,1,0,0,1,0,0,0,1,露米娅,多多良小伞,赤蛮奇,0,0,100,0,0
1118,447,0,26,53,190,1,0,1,0,0,1,0,0,伊吹萃香,星熊勇仪,座敷童子,0,100,0,0,0
566,447,0,23,64,0,1,0,1,0,0,1,0,0,八云紫,圣白莲,-,0,100,0,0,0
1090,447,0,57,65,0,1,0,0,0,0,1,0,0,古明地恋,封兽鵺,-,1,0,0,0,100
280,447,0,6,10,80,1,0,0,0,0,1,0,0,红美铃,蕾米莉亚·斯卡蕾特,赤蛮奇,1,0,0,0,100
872,447,0,14,26,30,1,0,0,0,0,1,1,1,橙,伊吹萃香,因幡帝,1,0,0,0,100
667,447,0,1,23,49,1,0,0,0,0,1,1,0,博丽灵梦,八云紫,比那名居天子,1,0,0,0,100
769,447,0,37,85,0,1,0,1,0,0,0,0,0,风见幽香,少名针妙丸,-,0,100,0,0,0
338,447,0,1,178,0,1,0,0,0,0,1,0,0,博丽灵梦,占卜师（易者）,-,1,0,0,0,100
405,447,0,44,45,0,1,0,0,0,0,1,1,0,犬走椛,东风谷早苗,-,1,0,0,0,100
876,447,0,1,2,57,1,0,0,0,1,1,0,1,博丽灵梦,雾雨魔理沙,古明地恋,0,0,0,100,0
925,447,0,17,40,69,1,0,0,0,0,0,0,0,露娜萨·普莉兹姆利巴,秋静叶,姬海棠果,1,0,0,0,100
690,447,0,64,77,0,1,0,1,0,0,1,1,0,圣白莲,秦心,-,0,100,0,0,0
422,447,0,15,54,0,1,0,0,0,0,1,1,0,爱丽丝·玛格特洛依德,古明地觉,-,1,0,0,0,100
1052,447,0,21,35,45,1,0,1,0,0,1,0,0,西行寺幽幽子,射命丸文,东风谷早苗,0,100,0,0,0
987,447,0,42,72,0,1,0,0,0,0,1,0,0,键山雏,霍青娥,-,1,0,0,0,100
524,447,0,95,96,0,1,0,0,1,0,0,0,0,铃瑚,哆来咪·苏伊特,-,0,0,100,0,0
738,447,0,33,34,35,1,0,0,0,1,0,1,1,蓬莱山辉夜,藤原妹红,射命丸文,0,0,0,100,0
905,447,0,1,3,5,1,0,1,0,0,0,0,0,博丽灵梦,露米娅,琪露诺,0,100,0,0,0
468,447,0,14,22,99,1,0,0,0,1,0,0,1,橙,八云蓝,纯狐,0,0,0,100,0
607,447,0,96,96,0,1,0,0,0,0,0,0,0,哆来咪·苏伊特,哆来咪·苏伊特,-,1,0,0,0,100
723,447,0,180,180,0,1,0,0,0,0,0,0,0,妖精（含持花妖精，僵尸妖精）,妖精（含持花妖精，僵尸妖精）,-,1,0,0,0,100
676,447,0,8,43,118,1,0,0,0,0,0,1,1,帕秋莉·诺蕾姬,河城荷取,冈崎梦美,1,0,0,0,100
937,447,0,22,72,137,1,0,0,0,0,0,1,1,八云蓝,霍青娥,森近霖之助,1,0,0,0,100
1041,447,0,32,148,0,1,0,0,0,0,1,0,0,八意永琳,月夜见,-,1,0,0,0,100
96,447,0,94,95,97,1,0,0,0,0,0,0,0,清兰,铃瑚,稀神探女,1,0,0,0,100
865,447,0,42,64,75,1,0,0,0,0,0,0,0,键山雏,圣白莲,丰聪耳神子,1,0,0,0,100
941,447,0,37,42,0,1,0,1,0,0,1,1,0,风见幽香,键山雏,-,0,100,0,0,0
458,447,0,45,69,0,1,0,0,0,0,1,1,0,东风谷早苗,姬海棠果,-,1,0,0,0,100
885,447,0,77,78,0,1,0,0,1,0,0,0,0,秦心,秦河胜,-,0,0,100,0,0
613,447,0,133,133,0,1,0,0,0,0,1,1,0,神绮,神绮,-,1,0,0,0,100
420,447,0,55,182,0,1,0,0,0,0,0,0,0,火焰猫燐,怨灵,-,1,0,0,0,100
1049,447,0,12,26,0,1,0,0,0,0,1,1,0,冴月麟,伊吹萃香,-,1,0,0,0,100
1005,447,0,5,22,24,1,0,0,0,0,1,0,0,琪露诺,八云蓝,魂魄妖忌,1,0,0,0,100
497,447,0,15,43,0,1,0,0,0,0,0,0,0,爱丽丝·玛格特洛依德,河城荷取,-,1,0,0,0,100
441,447,0,23,87,0,1,0,1,0,0,0,1,0,八云紫,宇佐见堇子,-,0,100,0,0,0
760,447,0,48,67,79,1,0,0,0,0,0,0,0,永江衣玖,大鲶鱼,若鹭姬,1,0,0,0,100
922,447,0,2,96,97,1,0,0,0,0,1,1,1,雾雨魔理沙,哆来咪·苏伊特,稀神探女,1,0,0,0,100
438,447,0,39,44,74,1,0,0,0,0,0,0,0,四季映姬·亚玛萨那度,犬走椛,物部布都,1,0,0,0,100
452,447,0,1,45,77,1,0,0,0,0,1,0,0,博丽灵梦,东风谷早苗,秦心,1,0,0,0,100
336,447,0,86,100,0,1,0,0,0,0,0,1,0,堀川雷鼓,赫卡提亚·拉碧斯拉祖利,-,1,0,0,0,100
672,447,0,9,22,0,1,0,1,0,0,1,0,0,十六夜咲夜,八云蓝,-,0,100,0,0,0
715,447,0,43,79,0,1,0,1,0,0,0,0,0,河城荷取,若鹭姬,-,0,100,0,0,0
1092,447,0,84,137,0,1,0,0,1,0,1,1,0,鬼人正邪,森近霖之助,-,0,0,100,0,0
1064,447,0,1,57,77,1,0,0,1,0,1,0,1,博丽灵梦,古明地恋,秦心,0,0,100,0,0
306,447,0,3,11,0,1,0,0,0,0,0,1,0,露米娅,芙兰朵露·斯卡蕾特,-,1,0,0,0,100
896,447,0,75,78,0,1,0,0,0,0,0,0,0,丰聪耳神子,秦河胜,-,1,0,0,0,100
454,447,0,21,47,0,1,0,0,0,0,0,1,0,西行寺幽幽子,洩矢诹访子,-,1,0,0,0,100
1055,447,0,1,134,135,1,0,0,1,0,1,0,0,博丽灵梦,宇佐见莲子,玛艾露贝莉·赫恩,0,0,100,0,0
56,447,0,26,46,53,1,0,0,0,0,0,0,0,伊吹萃香,八坂神奈子,星熊勇仪,1,0,0,0,100
609,447,0,106,107,0,1,0,0,0,0,0,1,0,依莉斯,萨丽爱尔,-,1,0,0,0,100
778,447,0,16,37,0,1,0,0,1,0,1,0,0,莉莉白,风见幽香,-,0,0,100,0,0
570,447,0,8,9,11,1,0,0,0,1,1,1,1,帕秋莉·诺蕾姬,十六夜咲夜,芙兰朵露·斯卡蕾特,0,0,0,100,0
712,447,0,151,153,0,1,0,0,0,0,1,1,0,天照大御神,天宇受卖命,-,1,0,0,0,100
1062,447,0,40,41,137,1,0,0,0,0,0,0,0,秋静叶,秋穰子,森近霖之助,1,0,0,0,100
633,447,0,3,28,0,1,0,0,0,0,0,0,0,露米娅,米斯蒂娅·萝蕾拉,-,1,0,0,0,100
1053,447,0,33,34,37,1,0,0,0,1,1,1,0,蓬莱山辉夜,藤原妹红,风见幽香,0,0,0,100,0
773,447,0,109,116,0,1,0,1,0,0,1,1,0,里香,朝仓理香子,-,0,100,0,0,0
904,447,0,34,75,0,1,0,0,0,0,1,1,0,藤原妹红,丰聪耳神子,-,1,0,0,0,100
770,447,0,97,98,0,1,0,0,1,0,0,1,0,稀神探女,克劳恩皮丝,-,0,0,100,0,0
783,447,0,12,114,0,1,0,0,1,0,1,1,0,冴月麟,小兔姬,-,0,0,100,0,0
779,447,0,59,70,0,1,0,0,1,0,0,0,0,多多良小伞,幽谷响子,-,0,0,100,0,0
476,447,0,15,49,0,1,0,1,0,0,1,0,0,爱丽丝·玛格特洛依德,比那名居天子,-,0,100,0,0,0
1115,447,0,26,52,53,1,0,0,0,0,0,0,1,伊吹萃香,水桥帕露西,星熊勇仪,1,0,0,0,100
921,447,0,2,20,0,1,0,1,0,0,1,1,0,雾雨魔理沙,魂魄妖梦,-,0,100,0,0,0
704,447,0,22,23,37,1,0,0,0,0,0,1,0,八云蓝,八云紫,风见幽香,1,0,0,0,100
585,447,0,51,52,0,1,0,0,0,0,1,0,0,黑谷山女,水桥帕露西,-,1,0,0,0,100
1044,447,0,2,26,35,1,0,1,0,0,0,0,0,雾雨魔理沙,伊吹萃香,射命丸文,0,100,0,0,0
893,447,0,26,100,0,1,0,1,0,0,1,0,0,伊吹萃香,赫卡提亚·拉碧斯拉祖利,-,0,100,0,0,0
829,447,0,6,35,0,1,0,0,0,0,1,1,0,红美铃,射命丸文,-,1,0,0,0,100
908,447,0,29,34,183,1,0,0,0,1,0,0,0,上白泽慧音,藤原妹红,人偶（含上海人偶、哥利亚人偶）,0,0,0,100,0
936,447,0,137,142,143,1,0,0,0,0,1,0,0,森近霖之助,绵月丰姬,绵月依姬,1,0,0,0,100
170,447,0,1,4,5,1,0,0,0,0,1,1,1,博丽灵梦,大妖精,琪露诺,1,0,0,0,100
958,447,0,6,72,99,1,0,0,0,0,1,0,0,红美铃,霍青娥,纯狐,1,0,0,0,100
325,447,0,49,54,0,1,0,1,0,0,1,1,0,比那名居天子,古明地觉,-,0,100,0,0,0
707,447,0,26,31,98,1,0,0,0,0,0,0,1,伊吹萃香,铃仙·优昙华院·因幡,克劳恩皮丝,1,0,0,0,100
847,447,0,1,107,0,1,0,0,1,0,1,1,0,博丽灵梦,萨丽爱尔,-,0,0,100,0,0
594,447,0,5,27,37,1,0,0,0,0,1,0,0,琪露诺,莉格露·奈特巴格,风见幽香,1,0,0,0,100
810,447,0,45,47,59,1,0,1,0,0,1,0,0,东风谷早苗,洩矢诹访子,多多良小伞,0,100,0,0,0
692,447,0,33,148,0,1,0,0,0,0,1,0,0,蓬莱山辉夜,月夜见,-,1,0,0,0,100
549,447,0,26,48,49,1,0,0,0,0,0,0,1,伊吹萃香,永江衣玖,比那名居天子,1,0,0,0,100
510,447,0,143,153,154,1,0,1,0,0,0,0,0,绵月依姬,天宇受卖命,伊豆能卖,0,100,0,0,0
232,447,0,96,115,0,1,0,0,0,0,0,0,0,哆来咪·苏伊特,卡娜·安娜贝拉尔,-,1,0,0,0,100
782,447,0,34,49,0,1,0,1,0,0,1,0,0,藤原妹红,比那名居天子,-,0,100,0,0,0
766,447,0,43,57,0,1,0,0,0,0,0,0,0,河城荷取,古明地恋,-,1,0,0,0,100
327,447,0,118,118,0,1,0,0,0,0,1,1,0,冈崎梦美,冈崎梦美,-,1,0,0,0,100
808,447,0,134,137,0,1,0,1,0,0,1,1,0,宇佐见莲子,森近霖之助,-,0,100,0,0,0
399,447,0,8,113,0,1,0,0,0,0,0,1,0,帕秋莉·诺蕾姬,爱莲,-,1,0,0,0,100
518,447,0,11,33,0,1,0,0,1,0,0,0,0,芙兰朵露·斯卡蕾特,蓬莱山辉夜,-,0,0,100,0,0
755,447,0,1,54,55,1,0,1,0,0,1,0,0,博丽灵梦,古明地觉,火焰猫燐,0,100,0,0,0
242,447,0,31,97,0,1,0,0,1,0,0,1,0,铃仙·优昙华院·因幡,稀神探女,-,0,0,100,0,0
929,447,0,1,35,45,1,0,0,0,0,1,0,0,博丽灵梦,射命丸文,东风谷早苗,1,0,0,0,100
611,447,0,39,48,49,1,0,1,0,0,1,0,0,四季映姬·亚玛萨那度,永江衣玖,比那名居天子,0,100,0,0,0
199,447,0,15,102,133,1,0,0,1,0,0,1,0,爱丽丝·玛格特洛依德,魅魔,神绮,0,0,100,0,0
259,447,0,3,21,23,1,0,0,0,0,0,1,0,露米娅,西行寺幽幽子,八云紫,1,0,0,0,100
838,447,0,97,185,0,1,0,0,1,0,1,0,0,稀神探女,阴阳玉,-,0,0,100,0,0
586,447,0,1,2,99,1,0,0,1,0,0,1,0,博丽灵梦,雾雨魔理沙,纯狐,0,0,100,0,0
800,447,0,8,37,86,1,0,0,0,0,0,0,0,帕秋莉·诺蕾姬,风见幽香,堀川雷鼓,1,0,0,0,100
1013,447,0,31,31,0,1,0,0,0,0,1,1,0,铃仙·优昙华院·因幡,铃仙·优昙华院·因幡,-,1,0,0,0,100
321,447,0,41,43,0,1,0,0,0,0,0,1,0,秋穰子,河城荷取,-,1,0,0,0,100
888,447,0,15,37,49,1,0,0,1,0,0,1,0,爱丽丝·玛格特洛依德,风见幽香,比那名居天子,0,0,100,0,0
1002,447,0,8,15,49,1,0,0,0,0,1,1,0,帕秋莉·诺蕾姬,爱丽丝·玛格特洛依德,比那名居天子,1,0,0,0,100
628,447,0,1,37,102,1,0,0,0,0,0,0,0,博丽灵梦,风见幽香,魅魔,1,0,0,0,100
736,447,0,9,20,44,1,0,1,0,0,0,0,1,十六夜咲夜,魂魄妖梦,犬走椛,0,100,0,0,0
542,447,0,124,125,0,1,0,0,0,0,1,0,0,胡桃,艾丽,-,1,0,0,0,100
856,447,0,156,168,189,1,0,0,0,0,0,0,0,岩笠,人面犬,地精,1,0,0,0,100
569,447,0,5,8,15,1,0,1,0,0,1,1,1,琪露诺,帕秋莉·诺蕾姬,爱丽丝·玛格特洛依德,0,100,0,0,0
663,447,0,8,9,20,1,0,0,0,1,0,0,0,帕秋莉·诺蕾姬,十六夜咲夜,魂魄妖梦,0,0,0,100,0
612,447,0,58,59,70,1,0,0,0,0,1,1,0,娜兹玲,多多良小伞,幽谷响子,1,0,0,0,100
1076,447,0,26,53,59,1,0,1,0,0,1,1,1,伊吹萃香,星熊勇仪,多多良小伞,0,100,0,0,0
631,447,0,29,33,35,1,0,1,0,0,1,1,0,上白泽慧音,蓬莱山辉夜,射命丸文,0,100,0,0,0
895,447,0,6,37,98,1,0,0,0,0,0,0,1,红美铃,风见幽香,克劳恩皮丝,1,0,0,0,100
600,447,0,28,31,79,1,0,0,0,0,1,0,0,米斯蒂娅·萝蕾拉,铃仙·优昙华院·因幡,若鹭姬,1,0,0,0,100
659,447,0,9,10,54,1,0,0,0,0,0,0,0,十六夜咲夜,蕾米莉亚·斯卡蕾特,古明地觉,1,0,0,0,100
210,447,0,4,5,7,1,0,0,0,0,0,1,1,大妖精,琪露诺,小恶魔,1,0,0,0,100
996,447,0,76,84,0,1,0,0,0,0,1,1,0,二岩猯藏,鬼人正邪,-,1,0,0,0,100
1019,447,0,19,28,0,1,0,0,0,0,0,0,0,莉莉卡·普莉兹姆利巴,米斯蒂娅·萝蕾拉,-,1,0,0,0,100
863,447,0,1,34,49,1,0,0,0,0,1,1,1,博丽灵梦,藤原妹红,比那名居天子,1,0,0,0,100
1071,447,0,14,30,31,1,0,1,0,0,0,0,1,橙,因幡帝,铃仙·优昙华院·因幡,0,100,0,0,0
317,447,0,1,16,0,1,0,0,0,0,1,1,0,博丽灵梦,莉莉白,-,1,0,0,0,100
599,447,0,22,24,0,1,0,0,0,0,0,0,0,八云蓝,魂魄妖忌,-,1,0,0,0,100
938,447,0,23,77,137,1,0,0,0,0,0,0,1,八云紫,秦心,森近霖之助,1,0,0,0,100
556,447,0,24,26,0,1,0,1,0,0,0,0,0,魂魄妖忌,伊吹萃香,-,0,100,0,0,0
651,447,0,5,10,65,1,0,0,0,1,1,0,1,琪露诺,蕾米莉亚·斯卡蕾特,封兽鵺,0,0,0,100,0
1054,447,0,20,22,29,1,0,1,0,0,0,0,0,魂魄妖梦,八云蓝,上白泽慧音,0,100,0,0,0
319,447,0,8,15,183,1,0,0,0,0,0,1,1,帕秋莉·诺蕾姬,爱丽丝·玛格特洛依德,人偶（含上海人偶、哥利亚人偶）,1,0,0,0,100
571,447,0,4,20,21,1,0,0,0,1,0,0,1,大妖精,魂魄妖梦,西行寺幽幽子,0,0,0,100,0
780,447,0,4,4,0,1,0,0,0,0,0,0,0,大妖精,大妖精,-,1,0,0,0,100
763,447,0,21,25,0,1,0,1,0,0,0,1,0,西行寺幽幽子,蕾拉·普莉兹姆利巴,-,0,100,0,0,0
988,447,0,5,77,0,1,0,0,1,0,0,1,0,琪露诺,秦心,-,0,0,100,0,0
448,447,0,62,63,0,1,0,0,0,0,1,1,0,村纱水蜜,寅丸星,-,1,0,0,0,100
923,447,0,44,70,81,1,0,0,0,0,1,1,0,犬走椛,幽谷响子,今泉影狼,1,0,0,0,100
807,447,0,77,137,0,1,0,1,0,0,1,1,0,秦心,森近霖之助,-,0,100,0,0,0
172,447,0,148,151,0,1,0,0,0,0,0,0,0,月夜见,天照大御神,-,1,0,0,0,100
209,447,0,26,33,35,1,0,0,0,0,0,1,0,伊吹萃香,蓬莱山辉夜,射命丸文,1,0,0,0,100
1059,447,0,1,20,45,1,0,1,0,0,1,0,0,博丽灵梦,魂魄妖梦,东风谷早苗,0,100,0,0,0
601,447,0,20,21,35,1,0,0,0,0,0,1,0,魂魄妖梦,西行寺幽幽子,射命丸文,1,0,0,0,100
408,447,0,37,48,0,1,0,1,0,0,0,0,0,风见幽香,永江衣玖,-,0,100,0,0,0
541,447,0,27,71,80,1,0,1,0,0,1,1,0,莉格露·奈特巴格,宫古芳香,赤蛮奇,0,100,0,0,0
1104,447,0,1,26,53,1,0,0,1,0,0,1,0,博丽灵梦,伊吹萃香,星熊勇仪,0,0,100,0,0
473,447,0,28,79,138,1,0,0,0,0,0,0,0,米斯蒂娅·萝蕾拉,若鹭姬,无名的读书妖怪（朱鹭子）,1,0,0,0,100
1037,447,0,96,99,100,1,0,0,1,0,0,1,0,哆来咪·苏伊特,纯狐,赫卡提亚·拉碧斯拉祖利,0,0,100,0,0
967,447,0,1,8,0,1,0,1,0,0,1,0,0,博丽灵梦,帕秋莉·诺蕾姬,-,0,100,0,0,0
538,447,0,13,37,0,1,0,0,0,0,1,0,0,蕾蒂·霍瓦特洛克,风见幽香,-,1,0,0,0,100
1030,447,0,68,85,0,1,0,0,1,0,0,0,0,非想天则,少名针妙丸,-,0,0,100,0,0
1091,447,0,35,137,0,1,0,0,1,0,1,1,0,射命丸文,森近霖之助,-,0,0,100,0,0
992,447,0,72,73,0,1,0,1,0,0,0,0,0,霍青娥,苏我屠自古,-,0,100,0,0,0
156,447,0,5,56,84,1,0,0,0,0,0,0,0,琪露诺,灵乌路空,鬼人正邪,1,0,0,0,100
775,447,0,33,57,0,1,0,0,1,0,1,1,0,蓬莱山辉夜,古明地恋,-,0,0,100,0,0
551,447,0,20,31,49,1,0,0,0,0,0,0,0,魂魄妖梦,铃仙·优昙华院·因幡,比那名居天子,1,0,0,0,100
670,447,0,6,31,0,1,0,1,0,0,1,0,0,红美铃,铃仙·优昙华院·因幡,-,0,100,0,0,0
855,447,0,2,102,137,1,0,0,0,0,0,0,0,雾雨魔理沙,魅魔,森近霖之助,1,0,0,0,100
837,447,0,2,37,0,1,0,0,0,0,1,1,0,雾雨魔理沙,风见幽香,-,1,0,0,0,100
537,447,0,36,37,49,1,0,0,1,0,0,0,1,梅蒂欣·梅兰可莉,风见幽香,比那名居天子,0,0,100,0,0
875,447,0,6,31,49,1,0,0,0,0,0,0,1,红美铃,铃仙·优昙华院·因幡,比那名居天子,1,0,0,0,100
686,447,0,3,126,127,1,0,0,0,0,1,0,1,露米娅,梦月,幻月,1,0,0,0,100
1036,447,0,9,10,21,1,0,1,0,0,1,1,0,十六夜咲夜,蕾米莉亚·斯卡蕾特,西行寺幽幽子,0,100,0,0,0
227,447,0,67,68,88,1,0,0,0,0,0,0,0,大鲶鱼,非想天则,绿巨人,1,0,0,0,100
978,447,0,20,38,0,1,0,0,1,0,0,1,0,魂魄妖梦,小野塚小町,-,0,0,100,0,0
764,447,0,6,8,11,1,0,0,0,0,0,0,0,红美铃,帕秋莉·诺蕾姬,芙兰朵露·斯卡蕾特,1,0,0,0,100
851,447,0,85,86,0,1,0,0,1,0,1,0,0,少名针妙丸,堀川雷鼓,-,0,0,100,0,0
514,447,0,5,12,22,1,0,0,1,0,0,0,0,琪露诺,冴月麟,八云蓝,0,0,100,0,0
509,447,0,39,98,100,1,0,0,0,1,0,0,1,四季映姬·亚玛萨那度,克劳恩皮丝,赫卡提亚·拉碧斯拉祖利,0,0,0,100,0
329,447,0,179,180,185,1,0,0,0,0,0,0,0,毛玉,妖精（含持花妖精，僵尸妖精）,阴阳玉,1,0,0,0,100
702,447,0,2,98,0,1,0,1,0,0,1,0,0,雾雨魔理沙,克劳恩皮丝,-,0,100,0,0,0
889,447,0,179,182,184,1,0,0,0,0,0,0,0,毛玉,怨灵,幽灵,1,0,0,0,100
1080,447,0,2,57,133,1,0,1,0,0,1,0,0,雾雨魔理沙,古明地恋,神绮,0,100,0,0,0
1075,447,0,34,49,84,1,0,0,0,1,1,0,0,藤原妹红,比那名居天子,鬼人正邪,0,0,0,100,0
824,447,0,35,54,0,1,0,0,0,0,1,1,0,射命丸文,古明地觉,-,1,0,0,0,100
679,447,0,47,59,0,1,0,0,0,0,0,1,0,洩矢诹访子,多多良小伞,-,1,0,0,0,100
90,447,0,77,87,0,1,0,0,1,0,1,0,0,秦心,宇佐见堇子,-,0,0,100,0,0
1101,447,0,20,137,0,1,0,0,0,0,0,0,0,魂魄妖梦,森近霖之助,-,1,0,0,0,100
1057,447,0,101,179,185,1,0,0,0,0,0,0,0,神玉,毛玉,阴阳玉,1,0,0,0,100
952,447,0,2,118,0,1,0,1,0,0,0,1,0,雾雨魔理沙,冈崎梦美,-,0,100,0,0,0
635,447,0,77,136,0,1,0,0,0,0,0,0,0,秦心,稗田阿求,-,1,0,0,0,100
427,447,0,38,39,100,1,0,0,0,1,0,0,0,小野塚小町,四季映姬·亚玛萨那度,赫卡提亚·拉碧斯拉祖利,0,0,0,100,0
316,447,0,35,84,0,1,0,0,0,0,1,1,0,射命丸文,鬼人正邪,-,1,0,0,0,100
982,447,0,33,54,57,1,0,0,0,1,0,0,1,蓬莱山辉夜,古明地觉,古明地恋,0,0,0,100,0
466,447,0,1,23,39,1,0,0,1,0,1,1,1,博丽灵梦,八云紫,四季映姬·亚玛萨那度,0,0,100,0,0
460,447,0,6,145,0,1,0,0,0,0,1,1,0,红美铃,茨木华扇,-,1,0,0,0,100
900,447,0,1,42,0,1,0,1,0,0,1,1,0,博丽灵梦,键山雏,-,0,100,0,0,0
689,447,0,1,142,143,1,0,0,0,0,0,1,1,博丽灵梦,绵月丰姬,绵月依姬,1,0,0,0,100
381,447,0,100,102,125,1,0,0,0,0,0,0,0,赫卡提亚·拉碧斯拉祖利,魅魔,艾丽,1,0,0,0,100
685,447,0,37,96,0,1,0,1,0,0,1,1,0,风见幽香,哆来咪·苏伊特,-,0,100,0,0,0
49,447,0,93,119,0,1,0,0,1,0,0,0,0,尼西号,咪咪号,-,0,0,100,0,0
791,447,0,14,55,58,1,0,0,0,0,1,0,0,橙,火焰猫燐,娜兹玲,1,0,0,0,100
750,447,0,8,136,146,1,0,1,0,0,0,0,0,帕秋莉·诺蕾姬,稗田阿求,本居小铃,0,100,0,0,0
796,447,0,15,20,31,1,0,0,0,0,0,0,0,爱丽丝·玛格特洛依德,魂魄妖梦,铃仙·优昙华院·因幡,1,0,0,0,100
305,447,0,5,9,0,1,0,0,1,0,1,1,0,琪露诺,十六夜咲夜,-,0,0,100,0,0
1014,447,0,9,11,35,1,0,0,0,0,1,1,1,十六夜咲夜,芙兰朵露·斯卡蕾特,射命丸文,1,0,0,0,100
678,447,0,22,38,0,1,0,0,0,0,0,0,0,八云蓝,小野塚小町,-,1,0,0,0,100
1077,447,0,59,70,76,1,0,0,0,1,1,0,0,多多良小伞,幽谷响子,二岩猯藏,0,0,0,100,0
1067,447,0,22,44,0,1,0,0,0,0,1,1,0,八云蓝,犬走椛,-,1,0,0,0,100
231,447,0,118,120,0,1,0,1,0,0,0,0,0,冈崎梦美,留琴,-,0,100,0,0,0
527,447,0,3,49,0,1,0,1,0,0,1,0,0,露米娅,比那名居天子,-,0,100,0,0,0
423,447,0,24,78,137,1,0,0,0,0,0,0,0,魂魄妖忌,秦河胜,森近霖之助,1,0,0,0,100
916,447,0,33,56,0,1,0,0,1,0,0,1,0,蓬莱山辉夜,灵乌路空,-,0,0,100,0,0
515,447,0,34,35,59,1,0,0,1,0,0,0,0,藤原妹红,射命丸文,多多良小伞,0,0,100,0,0
918,447,0,43,68,0,1,0,0,0,0,0,0,0,河城荷取,非想天则,-,1,0,0,0,100
337,447,0,23,117,118,1,0,0,0,0,0,0,1,八云紫,北白河千百合,冈崎梦美,1,0,0,0,100
493,447,0,33,99,100,1,0,1,0,0,0,1,0,蓬莱山辉夜,纯狐,赫卡提亚·拉碧斯拉祖利,0,100,0,0,0
909,447,0,2,5,179,1,0,0,0,1,0,0,0,雾雨魔理沙,琪露诺,毛玉,0,0,0,100,0
682,447,0,160,180,184,1,0,1,0,0,0,0,0,野槌,妖精（含持花妖精，僵尸妖精）,幽灵,0,100,0,0,0
887,447,0,5,23,37,1,0,0,0,1,1,1,1,琪露诺,八云紫,风见幽香,0,0,0,100,0
18,447,0,29,31,34,1,0,1,0,0,1,0,1,上白泽慧音,铃仙·优昙华院·因幡,藤原妹红,0,100,0,0,0
915,447,0,3,20,0,1,0,1,0,0,1,1,0,露米娅,魂魄妖梦,-,0,100,0,0,0
853,447,0,4,183,0,1,0,1,0,0,1,1,0,大妖精,人偶（含上海人偶、哥利亚人偶）,-,0,100,0,0,0
393,447,0,5,54,0,1,0,1,0,0,1,0,0,琪露诺,古明地觉,-,0,100,0,0,0
637,447,0,136,137,146,1,0,0,0,0,0,0,0,稗田阿求,森近霖之助,本居小铃,1,0,0,0,100
752,447,0,45,65,0,1,0,1,0,0,0,0,0,东风谷早苗,封兽鵺,-,0,100,0,0,0
928,447,0,2,5,8,1,0,1,0,0,0,0,0,雾雨魔理沙,琪露诺,帕秋莉·诺蕾姬,0,100,0,0,0
882,447,0,97,98,99,1,0,0,1,0,0,0,0,稀神探女,克劳恩皮丝,纯狐,0,0,100,0,0
1033,447,0,37,72,0,1,0,0,1,0,0,1,0,风见幽香,霍青娥,-,0,0,100,0,0
1048,447,0,44,45,69,1,0,0,0,1,0,0,1,犬走椛,东风谷早苗,姬海棠果,0,0,0,100,0
650,447,0,48,58,59,1,0,0,1,0,1,1,0,永江衣玖,娜兹玲,多多良小伞,0,0,100,0,0
933,447,0,66,75,77,1,0,0,0,0,0,0,1,命莲,丰聪耳神子,秦心,1,0,0,0,100
334,447,0,64,177,0,1,0,0,1,0,0,0,0,圣白莲,白仙和尚,-,0,0,100,0,0
729,447,0,36,183,0,1,0,0,0,0,1,1,0,梅蒂欣·梅兰可莉,人偶（含上海人偶、哥利亚人偶）,-,1,0,0,0,100
643,447,0,35,57,0,1,0,1,0,0,1,0,0,射命丸文,古明地恋,-,0,100,0,0,0
359,447,0,15,37,133,1,0,0,1,0,0,1,1,爱丽丝·玛格特洛依德,风见幽香,神绮,0,0,100,0,0
638,447,0,35,136,137,1,0,1,0,0,1,0,0,射命丸文,稗田阿求,森近霖之助,0,100,0,0,0
182,447,0,77,86,0,1,0,0,0,0,1,1,0,秦心,堀川雷鼓,-,1,0,0,0,100
666,447,0,45,48,49,1,0,0,0,0,1,0,0,东风谷早苗,永江衣玖,比那名居天子,1,0,0,0,100
995,447,0,1,10,171,1,0,0,0,0,1,0,0,博丽灵梦,蕾米莉亚·斯卡蕾特,卓柏卡布拉,1,0,0,0,100
1012,447,0,27,37,49,1,0,0,1,0,0,0,0,莉格露·奈特巴格,风见幽香,比那名居天子,0,0,100,0,0
866,447,0,9,33,38,1,0,0,0,1,0,0,0,十六夜咲夜,蓬莱山辉夜,小野塚小町,0,0,0,100,0
544,447,0,56,57,0,1,0,0,1,0,0,0,0,灵乌路空,古明地恋,-,0,0,100,0,0
1056,447,0,23,142,0,1,0,0,0,0,1,1,0,八云紫,绵月丰姬,-,1,0,0,0,100
765,447,0,3,4,0,1,0,0,0,0,0,0,0,露米娅,大妖精,-,1,0,0,0,100
517,447,0,74,89,0,1,0,0,1,0,0,1,0,物部布都,阿菊,-,0,0,100,0,0
965,447,0,21,33,47,1,0,1,0,0,1,1,1,西行寺幽幽子,蓬莱山辉夜,洩矢诹访子,0,100,0,0,0
970,447,0,33,85,0,1,0,0,0,0,0,0,0,蓬莱山辉夜,少名针妙丸,-,1,0,0,0,100
991,447,0,1,59,0,1,0,0,1,0,1,1,0,博丽灵梦,多多良小伞,-,0,0,100,0,0
545,447,0,22,31,0,1,0,0,0,0,0,1,0,八云蓝,铃仙·优昙华院·因幡,-,1,0,0,0,100
548,447,0,8,10,15,1,0,0,0,1,0,0,0,帕秋莉·诺蕾姬,蕾米莉亚·斯卡蕾特,爱丽丝·玛格特洛依德,0,0,0,100,0
648,447,0,12,35,37,1,0,0,0,0,1,0,0,冴月麟,射命丸文,风见幽香,1,0,0,0,100
654,447,0,1,9,44,1,0,1,0,0,1,1,0,博丽灵梦,十六夜咲夜,犬走椛,0,100,0,0,0
450,447,0,1,10,15,1,0,1,0,0,1,1,1,博丽灵梦,蕾米莉亚·斯卡蕾特,爱丽丝·玛格特洛依德,0,100,0,0,0
574,447,0,9,137,0,1,0,0,1,0,1,0,0,十六夜咲夜,森近霖之助,-,0,0,100,0,0
1045,447,0,20,21,26,1,0,0,0,0,0,1,0,魂魄妖梦,西行寺幽幽子,伊吹萃香,1,0,0,0,100
732,447,0,43,51,0,1,0,0,0,0,1,0,0,河城荷取,黑谷山女,-,1,0,0,0,100
1015,447,0,55,70,0,1,0,0,0,0,0,0,0,火焰猫燐,幽谷响子,-,1,0,0,0,100
993,447,0,2,35,0,1,0,0,1,0,0,1,0,雾雨魔理沙,射命丸文,-,0,0,100,0,0
449,447,0,1,80,0,1,0,0,0,0,1,1,0,博丽灵梦,赤蛮奇,-,1,0,0,0,100
1061,447,0,52,53,84,1,0,0,0,0,0,1,0,水桥帕露西,星熊勇仪,鬼人正邪,1,0,0,0,100
500,447,0,37,126,127,1,0,1,0,0,1,0,0,风见幽香,梦月,幻月,0,100,0,0,0
508,447,0,3,23,0,1,0,1,0,0,1,1,0,露米娅,八云紫,-,0,100,0,0,0
536,447,0,28,138,0,1,0,0,0,0,1,1,0,米斯蒂娅·萝蕾拉,无名的读书妖怪（朱鹭子）,-,1,0,0,0,100
197,447,0,23,102,0,1,0,0,0,0,0,1,0,八云紫,魅魔,-,1,0,0,0,100
1089,447,0,9,84,0,1,0,0,1,0,1,1,0,十六夜咲夜,鬼人正邪,-,0,0,100,0,0
1066,447,0,1,2,21,1,0,1,0,0,1,1,0,博丽灵梦,雾雨魔理沙,西行寺幽幽子,0,100,0,0,0
158,447,0,1,11,20,1,0,0,0,0,0,0,1,博丽灵梦,芙兰朵露·斯卡蕾特,魂魄妖梦,1,0,0,0,100
1081,447,0,23,96,0,1,0,0,1,0,1,1,0,八云紫,哆来咪·苏伊特,-,0,0,100,0,0
948,447,0,180,181,0,1,0,0,1,0,0,1,0,妖精（含持花妖精，僵尸妖精）,UFO,-,0,0,100,0,0
543,447,0,52,54,0,1,0,0,1,0,0,0,0,水桥帕露西,古明地觉,-,0,0,100,0,0
623,447,0,1,2,185,1,0,1,0,0,1,0,0,博丽灵梦,雾雨魔理沙,阴阳玉,0,100,0,0,0
894,447,0,2,42,43,1,0,1,0,0,0,1,0,雾雨魔理沙,键山雏,河城荷取,0,100,0,0,0
776,447,0,10,57,0,1,0,0,1,0,1,1,0,蕾米莉亚·斯卡蕾特,古明地恋,-,0,0,100,0,0
513,447,0,9,15,98,1,0,1,0,0,1,0,0,十六夜咲夜,爱丽丝·玛格特洛依德,克劳恩皮丝,0,100,0,0,0
385,447,0,17,25,0,1,0,0,0,0,1,0,0,露娜萨·普莉兹姆利巴,蕾拉·普莉兹姆利巴,-,1,0,0,0,100
828,447,0,1,20,24,1,0,0,1,0,1,1,0,博丽灵梦,魂魄妖梦,魂魄妖忌,0,0,100,0,0
907,447,0,14,20,23,1,0,0,1,0,0,0,0,橙,魂魄妖梦,八云紫,0,0,100,0,0
94,447,0,52,52,0,1,0,0,0,0,1,1,0,水桥帕露西,水桥帕露西,-,1,0,0,0,100
1084,447,0,30,42,0,1,0,0,0,0,0,1,0,因幡帝,键山雏,-,1,0,0,0,100
1103,447,0,5,16,35,1,0,0,0,0,0,1,1,琪露诺,莉莉白,射命丸文,1,0,0,0,100
1006,447,0,8,11,21,1,0,0,0,1,0,1,0,帕秋莉·诺蕾姬,芙兰朵露·斯卡蕾特,西行寺幽幽子,0,0,0,100,0
564,447,0,82,96,150,1,0,1,0,0,0,0,0,九十九弁弁,哆来咪·苏伊特,木花咲耶姬,0,100,0,0,0
330,447,0,36,37,42,1,0,0,1,0,0,0,1,梅蒂欣·梅兰可莉,风见幽香,键山雏,0,0,100,0,0
955,447,0,2,100,0,1,0,1,0,0,1,0,0,雾雨魔理沙,赫卡提亚·拉碧斯拉祖利,-,0,100,0,0,0
709,447,0,3,4,49,1,0,0,0,0,0,0,0,露米娅,大妖精,比那名居天子,1,0,0,0,100
989,447,0,74,75,78,1,0,0,1,0,1,0,0,物部布都,丰聪耳神子,秦河胜,0,0,100,0,0
442,447,0,21,170,0,1,0,1,0,0,0,0,0,西行寺幽幽子,烟烟罗,-,0,100,0,0,0
746,447,0,5,29,34,1,0,0,0,1,0,0,1,琪露诺,上白泽慧音,藤原妹红,0,0,0,100,0
939,447,0,31,37,0,1,0,0,1,0,1,1,0,铃仙·优昙华院·因幡,风见幽香,-,0,0,100,0,0
703,447,0,29,34,87,1,0,0,1,0,0,0,0,上白泽慧音,藤原妹红,宇佐见堇子,0,0,100,0,0
850,447,0,53,145,0,1,0,1,0,0,0,1,0,星熊勇仪,茨木华扇,-,0,100,0,0,0
265,447,0,2,11,179,1,0,0,0,0,1,0,0,雾雨魔理沙,芙兰朵露·斯卡蕾特,毛玉,1,0,0,0,100
487,447,0,13,34,0,1,0,0,0,0,1,1,0,蕾蒂·霍瓦特洛克,藤原妹红,-,1,0,0,0,100
981,447,0,8,15,23,1,0,1,0,0,0,0,0,帕秋莉·诺蕾姬,爱丽丝·玛格特洛依德,八云紫,0,100,0,0,0
742,447,0,2,35,49,1,0,0,0,1,0,0,1,雾雨魔理沙,射命丸文,比那名居天子,0,0,0,100,0
277,447,0,2,8,113,1,0,1,0,0,0,0,0,雾雨魔理沙,帕秋莉·诺蕾姬,爱莲,0,100,0,0,0
264,447,0,9,48,0,1,0,0,0,0,1,1,0,十六夜咲夜,永江衣玖,-,1,0,0,0,100
649,447,0,12,126,127,1,0,0,0,0,1,1,1,冴月麟,梦月,幻月,1,0,0,0,100
803,447,0,17,20,0,1,0,0,0,0,0,1,0,露娜萨·普莉兹姆利巴,魂魄妖梦,-,1,0,0,0,100
223,447,0,34,64,0,1,0,0,0,0,0,1,0,藤原妹红,圣白莲,-,1,0,0,0,100
884,447,0,1,26,85,1,0,1,0,0,1,0,0,博丽灵梦,伊吹萃香,少名针妙丸,0,100,0,0,0
943,447,0,136,145,146,1,0,0,0,1,0,0,1,稗田阿求,茨木华扇,本居小铃,0,0,0,100,0
680,447,0,188,190,191,1,0,0,0,1,0,0,0,野铁炮,座敷童子,STG作品中没有名称的角色,0,0,0,100,0
632,447,0,40,41,44,1,0,0,0,0,0,0,0,秋静叶,秋穰子,犬走椛,1,0,0,0,100
892,447,0,75,76,77,1,0,0,0,0,0,0,0,丰聪耳神子,二岩猯藏,秦心,1,0,0,0,100
864,447,0,54,59,118,1,0,0,0,0,0,0,0,古明地觉,多多良小伞,冈崎梦美,1,0,0,0,100
369,447,0,15,52,0,1,0,0,0,0,1,1,0,爱丽丝·玛格特洛依德,水桥帕露西,-,1,0,0,0,100
65,447,0,30,94,95,1,0,1,0,0,0,0,0,因幡帝,清兰,铃瑚,0,100,0,0,0
467,447,0,23,99,0,1,0,1,0,0,0,1,0,八云紫,纯狐,-,0,100,0,0,0
1112,447,0,35,39,0,1,0,1,0,0,1,0,0,射命丸文,四季映姬·亚玛萨那度,-,0,100,0,0,0
578,447,0,57,76,77,1,0,0,0,1,0,0,1,古明地恋,二岩猯藏,秦心,0,0,0,100,0
1020,447,0,6,38,0,1,0,0,0,0,0,0,0,红美铃,小野塚小町,-,1,0,0,0,100
920,447,0,142,143,144,1,0,0,0,0,1,0,0,绵月丰姬,绵月依姬,Reisen,1,0,0,0,100
653,447,0,15,21,23,1,0,0,0,1,0,0,0,爱丽丝·玛格特洛依德,西行寺幽幽子,八云紫,0,0,0,100,0
189,447,0,60,60,0,1,0,0,0,0,0,0,0,云山,云山,-,1,0,0,0,100
942,447,0,23,26,143,1,0,0,0,1,0,0,1,八云紫,伊吹萃香,绵月依姬,0,0,0,100,0
979,447,0,1,20,0,1,0,0,1,0,1,0,0,博丽灵梦,魂魄妖梦,-,0,0,100,0,0
841,447,0,61,70,0,1,0,1,0,0,0,0,0,云居一轮,幽谷响子,-,0,100,0,0,0
747,447,0,54,84,97,1,0,0,1,0,1,1,0,古明地觉,鬼人正邪,稀神探女,0,0,100,0,0
109,447,0,6,42,0,1,0,0,0,0,0,0,0,红美铃,键山雏,-,1,0,0,0,100
966,447,0,15,42,183,1,0,0,0,1,1,0,0,爱丽丝·玛格特洛依德,键山雏,人偶（含上海人偶、哥利亚人偶）,0,0,0,100,0
404,447,0,11,134,0,1,0,1,0,0,1,1,0,芙兰朵露·斯卡蕾特,宇佐见莲子,-,0,100,0,0,0
550,447,0,21,28,79,1,0,1,0,0,0,0,0,西行寺幽幽子,米斯蒂娅·萝蕾拉,若鹭姬,0,100,0,0,0
997,447,0,45,45,0,1,0,0,0,0,1,1,0,东风谷早苗,东风谷早苗,-,1,0,0,0,100
795,447,0,45,57,77,1,0,0,0,0,1,1,0,东风谷早苗,古明地恋,秦心,1,0,0,0,100
657,447,0,57,87,0,1,0,1,0,0,0,1,0,古明地恋,宇佐见堇子,-,0,100,0,0,0
860,447,0,10,84,0,1,0,0,0,0,1,1,0,蕾米莉亚·斯卡蕾特,鬼人正邪,-,1,0,0,0,100
926,447,0,36,42,183,1,0,0,0,0,0,1,0,梅蒂欣·梅兰可莉,键山雏,人偶（含上海人偶、哥利亚人偶）,1,0,0,0,100
827,447,0,1,6,35,1,0,0,0,1,1,1,1,博丽灵梦,红美铃,射命丸文,0,0,0,100,0
580,447,0,84,98,0,1,0,0,0,0,0,0,0,鬼人正邪,克劳恩皮丝,-,1,0,0,0,100
207,447,0,7,8,9,1,0,0,1,0,1,1,1,小恶魔,帕秋莉·诺蕾姬,十六夜咲夜,0,0,100,0,0
1087,447,0,24,108,137,1,0,0,0,0,0,0,0,魂魄妖忌,玄爷,森近霖之助,1,0,0,0,100
176,447,0,45,87,0,1,0,0,0,0,0,0,0,东风谷早苗,宇佐见堇子,-,1,0,0,0,100
349,447,0,1,2,22,1,0,0,0,1,1,1,1,博丽灵梦,雾雨魔理沙,八云蓝,0,0,0,100,0
975,447,0,6,7,8,1,0,0,0,0,0,0,1,红美铃,小恶魔,帕秋莉·诺蕾姬,1,0,0,0,100
125,447,0,72,84,0,1,0,1,0,0,0,0,0,霍青娥,鬼人正邪,-,0,100,0,0,0
930,447,0,26,53,76,1,0,1,0,0,0,0,0,伊吹萃香,星熊勇仪,二岩猯藏,0,100,0,0,0
606,447,0,9,32,150,1,0,0,0,1,1,1,0,十六夜咲夜,八意永琳,木花咲耶姬,0,0,0,100,0
362,447,0,1,23,137,1,0,0,0,0,1,1,0,博丽灵梦,八云紫,森近霖之助,1,0,0,0,100
1011,447,0,6,7,11,1,0,0,0,0,0,1,1,红美铃,小恶魔,芙兰朵露·斯卡蕾特,1,0,0,0,100
684,447,0,1,26,49,1,0,0,0,0,1,0,1,博丽灵梦,伊吹萃香,比那名居天子,1,0,0,0,100
627,447,0,72,73,75,1,0,1,0,0,1,0,0,霍青娥,苏我屠自古,丰聪耳神子,0,100,0,0,0
622,447,0,5,25,0,1,0,0,0,0,1,0,0,琪露诺,蕾拉·普莉兹姆利巴,-,1,0,0,0,100
619,447,0,48,135,0,1,0,1,0,0,1,0,0,永江衣玖,玛艾露贝莉·赫恩,-,0,100,0,0,0
927,447,0,1,10,35,1,0,1,0,0,1,0,0,博丽灵梦,蕾米莉亚·斯卡蕾特,射命丸文,0,100,0,0,0
1042,447,0,62,63,64,1,0,0,0,0,0,0,1,村纱水蜜,寅丸星,圣白莲,1,0,0,0,100
844,447,0,179,183,184,1,0,0,0,0,0,0,0,毛玉,人偶（含上海人偶、哥利亚人偶）,幽灵,1,0,0,0,100
880,447,0,26,48,0,1,0,1,0,0,0,1,0,伊吹萃香,永江衣玖,-,0,100,0,0,0
647,447,0,12,12,0,1,0,0,0,0,1,1,0,冴月麟,冴月麟,-,1,0,0,0,100
208,447,0,7,10,11,1,0,0,1,0,1,1,0,小恶魔,蕾米莉亚·斯卡蕾特,芙兰朵露·斯卡蕾特,0,0,100,0,0
1043,447,0,179,180,0,1,0,1,0,0,0,0,0,毛玉,妖精（含持花妖精，僵尸妖精）,-,0,100,0,0,0
168,447,0,9,10,180,1,0,1,0,0,0,0,0,十六夜咲夜,蕾米莉亚·斯卡蕾特,妖精（含持花妖精，僵尸妖精）,0,100,0,0,0
730,447,0,35,35,0,1,0,0,0,0,0,0,0,射命丸文,射命丸文,-,1,0,0,0,100
946,447,0,64,72,0,1,0,0,0,0,1,0,0,圣白莲,霍青娥,-,1,0,0,0,100
713,447,0,64,65,76,1,0,0,0,0,1,0,0,圣白莲,封兽鵺,二岩猯藏,1,0,0,0,100
1109,447,0,56,65,0,1,0,0,0,0,0,0,0,灵乌路空,封兽鵺,-,1,0,0,0,100
917,447,0,49,142,0,1,0,0,0,0,0,0,0,比那名居天子,绵月丰姬,-,1,0,0,0,100
1096,447,0,38,54,0,1,0,0,0,0,0,1,0,小野塚小町,古明地觉,-,1,0,0,0,100
394,447,0,31,94,0,1,0,1,0,0,0,0,0,铃仙·优昙华院·因幡,清兰,-,0,100,0,0,0
804,447,0,7,11,0,1,0,0,0,0,1,1,0,小恶魔,芙兰朵露·斯卡蕾特,-,1,0,0,0,100
974,447,0,31,34,0,1,0,1,0,0,0,1,0,铃仙·优昙华院·因幡,藤原妹红,-,0,100,0,0,0
830,447,0,23,32,33,1,0,0,0,0,1,1,1,八云紫,八意永琳,蓬莱山辉夜,1,0,0,0,100
323,447,0,3,21,71,1,0,0,0,1,0,0,0,露米娅,西行寺幽幽子,宫古芳香,0,0,0,100,0
805,447,0,15,22,0,1,0,0,1,0,1,1,0,爱丽丝·玛格特洛依德,八云蓝,-,0,0,100,0,0
652,447,0,37,50,51,1,0,0,0,1,0,0,0,风见幽香,琪斯美,黑谷山女,0,0,0,100,0
593,447,0,2,8,11,1,0,1,0,0,1,1,0,雾雨魔理沙,帕秋莉·诺蕾姬,芙兰朵露·斯卡蕾特,0,100,0,0,0
963,447,0,1,23,85,1,0,1,0,0,1,0,1,博丽灵梦,八云紫,少名针妙丸,0,100,0,0,0
950,447,0,87,178,0,1,0,0,0,0,0,0,0,宇佐见堇子,占卜师（易者）,-,1,0,0,0,100
1035,447,0,1,23,35,1,0,0,1,0,0,0,0,博丽灵梦,八云紫,射命丸文,0,0,100,0,0
832,447,0,15,23,133,1,0,0,0,0,0,1,0,爱丽丝·玛格特洛依德,八云紫,神绮,1,0,0,0,100
1021,447,0,14,44,0,1,0,0,0,0,0,0,0,橙,犬走椛,-,1,0,0,0,100
516,447,0,26,49,77,1,0,1,0,0,0,0,0,伊吹萃香,比那名居天子,秦心,0,100,0,0,0
973,447,0,136,145,0,1,0,0,1,0,1,0,0,稗田阿求,茨木华扇,-,0,0,100,0,0
348,447,0,1,34,45,1,0,1,0,0,1,0,0,博丽灵梦,藤原妹红,东风谷早苗,0,100,0,0,0
831,447,0,22,23,136,1,0,0,0,0,0,1,0,八云蓝,八云紫,稗田阿求,1,0,0,0,100
491,447,0,1,40,0,1,0,0,0,0,0,1,0,博丽灵梦,秋静叶,-,1,0,0,0,100
597,447,0,8,9,0,1,0,0,1,0,0,1,0,帕秋莉·诺蕾姬,十六夜咲夜,-,0,0,100,0,0
424,447,0,2,21,47,1,0,0,0,1,1,1,1,雾雨魔理沙,西行寺幽幽子,洩矢诹访子,0,0,0,100,0
484,447,0,31,35,0,1,0,0,1,0,1,0,0,铃仙·优昙华院·因幡,射命丸文,-,0,0,100,0,0
820,447,0,26,54,0,1,0,0,0,0,0,1,0,伊吹萃香,古明地觉,-,1,0,0,0,100
662,447,0,5,10,31,1,0,0,0,0,0,0,0,琪露诺,蕾米莉亚·斯卡蕾特,铃仙·优昙华院·因幡,1,0,0,0,100
282,447,0,67,68,179,1,0,0,0,0,0,0,0,大鲶鱼,非想天则,毛玉,1,0,0,0,100
474,447,0,39,97,0,1,0,1,0,0,1,1,0,四季映姬·亚玛萨那度,稀神探女,-,0,100,0,0,0
814,447,0,23,45,64,1,0,0,0,0,0,0,0,八云紫,东风谷早苗,圣白莲,1,0,0,0,100
245,447,0,1,102,0,1,0,0,0,0,0,1,0,博丽灵梦,魅魔,-,1,0,0,0,100
990,447,0,1,55,0,1,0,0,1,0,1,1,0,博丽灵梦,火焰猫燐,-,0,0,100,0,0
620,447,0,23,48,0,1,0,0,1,0,0,1,0,八云紫,永江衣玖,-,0,0,100,0,0
244,447,0,10,189,0,1,0,0,0,0,0,0,0,蕾米莉亚·斯卡蕾特,地精,-,1,0,0,0,100
286,447,0,145,162,165,1,0,1,0,0,0,0,0,茨木华扇,雷兽（务光）,管狐,0,100,0,0,0
326,447,0,59,62,65,1,0,0,0,0,0,0,0,多多良小伞,村纱水蜜,封兽鵺,1,0,0,0,100
147,447,0,137,185,188,1,0,0,0,0,0,0,0,森近霖之助,阴阳玉,野铁炮,1,0,0,0,100
771,447,0,60,78,137,1,0,0,0,0,0,0,0,云山,秦河胜,森近霖之助,1,0,0,0,100
822,447,0,10,23,0,1,0,0,1,0,1,1,0,蕾米莉亚·斯卡蕾特,八云紫,-,0,0,100,0,0
976,447,0,179,181,0,1,0,0,0,0,0,0,0,毛玉,UFO,-,1,0,0,0,100
1106,447,0,26,136,0,1,0,0,0,0,1,1,0,伊吹萃香,稗田阿求,-,1,0,0,0,100
1016,447,0,179,180,182,1,0,0,0,0,1,0,0,毛玉,妖精（含持花妖精，僵尸妖精）,怨灵,1,0,0,0,100
621,447,0,23,134,0,1,0,0,0,0,0,0,0,八云紫,宇佐见莲子,-,1,0,0,0,100
912,447,0,36,98,0,1,0,0,1,0,1,1,0,梅蒂欣·梅兰可莉,克劳恩皮丝,-,0,0,100,0,0
681,447,0,162,176,181,1,0,0,1,0,0,0,0,雷兽（务光）,读书狐狸,UFO,0,0,100,0,0
