id,index,name,first,cname,imp,total,ratio,v3,v2,btotal,bratio,btratio,tratio,fratio,v3f,v3r,v3tr,v3fr,v2f,v2r,v2tr,v2fr,v3i,v2i
138,1,幽雅に咲かせ、墨染の桜　～ Border of Life,348,幽雅地绽放吧，墨染的樱花　～ Border of Life,（萃梦想、绯想天）,1600,21.75,1597,1341,2400,32.63,20.94,31.4,7.41,346,21.67,23.61,8.04,319,23.79,23.07,6.1899999999999995,1,1
208,2,神々が恋した幻想郷,185,众神眷恋的幻想乡,,1289,14.35,1219,1087,1934,21.53,16.869999999999997,25.3,3.94,207,16.98,18.02,4.81,195,17.94,18.7,3.7900000000000005,3,3
121,3,亡き王女の為のセプテット,213,献给已逝公主的七重奏,（萃梦想、绯想天）,1266,16.82,1338,1196,1899,25.24,16.57,24.85,4.54,270,20.18,19.78,6.2700000000000005,249,20.82,20.57,4.83,2,2
330,4,輝く針の小人族　～ Little Princess,221,辉光之针的小人族　～ Little Princess,（深秘录）,1159,19.07,600,376,1739,28.6,15.17,22.75,4.71,65,10.83,8.870000000000001,1.51,42,11.17,6.47,0.8200000000000001,13,21
178,5,竹取飛翔　～ Lunatic Princess,143,竹取飞翔　～ Lunatic Princess,（卯酉东海道）,1064,13.44,1076,984,1596,20.16,13.919999999999998,20.880000000000003,3.05,146,13.57,15.909999999999998,3.39,129,13.11,16.919999999999998,2.5,6,5
165,6,砕月,147,碎月,（绯想天）,1052,13.97,1203,1084,1578,20.96,13.77,20.65,3.1300000000000003,194,16.13,17.79,4.51,200,18.45,18.64,3.88,4,4
268,7,感情の摩天楼　～ Cosmic Mind,128,感情的摩天楼　～ Cosmic Mind,（鸟船遗迹、心绮楼、深秘录）,982,13.03,720,820,1473,19.55,12.85,19.27,2.73,121,16.81,10.639999999999999,2.81,116,14.15,14.099999999999998,2.25,9,7
123,8,U.N.オーエンは彼女なのか？,163,U.N.OWEN就是她吗？,（蓬莱人形）,954,17.09,1135,969,1431,25.63,12.479999999999999,18.72,3.47,255,22.47,16.78,5.92,206,21.26,16.669999999999998,4,5,6
114,9,上海紅茶館　～ Chinese Tea,95,上海红茶馆　～ Chinese Tea,（非想天则、梦违科学世纪）,900,10.56,744,799,1350,15.83,11.78,17.66,2.02,118,15.86,11,2.74,116,14.52,13.74,2.25,8,8
247,10,少女さとり ～ 3rd eye,114,少女觉 ～ 3rd eye,,839,13.59,693,679,1259,20.38,10.979999999999999,16.470000000000002,2.4299999999999997,103,14.86,10.25,2.39,115,16.94,11.68,2.23,11,10
181,11,月まで届け、不死の煙,103,飘上月球，不死之烟,（卯酉东海道、深秘录）,824,12.5,703,703,1236,18.75,10.780000000000001,16.17,2.19,102,14.51,10.39,2.37,123,17.5,12.09,2.39,10,9
67,12,少女綺想曲 ～ Capriccio,99,少女绮想曲 ～ Capriccio,（永夜抄、萃梦想）,821,12.06,816,605,1232,18.09,10.74,16.11,2.11,136,16.67,12.06,3.16,103,17.02,10.41,2,7,11
253,13,ハルトマンの妖怪少女,110,哈德曼的妖怪少女,（鸟船遗迹、心绮楼、深秘录）,806,13.65,557,421,1209,20.47,10.549999999999999,15.82,2.34,94,16.88,8.23,2.18,56,13.3,7.24,1.09,14,16
64,14,Bad Apple!!,62,Bad Apple!!,,647,9.58,619,443,971,14.37,8.469999999999999,12.7,1.32,137,22.13,9.15,3.18,94,21.22,7.62,1.82,12,15
177,15,千年幻想郷　～ History of the Moon,61,千年幻想乡　～ History of the Moon,（卯酉东海道）,634,9.62,524,555,951,14.43,8.3,12.44,1.3,61,11.64,7.75,1.4200000000000002,74,13.33,9.55,1.44,15,12
24,16,恋色マジック,77,恋色Magic（恋色Master spark）,（永夜抄、萃梦想、非想天则、深秘录）,598,12.88,409,396,897,19.31,7.82,11.74,1.6400000000000001,74,18.09,6.05,1.72,82,20.71,6.81,1.59,21,18
134,17,幽霊楽団　～ Phantom Ensemble,57,幽灵乐团 ～ Phantom Ensemble,（花映塚）,577,9.88,478,463,866,14.82,7.55,11.32,1.21,79,16.53,7.07,1.8399999999999999,74,15.98,7.960000000000001,1.44,18,14
213,18,信仰は儚き人間の為に,54,信仰是为了虚幻之人,（非想天则）,563,9.59,479,417,845,14.39,7.37,11.05,1.15,68,14.2,7.08,1.58,70,16.79,7.17,1.3599999999999999,17,17
193,19,六十年目の東方裁判　～ Fate of Sixty Years,42,第六十年的东方裁判　～ Fate of Sixty Years,（紫香花、伊奘诺物质）,528,7.95,416,483,792,11.93,6.909999999999999,10.36,0.89,51,12.26,6.15,1.18,54,11.18,8.309999999999999,1.05,20,13
41,20,夢消失 ～ Lost Dream,30,梦消失 ～ Lost Dream,,508,5.91,500,315,762,8.86,6.65,9.969999999999999,0.64,50,10,7.39,1.16,27,8.57,5.42,0.52,16,24
101,21,不思議の国のアリス,51,不可思议之国的爱丽丝,,446,11.44,387,331,669,17.15,5.84,8.75,1.09,54,13.95,5.72,1.25,53,16.01,5.6899999999999995,1.03,23,22
141,22,少女幻葬～ Necro-Fantasy,33,少女幻葬 ～ Necro-Fantasy,（莲台野夜行）,438,7.53,331,327,657,11.3,5.7299999999999995,8.6,0.7000000000000001,39,11.78,4.89,0.91,38,11.62,5.62,0.74,27,23
248,23,廃獄ララバイ,39,废狱摇篮曲,,437,8.92,360,377,656,13.39,5.72,8.58,0.83,39,10.83,5.319999999999999,0.91,43,11.41,6.4799999999999995,0.83,25,20
303,24,聖徳伝説 ～ True Administrator,41,圣德传说 ～ True Administrator,（心绮楼、深秘录）,431,9.51,245,252,647,14.27,5.64,8.459999999999999,0.8699999999999999,27,11.02,3.62,0.63,33,13.1,4.33,0.64,42,32
385,25,童祭 ～ Innocent Treasures,39,童祭 ～ Innocent Treasures,,425,9.18,330,232,638,13.76,5.56,8.34,0.83,47,14.24,4.88,1.09,35,15.09,3.9899999999999998,0.6799999999999999,28,36
215,26,神さびた古戦場　～ Suwa Foughten Field,30,神圣庄严的古战场 ～ Suwa Foughten Field,,398,7.54,251,261,597,11.31,5.21,7.8100000000000005,0.64,17,6.77,3.71,0.38999999999999996,32,12.26,4.49,0.62,39,31
211,27,妖怪の山　～ Mysterious Mountain,43,妖怪之山 ～ Mysterious Mountain,（DS、天邪鬼）,395,10.89,336,306,593,16.33,5.17,7.75,0.9199999999999999,53,15.77,4.97,1.23,51,16.67,5.26,0.9900000000000001,26,25
125,28,紅楼　～ Eastern Dream...,21,红楼 ～ Eastern Dream…,,393,5.34,383,273,590,8.02,5.140000000000001,7.71,0.44999999999999996,31,8.09,5.66,0.72,25,9.16,4.7,0.49,24,29
129,29,遠野幻想物語,26,远野幻想物语,,392,6.63,274,297,588,9.95,5.13,7.6899999999999995,0.5499999999999999,26,9.49,4.05,0.6,30,10.1,5.11,0.58,32,27
119,30,月時計　～ ルナ・ダイアル,29,月时计　～ Luna Dial,（萃梦想）,381,7.61,422,293,572,11.42,4.99,7.48,0.62,51,12.09,6.239999999999999,1.18,33,11.26,5.04,0.64,19,28
143,31,ネクロファンタジア,62,Necro-Fantasia,（大空魔术）,371,16.71,394,396,557,25.07,4.8500000000000005,7.28,1.32,70,17.77,5.82,1.63,60,15.15,6.81,1.16,22,18
298,31,デザイアドライブ,41,Desire Drive,（鸟船遗迹）,371,11.05,263,241,557,16.58,4.8500000000000005,7.28,0.8699999999999999,32,12.17,3.8899999999999997,0.74,27,11.2,4.15,0.52,35,33
370,31,ピュアヒューリーズ　～ 心の在処,31,Pure Furies　～ 心之所在,,371,8.36,-,-,557,12.53,4.8500000000000005,7.28,0.66,-,-,-,-,-,-,-,-,-,-
284,34,無間の鐘　～ Infinite Nightmare,34,无间之钟 ～ Infinite Nightmare,（未知之花）,368,9.24,261,235,552,13.86,4.82,7.22,0.72,35,13.41,3.8600000000000003,0.8099999999999999,24,10.21,4.04,0.47000000000000003,36,35
216,35,明日ハレの日、ケの昨日,39,明日之盛，昨日之俗,（非想天则、未知之花）,363,10.74,253,229,545,16.12,4.75,7.12,0.83,23,9.09,3.74,0.53,27,11.79,3.94,0.52,38,37
238,36,東方緋想天,54,东方绯想天,,362,14.92,276,236,543,22.38,4.74,7.109999999999999,1.15,40,14.49,4.08,0.9299999999999999,34,14.41,4.06,0.66,31,34
326,37,幻想浄瑠璃,21,幻想净琉璃,（天邪鬼）,355,5.92,271,193,533,8.87,4.65,6.97,0.44999999999999996,15,5.54,4.01,0.35000000000000003,16,8.29,3.32,0.31,33,47
369,38,故郷の星が映る海,20,故乡之星倒映之海,,348,5.75,-,-,522,8.62,4.55,6.83,0.43,-,-,-,-,-,-,-,-,-,-
252,39,ラストリモート,41,Last Remote,,346,11.85,238,191,519,17.77,4.53,6.79,0.8699999999999999,29,12.18,3.52,0.67,26,13.61,3.29,0.5,43,49
115,40,明治十七年の上海アリス,24,明治十七年的上海爱丽丝,（蓬莱人形）,342,7.02,312,302,513,10.53,4.47,6.710000000000001,0.51,28,8.97,4.61,0.65,30,9.93,5.19,0.58,30,26
133,41,天空の花の都,27,天空的花都,,340,7.94,264,214,510,11.91,4.45,6.67,0.5700000000000001,27,10.23,3.9,0.63,24,11.21,3.6799999999999997,0.47000000000000003,34,43
212,42,少女が見た日本の原風景,22,少女曾见的日本原风景,,328,6.71,254,218,492,10.06,4.29,6.4399999999999995,0.47000000000000003,26,10.24,3.7600000000000002,0.6,16,7.34,3.75,0.31,37,40
364,42,永遠の春夢,17,永远的春梦,,328,5.18,-,-,492,7.77,4.29,6.4399999999999995,0.36,-,-,-,-,-,-,-,-,-,-
113,44,おてんば恋娘,38,活泼的纯情小姑娘,（花映塚、非想天则、文花帖书籍）,318,11.95,234,229,477,17.92,4.16,6.239999999999999,0.8099999999999999,21,8.97,3.46,0.49,24,10.48,3.94,0.47000000000000003,44,37
368,44,星条旗のピエロ,10,星条旗的小丑,,318,3.14,-,-,477,4.72,4.16,6.239999999999999,0.21,-,-,-,-,-,-,-,-,-,-
244,46,旧地獄街道を行く,14,漫游旧地狱街道,,312,4.49,224,264,468,6.73,4.08,6.12,0.3,15,6.7,3.3099999999999996,0.35000000000000003,15,5.68,4.54,0.29,45,30
210,47,フォールオブフォール　～ 秋めく滝,37,Fall of Fall ～ 秋意渐浓之瀑,,307,12.05,207,200,461,18.08,4.02,6.03,0.79,26,12.56,3.06,0.6,24,12,3.44,0.47000000000000003,48,44
151,47,東方萃夢想,25,东方萃梦想,,307,8.14,206,152,461,12.21,4.02,6.03,0.53,31,15.05,3.05,0.72,17,11.18,2.6100000000000003,0.33,49,58
192,49,彼岸帰航　～ Riverside View,12,彼岸归航　～ Riverside View,（绯想天、卯酉东海道）,300,4,180,191,450,6,3.93,5.89,0.26,15,8.33,2.6599999999999997,0.35000000000000003,21,10.99,3.29,0.41000000000000003,55,49
339,50,永遠の三日天下,13,永远的三日天下,,293,4.44,249,-,440,6.66,3.83,5.75,0.27999999999999997,23,9.24,3.6799999999999997,0.53,-,-,-,-,40,-
221,51,緋想天,35,绯想天,,269,13.01,247,215,404,19.52,3.52,5.28,0.75,34,13.77,3.65,0.79,32,14.88,3.6999999999999997,0.62,41,42
375,52,蓬莱伝説,50,蓬莱传说,,268,18.66,197,126,402,27.99,3.51,5.26,1.06,38,19.29,2.91,0.88,18,14.29,2.17,0.35000000000000003,51,68
379,53,少女秘封倶楽部,37,少女秘封俱乐部,,265,13.96,218,157,398,20.94,3.47,5.2,0.79,33,15.14,3.2199999999999998,0.77,26,16.56,2.7,0.5,46,56
146,54,萃夢想,25,萃梦想,（非想天则）,263,9.51,317,229,395,14.26,3.44,5.16,0.53,35,11.04,4.6899999999999995,0.8099999999999999,26,11.35,3.94,0.5,29,37
243,55,緑眼のジェラシー,25,绿眼的嫉妒,,262,9.54,181,195,393,14.31,3.4299999999999997,5.140000000000001,0.53,30,16.57,2.68,0.7000000000000001,19,9.74,3.35,0.37,54,45
2,56,永遠の巫女,12,永远之巫女,（蓬莱人形）,260,4.62,186,138,390,6.92,3.4000000000000004,5.1,0.26,21,11.29,2.75,0.49,12,8.7,2.37,0.22999999999999998,53,61
209,57,芥川龍之介の河童　～ Candid Friend,24,芥川龙之介的河童 ～ Candid Friend,（心绮楼、深秘录）,257,9.34,204,190,386,14.01,3.36,5.04,0.51,25,12.25,3.02,0.58,20,10.53,3.27,0.38999999999999996,50,51
332,58,始原のビート　～ Pristine Beat,19,原初的节拍　～ Pristine Beat,,254,7.48,173,195,381,11.22,3.32,4.99,0.4,17,9.83,2.56,0.38999999999999996,17,8.72,3.35,0.33,56,45
171,59,懐かしき東方の血　～ Old World,23,令人怀念的东方之血　～ Old World,,252,9.13,216,218,378,13.69,3.3000000000000003,4.95,0.49,25,11.57,3.19,0.58,17,7.8,3.75,0.33,47,40
267,60,法界の火,16,法界之火,,246,6.5,156,154,369,9.76,3.2199999999999998,4.83,0.33999999999999997,11,7.05,2.31,0.26,10,6.49,2.65,0.19,67,57
235,61,有頂天変 ～ Wonderful Heaven,21,有顶天变 ～ Wonderful Heaven,,245,8.57,170,192,368,12.86,3.2099999999999995,4.81,0.44999999999999996,15,8.82,2.5100000000000002,0.35000000000000003,23,11.98,3.3000000000000003,0.44999999999999996,57,48
117,62,ラクトガール　～ 少女密室,24,Locked Girl　～ 少女密室,（萃梦想、绯想天、卯酉东海道）,240,10,197,187,360,15,3.1399999999999997,4.71,0.51,40,20.3,2.91,0.9299999999999999,26,13.9,3.2199999999999998,0.5,51,52
188,63,フラワリングナイト,38,Flowering Night,（绯想天）,229,16.59,167,131,344,24.89,3,4.49,0.8099999999999999,33,19.76,2.4699999999999998,0.77,17,12.98,2.25,0.33,59,66
292,64,死霊の夜桜,23,死灵的夜樱,,227,10.13,123,112,341,15.2,2.97,4.46,0.49,13,10.57,1.82,0.3,11,9.82,1.9300000000000002,0.21,80,75
417,65,風神少女,29,风神少女,（花映塚、文花帖、绯想天）,226,12.83,128,134,339,19.25,2.96,4.44,0.62,22,17.19,1.8900000000000001,0.51,27,20.15,2.3,0.52,76,64
122,65,魔法少女達の百年祭,13,魔法少女们的百年祭,,226,5.75,168,148,339,8.63,2.96,4.44,0.27999999999999997,14,8.33,2.48,0.33,18,12.16,2.55,0.35000000000000003,58,59
135,67,東方妖々夢　～ Ancient Temple,16,东方妖妖梦 ～ Ancient Temple,（萃梦想、花映塚、莲台野夜行）,216,7.41,164,165,324,11.11,2.83,4.24,0.33999999999999997,10,6.1,2.42,0.22999999999999998,18,10.91,2.8400000000000003,0.35000000000000003,63,54
175,68,狂気の瞳　～ Invisible Full Moon,20,狂气之瞳　～ Invisible Full Moon,（花映塚、绯想天）,210,9.52,160,126,315,14.29,2.75,4.12,0.43,25,15.63,2.37,0.58,20,15.87,2.17,0.38999999999999996,66,68
217,69,ネイティブフェイス,21,Native Faith,,203,10.34,167,164,305,15.52,2.6599999999999997,3.9800000000000004,0.44999999999999996,15,8.98,2.4699999999999998,0.35000000000000003,25,15.24,2.82,0.49,59,55
205,70,稲田姫様に叱られるから,10,会被稻田公主骂的啦,,202,4.95,110,79,303,7.43,2.64,3.9600000000000004,0.21,10,9.09,1.63,0.22999999999999998,1,1.27,1.3599999999999999,0.02,89,92
186,71,春色小径　～ Colorful Path,15,春色小径　～ Colorful Path,（心绮楼）,200,7.5,153,107,300,11.25,2.62,3.93,0.32,17,11.11,2.26,0.38999999999999996,9,8.41,1.8399999999999999,0.16999999999999998,68,79
251,72,霊知の太陽信仰　～ Nuclear Fusion,19,灵知的太阳信仰 ～ Nuclear Fusion,（非想天则）,194,9.79,166,178,291,14.69,2.54,3.81,0.4,31,18.67,2.45,0.72,28,15.73,3.06,0.54,62,53
450,73,二色蓮花蝶　～ Ancients,17,二色莲花蝶　～ Ancients,（蓬莱人形、非想天则、深秘录）,192,8.85,76,61,288,13.28,2.5100000000000002,3.7699999999999996,0.36,9,11.84,1.1199999999999999,0.21,9,14.75,1.05,0.16999999999999998,105,107
145,74,さくらさくら　～ Japanize Dream...,6,樱花樱花 ～ Japanize Dream...,,191,3.14,144,83,287,4.71,2.5,3.75,0.13,11,7.64,2.13,0.26,9,10.84,1.43,0.16999999999999998,70,87
270,75,平安のエイリアン,16,平安时代的外星人,,183,8.74,141,130,275,13.11,2.39,3.5900000000000003,0.33999999999999997,10,7.09,2.08,0.22999999999999998,16,12.31,2.2399999999999998,0.31,71,67
132,76,人形裁判　～ 人の形弄びし少女,12,玩偶裁判 ～ 玩弄人形的少女,（萃梦想、梦违科学世纪）,181,6.63,167,145,272,9.94,2.37,3.55,0.26,14,8.38,2.4699999999999998,0.33,17,11.72,2.4899999999999998,0.33,59,60
367,77,遥か３８万キロのボヤージュ,8,遥遥38万公里的航程,,175,4.57,-,-,263,6.86,2.29,3.4299999999999997,0.16999999999999998,-,-,-,-,-,-,-,-,-,-
37,78,Reincarnation,13,Reincarnation,（蓬莱人形）,172,7.56,134,99,258,11.34,2.25,3.38,0.27999999999999997,14,10.45,1.9800000000000002,0.33,13,13.13,1.7000000000000002,0.25,75,81
68,79,星の器 ～ Casket of Star,12,星之器 ～ Casket of Star,（绯想天）,169,7.1,161,111,254,10.65,2.21,3.32,0.26,9,5.59,2.3800000000000003,0.21,9,8.11,1.91,0.16999999999999998,65,76
207,80,運命のダークサイド,13,命运的阴暗面,,168,7.74,127,133,252,11.61,2.1999999999999997,3.3000000000000003,0.27999999999999997,26,20.47,1.8800000000000001,0.6,21,15.79,2.29,0.41000000000000003,77,65
392,81,最も澄みわたる空と海,16,最澄澈的空与海,,164,9.76,119,101,246,14.63,2.15,3.2199999999999998,0.33999999999999997,15,12.61,1.76,0.35000000000000003,8,7.92,1.7399999999999998,0.16,83,80
139,81,ボーダーオブライフ,15,Border of Life,,164,9.15,111,65,246,13.72,2.15,3.2199999999999998,0.32,15,13.51,1.6400000000000001,0.35000000000000003,3,4.62,1.1199999999999999,0.06,87,103
277,83,悠久の蒸気機関,17,悠久的蒸汽机关,,162,10.49,137,124,243,15.74,2.12,3.18,0.36,14,10.22,2.03,0.33,15,12.1,2.13,0.29,72,70
305,83,佐渡の二ッ岩,10,佐渡的二岩,（心绮楼）,162,6.17,116,136,243,9.26,2.12,3.18,0.21,5,4.31,1.71,0.12,7,5.15,2.34,0.13999999999999999,85,62
365,85,凍り付いた永遠の都,7,冻结的永远之都,,161,4.35,-,-,242,6.52,2.11,3.16,0.15,-,-,-,-,-,-,-,-,-,-
394,86,天空のグリニッジ,13,天空的格林尼治,,159,8.18,145,93,239,12.26,2.08,3.1199999999999997,0.27999999999999997,17,11.72,2.1399999999999997,0.38999999999999996,12,12.9,1.6,0.22999999999999998,69,83
309,87,亡失のエモーション,9,亡失的情感,（深秘录）,158,5.7,119,117,237,8.54,2.07,3.1,0.19,10,8.4,1.76,0.22999999999999998,7,5.98,2.01,0.13999999999999999,83,73
318,88,不思議なお祓い棒,9,不可思议的驱魔棒,,156,5.77,99,92,234,8.65,2.04,3.06,0.19,9,9.09,1.46,0.21,13,14.13,1.58,0.25,90,84
389,89,ヒロシゲ36号　～ Neo Super-Express,15,广重36号 ～ Neo Super-Express,,155,9.68,82,43,233,14.52,2.03,3.04,0.32,6,7.32,1.21,0.13999999999999999,6,13.95,0.74,0.12,102,124
174,90,シンデレラケージ　～ Kagome-Kagome,6,灰姑娘的笼子　～ Kagome-Kagome,（幻乐祀典）,150,4,135,122,225,6,1.96,2.94,0.13,13,9.63,2,0.3,6,4.92,2.1,0.12,74,71
136,91,広有射怪鳥事　～ Till When?,14,广有射怪鸟事 ～ Till When?,（萃梦想、绯想天）,149,9.4,162,118,224,14.09,1.95,2.92,0.3,13,8.02,2.4,0.3,7,5.93,2.03,0.13999999999999999,64,72
357,91,ラストオカルティズム　～現し世の秘術師,10,Last Occultism ~现世的秘术师,,149,6.71,-,-,224,10.07,1.95,2.92,0.21,-,-,-,-,-,-,-,-,-,-
176,93,ヴォヤージュ1969,8,Voyage1969,（梦违科学世纪）,148,5.41,137,108,222,8.11,1.94,2.9000000000000004,0.16999999999999998,11,8.03,2.03,0.26,8,7.41,1.8599999999999999,0.16,72,78
363,94,宇宙を飛ぶ不思議な巫女,6,飞翔于宇宙的不可思议巫女,,145,4.14,-,-,218,6.21,1.9,2.85,0.13,-,-,-,-,-,-,-,-,-,-
111,95,妖魔夜行,8,妖魔夜行,,141,5.67,113,111,212,8.51,1.8399999999999999,2.77,0.16999999999999998,14,12.39,1.67,0.33,11,9.91,1.91,0.21,86,76
245,96,華のさかづき大江山,4,大江山的花之酒宴,,140,2.86,76,82,210,4.29,1.83,2.75,0.09,6,7.89,1.1199999999999999,0.13999999999999999,8,9.76,1.41,0.16,105,88
127,97,無何有の郷 ～ Deep Mountain,8,无何有之乡,,137,5.84,121,77,206,8.76,1.79,2.69,0.16999999999999998,8,6.61,1.79,0.19,7,9.09,1.32,0.13999999999999999,82,95
260,98,万年置き傘にご注意を,7,请注意万年备用伞,,132,5.3,74,69,198,7.95,1.73,2.59,0.15,5,6.76,1.09,0.12,6,8.7,1.1900000000000002,0.12,108,99
206,99,厄神様の通り道　～ Dark Road,18,厄神降临之路　～ Dark Road,,126,14.29,125,136,189,21.43,1.6500000000000001,2.4699999999999998,0.38,19,15.2,1.8499999999999999,0.44,17,12.5,2.34,0.33,79,62
311,99,心綺楼囃子,9,心绮楼囃子,,126,7.14,126,88,189,10.71,1.6500000000000001,2.4699999999999998,0.19,6,4.76,1.8599999999999999,0.13999999999999999,4,4.55,1.51,0.08,78,86
460,101,櫻花之戀塚　～ Flower of Japan,19,樱花之恋塚　～ Flower of Japan,（蓬莱人形）,118,16.1,84,64,177,24.15,1.54,2.32,0.4,17,20.24,1.24,0.38999999999999996,11,17.19,1.0999999999999999,0.21,99,104
328,102,リバースイデオロギー,12,Reverse Ideology,（天邪鬼）,117,10.26,93,66,176,15.38,1.53,2.3,0.26,11,11.83,1.37,0.26,3,4.55,1.1400000000000001,0.06,93,101
237,102,暮色蒼然,7,暮色苍然,,117,5.98,123,116,176,8.97,1.53,2.3,0.15,13,10.57,1.82,0.3,15,12.93,2,0.29,80,74
118,104,メイドと血の懐中時計,11,女仆和血的怀表,（萃梦想）,115,9.57,111,81,173,14.35,1.5,2.26,0.22999999999999998,16,14.41,1.6400000000000001,0.37,8,9.88,1.39,0.16,87,89
39,105,Tabula rasa ～ 空白少女,10,Tabula rasa ～ 空白少女,,114,8.77,86,61,171,13.16,1.49,2.2399999999999998,0.21,7,8.14,1.27,0.16,6,9.84,1.05,0.12,98,107
399,106,向こう側の月,13,月的另一侧,,113,11.5,64,44,170,17.26,1.48,2.22,0.27999999999999997,12,18.75,0.95,0.27999999999999997,2,4.55,0.76,0.04,115,123
180,107,エクステンドアッシュ　～ 蓬莱人,7,Extend Ash　～ 蓬莱人,,107,6.54,82,80,161,9.81,1.4000000000000001,2.1,0.15,4,4.88,1.21,0.09,5,6.25,1.38,0.1,102,91
327,108,空中に沈む輝針城,3,沉向空中的辉针城,,106,2.83,68,73,159,4.25,1.39,2.08,0.06,2,2.94,1.01,0.05,4,5.48,1.26,0.08,109,97
191,109,今昔幻想郷　～ Flower Land,10,今昔幻想乡　～ Flower Land,,105,9.52,88,66,158,14.29,1.37,2.06,0.21,11,12.5,1.3,0.26,9,13.64,1.1400000000000001,0.16999999999999998,95,101
131,109,ブクレシュティの人形師,9,布加勒斯特的人偶师,（萃梦想、绯想天）,105,8.57,97,99,158,12.86,1.37,2.06,0.19,4,4.12,1.43,0.09,8,8.08,1.7000000000000002,0.16,91,81
249,111,死体旅行～Be of good cheer!,6,尸体旅行　～ Be of good cheer!,,104,5.77,87,69,156,8.65,1.3599999999999999,2.04,0.13,8,9.2,1.29,0.19,2,2.9,1.1900000000000002,0.04,96,99
201,112,東の国の眠らない夜,7,东之国的不眠夜,（大空魔术）,99,7.07,76,81,149,10.61,1.3,1.94,0.15,8,10.53,1.1199999999999999,0.19,10,12.35,1.39,0.19,105,89
236,113,幼心地の有頂天,9,幼小的有顶天,,96,9.38,57,89,144,14.06,1.26,1.8800000000000001,0.19,7,12.28,0.84,0.16,12,13.48,1.53,0.22999999999999998,121,85
130,114,ティアオイエツォン(withered leaf),7,凋叶棕（withered leaf）,,94,7.45,63,45,141,11.17,1.23,1.8399999999999999,0.15,5,7.94,0.9299999999999999,0.12,4,8.89,0.77,0.08,116,121
167,115,幻視の夜　～ Ghostly Eyes,4,幻视之夜　～ Ghostly Eyes,（莲台野夜行）,92,4.35,58,54,138,6.52,1.2,1.81,0.09,3,5.17,0.86,0.06999999999999999,5,9.26,0.9299999999999999,0.1,119,110
400,116,未知の花 魅知の旅,4,未知之花 魅知之旅,,88,4.55,58,35,132,6.82,1.15,1.73,0.09,3,5.17,0.86,0.06999999999999999,4,11.43,0.6,0.08,119,135
66,117,アリスマエステラ,9,Alice Maestra,,87,10.34,67,40,131,15.52,1.1400000000000001,1.71,0.19,10,14.93,0.9900000000000001,0.22999999999999998,6,15,0.69,0.12,111,130
72,117,幽夢 ～ Inanimate Dream,4,幽梦 ～ Inanimate Dream,,87,4.6,90,52,131,6.9,1.1400000000000001,1.71,0.09,12,13.33,1.3299999999999998,0.27999999999999997,8,15.38,0.89,0.16,94,113
257,119,春の湊に,4,春之岸,,86,4.65,56,54,129,6.98,1.13,1.69,0.09,2,3.57,0.83,0.05,4,7.41,0.9299999999999999,0.08,122,110
299,120,古きユアンシェン,7,古老的元神,（三月精）,84,8.33,50,37,126,12.5,1.0999999999999999,1.6500000000000001,0.15,3,6,0.74,0.06999999999999999,5,13.51,0.64,0.1,130,132
362,120,九月のパンプキン,3,九月的南瓜,,84,3.57,-,-,126,5.36,1.0999999999999999,1.6500000000000001,0.06,-,-,-,-,-,-,-,-,-,-
36,120,東方妖恋談,1,东方妖恋谈,（萃梦想、绯想天、非想天则）,84,1.19,80,74,126,1.79,1.0999999999999999,1.6500000000000001,0.02,5,6.25,1.18,0.12,10,13.51,1.27,0.19,104,96
172,123,プレインエイジア,2,Plain Asia,,83,2.41,37,34,125,3.61,1.09,1.63,0.04,1,2.7,0.5499999999999999,0.02,3,8.82,0.58,0.06,147,138
449,124,魔女達の舞踏会　～ Magus,12,魔女们的舞会　～ Magus,（萃梦想）,82,14.63,55,59,123,21.95,1.0699999999999998,1.6099999999999999,0.26,6,10.91,0.8099999999999999,0.13999999999999999,11,18.64,1.01,0.21,125,109
102,124,the Grimoire of Alice,7,the Grimoire of Alice,（非想天则）,82,8.54,94,73,123,12.8,1.0699999999999998,1.6099999999999999,0.15,6,6.38,1.39,0.13999999999999999,3,4.11,1.26,0.06,92,97
137,126,アルティメットトゥルース,6,Ultimate Truth,,80,7.5,66,45,120,11.25,1.05,1.5699999999999998,0.13,8,12.12,0.98,0.19,4,8.89,0.77,0.08,113,121
126,127,妖々夢 ～ Snow or Cherry Petal,4,妖妖梦 ～ Snow or Cherry Petal,,78,5.13,65,51,117,7.69,1.02,1.53,0.09,7,10.77,0.96,0.16,3,5.88,0.88,0.06,114,114
169,128,夜雀の歌声　～ Night Bird,4,夜雀的歌声　～ Night Bird,,76,5.26,67,64,114,7.89,0.9900000000000001,1.49,0.09,5,7.46,0.9900000000000001,0.12,2,3.13,1.0999999999999999,0.04,111,104
301,128,大神神話伝,3,大神神话传,（心绮楼、深秘录）,76,3.95,47,43,114,5.92,0.9900000000000001,1.49,0.06,2,4.26,0.69,0.05,3,6.98,0.74,0.06,131,124
338,130,ロマンチック逃飛行,2,浪漫逃飞行,,73,2.74,56,-,110,4.11,0.96,1.43,0.04,4,7.14,0.83,0.09,-,-,-,-,122,-
372,131,パンデモニックプラネット,4,Pandemonic Planet,,69,5.8,-,-,104,8.7,0.8999999999999999,1.35,0.09,-,-,-,-,-,-,-,-,-,-
45,132,Strawberry Crisis!!,6,Strawberry Crisis!!,,66,9.09,83,42,99,13.64,0.86,1.3,0.13,13,15.66,1.23,0.3,4,9.52,0.72,0.08,101,127
116,132,ヴワル魔法図書館,5,巴瓦鲁魔法图书馆,（萃梦想、非想天则）,66,7.58,84,79,99,11.36,0.86,1.3,0.11,9,10.71,1.24,0.21,5,6.33,1.3599999999999999,0.1,99,92
166,132,永夜抄　～ Eastern Night.,4,永夜抄　～ Eastern Night.,,66,6.06,52,51,99,9.09,0.86,1.3,0.09,11,21.15,0.77,0.26,9,17.65,0.88,0.16999999999999998,129,114
273,132,君はあの影を見たか,4,你见到了那个影子吗,,66,6.06,46,33,99,9.09,0.86,1.3,0.09,5,10.87,0.6799999999999999,0.12,4,12.12,0.5700000000000001,0.08,134,139
289,136,メイガスナイト,2,Magus Night,（三月精、心绮楼）,64,3.13,87,78,96,4.69,0.84,1.26,0.04,7,8.05,1.29,0.16,12,15.38,1.34,0.22999999999999998,96,94
170,137,もう歌しか聞こえない,6,只听见歌声,（花映塚）,63,9.52,41,43,95,14.29,0.8200000000000001,1.24,0.13,3,7.32,0.61,0.06999999999999999,6,13.95,0.74,0.12,138,124
196,138,花は幻想のままに,6,花如幻想一般,,61,9.84,28,19,92,14.75,0.8,1.2,0.13,3,10.71,0.41000000000000003,0.06999999999999999,3,15.79,0.33,0.06,166,177
308,138,幻想郷の二ッ岩,3,幻想乡的二岩,（深秘录）,61,4.92,37,35,92,7.38,0.8,1.2,0.06,5,13.51,0.5499999999999999,0.12,3,8.57,0.6,0.06,147,135
179,140,ヴォヤージュ1970,3,Voyage1970,,60,5,55,62,90,7.5,0.79,1.18,0.06,6,10.91,0.8099999999999999,0.13999999999999999,6,9.68,1.0699999999999998,0.12,125,106
366,140,逆転するホイールオブフォーチュン,3,逆转的命运之轮,,60,5,-,-,90,7.5,0.79,1.18,0.06,-,-,-,-,-,-,-,-,-,-
11,140,いざ、倒れ逝くその時まで,2,来吧，直到倒地死去的那一刻,,60,3.33,63,35,90,5,0.79,1.18,0.04,7,11.11,0.9299999999999999,0.16,1,2.86,0.6,0.02,116,135
323,143,満月の竹林,3,满月的竹林,,59,5.08,29,47,89,7.63,0.77,1.16,0.06,3,10.34,0.43,0.06999999999999999,4,8.51,0.8099999999999999,0.08,164,118
302,144,小さな欲望の星空,0,小小欲望的星空,,58,0,33,31,87,0,0.76,1.1400000000000001,0,1,3.03,0.49,0.02,1,3.23,0.53,0.02,156,142
264,145,キャプテン·ムラサ,4,Captain Murasa,,57,7.02,47,36,86,10.53,0.75,1.1199999999999999,0.09,2,4.26,0.69,0.05,4,11.11,0.62,0.08,131,134
70,145,眠れる恐怖 ～ Sleeping Terror,2,能够睡眠的恐怖 ～ Sleeping Terror,,57,3.51,39,22,86,5.26,0.75,1.1199999999999999,0.04,4,10.26,0.58,0.09,0,0,0.38,0,143,167
387,145,科学世紀の少年少女,2,科学世纪的少年少女,,57,3.51,54,31,86,5.26,0.75,1.1199999999999999,0.04,7,12.96,0.8,0.16,2,6.45,0.53,0.04,127,142
168,148,蠢々秋月　～ Mooned Insect,1,蠢蠢的秋月　～ Mooned Insect,,55,1.82,40,46,83,2.73,0.72,1.08,0.02,4,10,0.59,0.09,6,13.04,0.79,0.12,141,119
189,149,お宇佐さまの素い幡,4,宇佐大人的白旗,（卯酉东海道）,53,7.55,40,30,80,11.32,0.69,1.04,0.09,4,10,0.59,0.09,3,10,0.52,0.06,141,144
300,149,夢殿大祀廟,2,梦殿大祀庙,,53,3.77,36,26,80,5.66,0.69,1.04,0.04,1,2.78,0.53,0.02,4,15.38,0.44999999999999996,0.08,149,156
336,149,不可能弾幕には反則を,2,以犯规对不可能的弹幕,,53,3.77,56,-,80,5.66,0.69,1.04,0.04,2,3.57,0.83,0.05,-,-,-,-,122,-
296,152,素敵な墓場で暮しましょ,2,在美妙的墓地里住下吧,（伊奘诺物质）,52,3.85,36,23,78,5.77,0.6799999999999999,1.02,0.04,2,5.56,0.53,0.05,0,0,0.4,0,149,163
356,152,華狭間のバトルフィールド,1,华狭间的战场,,52,1.92,-,-,78,2.88,0.6799999999999999,1.02,0.02,-,-,-,-,-,-,-,-,-,-
184,154,東方妖怪小町,2,东方妖怪小镇,,50,4,35,41,75,6,0.65,0.98,0.04,3,8.57,0.52,0.06999999999999999,4,9.76,0.7100000000000001,0.08,152,128
395,155,車椅子の未来宇宙,6,轮椅上的未来宇宙,,49,12.24,36,32,74,18.37,0.64,0.96,0.13,5,13.89,0.53,0.12,2,6.25,0.5499999999999999,0.04,149,141
371,156,見た事も無い悪夢の世界,2,前所未见的噩梦世界,,48,4.17,-,-,72,6.25,0.63,0.9400000000000001,0.04,-,-,-,-,-,-,-,-,-,-
263,157,幽霊客船の時空を越えた旅,2,幽灵客船的时空穿越之旅,,47,4.26,24,24,71,6.38,0.61,0.9199999999999999,0.04,2,8.33,0.35000000000000003,0.05,0,0,0.41000000000000003,0,178,157
173,158,永夜の報い　～ Imperishable Night,3,永夜的报应　～ Imperishable Night,（梦违科学世纪）,46,6.52,20,27,69,9.78,0.6,0.8999999999999999,0.06,1,5,0.3,0.02,3,11.11,0.45999999999999996,0.06,194,153
142,159,妖々跋扈　～ Who done it!,3,妖妖跋扈 ～ Who done it!,,45,6.67,47,46,68,10,0.59,0.88,0.06,1,2.13,0.69,0.02,4,8.7,0.79,0.08,131,119
100,160,神話幻想 ～ Infinite Being,3,神话幻想 ～ Infinite Being,,44,6.82,30,23,66,10.23,0.58,0.86,0.06,0,0,0.44,0,1,4.35,0.4,0.02,162,163
50,160,永遠の満月,2,永远的满月,,44,4.55,24,24,66,6.82,0.58,0.86,0.04,3,12.5,0.35000000000000003,0.06999999999999999,2,8.33,0.41000000000000003,0.04,178,157
109,160,赤より紅い夢,2,比赤色更红的梦,,44,4.55,60,37,66,6.82,0.58,0.86,0.04,5,8.33,0.89,0.12,7,18.92,0.64,0.13999999999999999,118,132
149,160,御伽の国の鬼が島 ～ Missing Power,0,御伽之国的鬼岛 ～ Missing Power,,44,0,32,28,66,0,0.58,0.86,0,4,12.5,0.47000000000000003,0.09,2,7.14,0.48,0.04,157,147
266,164,虎柄の毘沙門天,1,虎纹的毘沙门天,,42,2.38,32,28,63,3.57,0.5499999999999999,0.8200000000000001,0.02,1,3.13,0.47000000000000003,0.02,1,3.57,0.48,0.02,157,147
202,165,レトロスペクティブ京都,3,回忆京都,（卯酉东海道）,41,7.32,34,24,62,10.98,0.54,0.8,0.06,4,11.76,0.5,0.09,3,12.5,0.41000000000000003,0.06,154,157
269,165,夜空のユーフォーロマンス,2,夜空中的UFO恋曲,（鸟船遗迹）,41,4.88,34,22,62,7.32,0.54,0.8,0.04,2,5.88,0.5,0.05,2,9.09,0.38,0.04,154,167
382,165,月の妖鳥、化猫の幻,2,月的妖鸟、化猫的幻,,41,4.88,43,27,62,7.32,0.54,0.8,0.04,4,9.3,0.64,0.09,2,7.41,0.45999999999999996,0.04,137,153
319,168,ミストレイク,2,Mist Lake,,40,5,19,24,60,7.5,0.52,0.79,0.04,2,10.53,0.27999999999999997,0.05,0,0,0.41000000000000003,0,198,157
246,169,ハートフェルトファンシー,8,Heartfelt Fancy,（伊奘诺物质）,39,20.51,22,13,59,30.77,0.51,0.77,0.16999999999999998,0,0,0.33,0,2,15.38,0.22,0.04,184,201
147,169,Demystify Feast,2,揭开宴会的秘密,（大空魔术）,39,5.13,17,17,59,7.69,0.51,0.77,0.04,2,11.76,0.25,0.05,3,17.65,0.29,0.06,209,183
148,169,夜が降りてくる ～ Evening Star,2,夜幕降临 ～ Evening Star,（绯想天、梦违科学世纪）,39,5.13,39,21,59,7.69,0.51,0.77,0.04,4,10.26,0.58,0.09,2,9.52,0.36,0.04,143,171
390,172,53ミニッツの青い海,6,53分钟的蓝色大海,,38,15.79,23,13,57,23.68,0.5,0.75,0.13,2,8.7,0.33999999999999997,0.05,1,7.69,0.22,0.02,181,201
183,172,Eternal Dream　～ 幽玄の槭樹,3,Eternal Dream　～ 幽玄的枫树,（梦违科学世纪）,38,7.89,45,30,57,11.84,0.5,0.75,0.06,3,6.67,0.67,0.06999999999999999,3,10,0.52,0.06,135,144
204,174,人恋し神様　～ Romantic Fall,1,眷爱众生之神　～ Romantic Fall,,37,2.7,41,41,56,4.05,0.48,0.73,0.02,5,12.2,0.61,0.12,6,14.63,0.7100000000000001,0.12,138,128
198,175,天狗の手帖　～ Mysterious Note,3,天狗的笔记 ～ Mysterious Note,,36,8.33,10,16,54,12.5,0.47000000000000003,0.7100000000000001,0.06,1,10,0.15,0.02,2,12.5,0.27999999999999997,0.04,257,187
275,175,ぼくらの非想天則,3,我们的非想天则,,36,8.33,44,50,54,12.5,0.47000000000000003,0.7100000000000001,0.06,1,2.27,0.65,0.02,3,6,0.86,0.06,136,117
381,177,魔術師メリー,3,魔术师梅莉,,35,8.57,22,8,53,12.86,0.45999999999999996,0.69,0.06,0,0,0.33,0,0,0,0.13999999999999999,0,184,247
234,177,天衣無縫,1,天衣无缝,,35,2.86,27,22,53,4.29,0.45999999999999996,0.69,0.02,5,18.52,0.4,0.12,1,4.55,0.38,0.02,170,167
265,177,魔界地方都市エソテリア,1,魔界地方都市秘境,,35,2.86,25,11,53,4.29,0.45999999999999996,0.69,0.02,1,4,0.37,0.02,0,0,0.19,0,175,220
310,177,塵界不変のペシミズム,0,尘世不变的悲观主义,,35,0,18,13,53,0,0.45999999999999996,0.69,0,1,5.56,0.27,0.02,0,0,0.22,0,201,201
396,181,衛星カフェテラス,2,卫星露天咖啡屋,,34,5.88,15,21,51,8.82,0.44,0.67,0.04,3,20,0.22,0.06999999999999999,2,9.52,0.36,0.04,221,171
397,181,G Free,0,G Free,,34,0,39,27,51,0,0.44,0.67,0,1,2.56,0.58,0.02,5,18.52,0.45999999999999996,0.1,143,153
140,183,妖々跋扈,2,妖妖跋扈,,33,6.06,41,40,50,9.09,0.43,0.65,0.04,2,4.88,0.61,0.05,3,7.5,0.69,0.06,138,130
410,183,日本中の不思議を集めて,2,收集日本各地的不可思议,,33,6.06,20,8,50,9.09,0.43,0.65,0.04,4,20,0.3,0.09,0,0,0.13999999999999999,0,194,247
46,183,非統一魔法世界論,1,非统一魔法世界论,,33,3.03,54,7,50,4.55,0.43,0.65,0.02,7,12.96,0.8,0.16,0,0,0.12,0,127,263
360,183,兎は舞い降りた,1,兔已着陆,,33,3.03,-,-,50,4.55,0.43,0.65,0.02,-,-,-,-,-,-,-,-,-,-
322,187,柳の下のデュラハン,5,柳树下的杜拉罕,,32,15.63,35,51,48,23.44,0.42,0.63,0.11,1,2.86,0.52,0.02,3,5.88,0.88,0.06,152,114
383,187,過去の花　～ Fairy of Flower,2,过去的花 ～ Fairy of Flower,,32,6.25,22,14,48,9.38,0.42,0.63,0.04,0,0,0.33,0,0,0,0.24,0,184,195
214,187,御柱の墓場　～ Grave of Being,1,御柱的墓场 ～ Grave of Being,,32,3.13,29,30,48,4.69,0.42,0.63,0.02,0,0,0.43,0,1,3.33,0.52,0.02,164,144
432,190,妖精大戦争　～ Fairy Wars,4,妖精大战争 ～Faily Wars,（妖精大战争）,31,12.9,15,23,47,19.35,0.41000000000000003,0.61,0.09,1,6.67,0.22,0.02,2,8.7,0.4,0.04,221,163
250,190,業火マントル,3,业火地幔,,31,9.68,16,12,47,14.52,0.41000000000000003,0.61,0.06,1,6.25,0.24,0.02,1,8.33,0.21,0.02,216,218
398,190,大空魔術　～ Magical Astronomy,3,太空魔术 ～ Magical Astronomy,,31,9.68,28,28,47,14.52,0.41000000000000003,0.61,0.06,0,0,0.41000000000000003,0,3,10.71,0.48,0.06,166,147
408,190,アガルタの風,3,阿加尔塔之风,,31,9.68,22,13,47,14.52,0.41000000000000003,0.61,0.06,1,4.55,0.33,0.02,0,0,0.22,0,184,201
419,190,魔法使いの憂鬱,3,魔法使的忧郁,,31,9.68,27,22,47,14.52,0.41000000000000003,0.61,0.06,0,0,0.4,0,1,4.55,0.38,0.02,170,167
91,190,Romantic Children,1,Romantic Children,,31,3.23,27,28,47,4.84,0.41000000000000003,0.61,0.02,4,14.81,0.4,0.09,1,3.57,0.48,0.02,170,147
112,196,ルーネイトエルフ,2,Lunate Elf,,30,6.67,31,9,45,10,0.38999999999999996,0.59,0.04,3,9.68,0.45999999999999996,0.06999999999999999,3,33.33,0.15,0.06,159,235
5,196,東方怪奇談,1,东方怪奇谈,（蓬莱人形）,30,3.33,30,21,45,5,0.38999999999999996,0.59,0.02,3,10,0.44,0.06999999999999999,3,14.29,0.36,0.06,162,171
443,198,魔法少女十字軍,2,魔法少女十字军,（莲台野夜行）,29,6.9,24,24,44,10.34,0.38,0.5700000000000001,0.04,1,4.17,0.35000000000000003,0.02,1,4.17,0.41000000000000003,0.02,178,157
26,198,Complete Darkness,1,Complete Darkness,,29,3.45,15,18,44,5.17,0.38,0.5700000000000001,0.02,0,0,0.22,0,0,0,0.31,0,221,180
58,200,幻想郷 ～ Lotus Land Story,1,幻想乡 ～ Lotus Land Story,,28,3.57,68,54,42,5.36,0.37,0.5499999999999999,0.02,14,20.59,1.01,0.33,15,27.78,0.9299999999999999,0.29,109,110
359,200,忘れがたき、よすがの緑,1,忘不了，那曾依藉的绿意,,28,3.57,-,-,42,5.36,0.37,0.5499999999999999,0.02,-,-,-,-,-,-,-,-,-,-
331,200,魔力の雷雲,0,魔力的雷云,,28,0,22,14,42,0,0.37,0.5499999999999999,0,1,4.55,0.33,0.02,0,0,0.24,0,184,195
386,200,華胥の夢,0,华胥之梦,,28,0,17,9,42,0,0.37,0.5499999999999999,0,0,0,0.25,0,1,11.11,0.15,0.02,209,235
233,204,黒い海に紅く ～ Legendary Fish,3,黑海之红 ～ Legendary Fish,,27,11.11,28,24,41,16.67,0.35000000000000003,0.53,0.06,3,10.71,0.41000000000000003,0.06999999999999999,1,4.17,0.41000000000000003,0.02,166,157
316,204,暁雲,2,晓云,,27,7.41,28,28,41,11.11,0.35000000000000003,0.53,0.04,3,10.71,0.41000000000000003,0.06999999999999999,1,3.57,0.48,0.02,166,147
388,204,夢と現の境界,2,梦境与现实的境界,,27,7.41,21,20,41,11.11,0.35000000000000003,0.53,0.04,3,14.29,0.31,0.06999999999999999,1,5,0.33999999999999997,0.02,191,175
409,204,イザナギオブジェクト,1,伊奘诺物质,,27,3.7,26,16,41,5.56,0.35000000000000003,0.53,0.02,3,11.54,0.38,0.06999999999999999,0,0,0.27999999999999997,0,173,187
120,208,ツェペシュの幼き末裔,1,特佩斯的年幼末裔,,26,3.85,17,13,39,5.77,0.33999999999999997,0.51,0.02,3,17.65,0.25,0.06999999999999999,1,7.69,0.22,0.02,209,201
405,208,宇宙に浮かぶ幻想郷,1,漂浮于宇宙之中的幻想乡,,26,3.85,23,19,39,5.77,0.33999999999999997,0.51,0.02,1,4.35,0.33999999999999997,0.02,1,5.26,0.33,0.02,181,177
258,208,小さな小さな賢将,0,小小的贤将,,26,0,12,15,39,0,0.33999999999999997,0.51,0,0,0,0.18,0,0,0,0.26,0,239,190
287,208,いたずらに命をかけて,0,赌上性命恶作剧,（三月精）,26,0,31,23,39,0,0.33999999999999997,0.51,0,2,6.45,0.45999999999999996,0.05,0,0,0.4,0,159,163
240,212,暗闇の風穴,1,昏暗的风穴,,25,4,21,19,38,6,0.33,0.49,0.02,1,4.76,0.31,0.02,1,5.26,0.33,0.02,191,177
474,212,夢幻回廊,1,梦幻回廊,,25,4,11,7,38,6,0.33,0.49,0.02,1,9.09,0.16,0.02,0,0,0.12,0,246,263
19,214,End of Daylight,1,End of Daylight,,24,4.17,19,20,36,6.25,0.31,0.47000000000000003,0.02,0,0,0.27999999999999997,0,1,5,0.33999999999999997,0.02,198,175
34,214,夢は時空を越えて,1,梦想超越时空,,24,4.17,26,10,36,6.25,0.31,0.47000000000000003,0.02,1,3.85,0.38,0.02,1,10,0.16999999999999998,0.02,173,223
15,216,風の神社,3,风之神社,,23,13.04,25,5,35,19.57,0.3,0.44999999999999996,0.06,5,20,0.37,0.12,0,0,0.09,0,175,290
13,216,星幽剣士,2,星幽剑士,,23,8.7,18,10,35,13.04,0.3,0.44999999999999996,0.04,1,5.56,0.27,0.02,0,0,0.16999999999999998,0,201,223
242,216,渡る者の途絶えた橋,2,阻绝人迹之桥,,23,8.7,16,8,35,13.04,0.3,0.44999999999999996,0.04,0,0,0.24,0,0,0,0.13999999999999999,0,216,247
411,216,テーマ·オブ·イースタンストーリー,2,Theme of Eastern Story,,23,8.7,3,2,35,13.04,0.3,0.44999999999999996,0.04,2,66.67,0.04,0.05,0,0,0.03,0,334,336
329,216,針小棒大の天守閣,1,针小棒大的天守阁,,23,4.35,17,33,35,6.52,0.3,0.44999999999999996,0.02,0,0,0.25,0,0,0,0.5700000000000001,0,209,139
288,216,ルーズレイン,0,Loose Rain,,23,0,18,8,35,0,0.3,0.44999999999999996,0,1,5.56,0.27,0.02,1,12.5,0.13999999999999999,0.02,201,247
272,222,空の帰り道　～ Sky Dream,0,天空上的归途　～ Sky Dream,,22,0,11,12,33,0,0.29,0.43,0,0,0,0.16,0,0,0,0.21,0,246,218
404,222,天鳥船神社の結界,0,天鸟船神社的结界,,22,0,20,5,33,0,0.29,0.43,0,2,10,0.3,0.05,0,0,0.09,0,194,290
219,224,神は恵みの雨を降らす　～ Sylphid Dream,1,神灵降下的恩惠之雨 ～ Sylphid Dream,,21,4.76,15,15,32,7.14,0.27,0.41000000000000003,0.02,2,13.33,0.22,0.05,0,0,0.26,0,221,190
31,224,博麗神社境内,0,博丽神社境内,,21,0,18,14,32,0,0.27,0.41000000000000003,0,1,5.56,0.27,0.02,0,0,0.24,0,201,195
426,224,可愛い大戦争のリフレーン,0,可爱的大战争叠奏曲,（妖精大战争）,21,0,10,13,32,0,0.27,0.41000000000000003,0,1,10,0.15,0.02,0,0,0.22,0,257,201
75,227,かわいい悪魔 ～ Innocence,2,可爱的恶魔 ～ Innocence,,20,10,19,14,30,15,0.26,0.38999999999999996,0.04,3,15.79,0.27999999999999997,0.06999999999999999,1,7.14,0.24,0.02,198,195
185,227,花映塚　～ Higan Retour,2,花映塚　～ Higan Retour,,20,10,18,15,30,15,0.26,0.38999999999999996,0.04,1,5.56,0.27,0.02,2,13.33,0.26,0.04,201,190
226,227,香る樹葉花,2,散发着香气的树叶花,,20,10,12,13,30,15,0.26,0.38999999999999996,0.04,0,0,0.18,0,0,0,0.22,0,239,201
1,227,A Sacred Lot,1,A Sacred Lot,,20,5,17,15,30,7.5,0.26,0.38999999999999996,0.02,0,0,0.25,0,4,26.67,0.26,0.08,209,190
17,227,博麗 ～ Eastern Wind,1,博丽 ～ Eastern Wind,,20,5,39,28,30,7.5,0.26,0.38999999999999996,0.02,9,23.08,0.58,0.21,2,7.14,0.48,0.04,143,147
110,227,ほおずきみたいに紅い魂,1,如鬼灯般的红色之魂,,20,5,22,17,30,7.5,0.26,0.38999999999999996,0.02,1,4.55,0.33,0.02,0,0,0.29,0,184,183
307,227,デザイアドリーム,1,Desire Dream,,20,5,9,7,30,7.5,0.26,0.38999999999999996,0.02,2,22.22,0.13,0.05,0,0,0.12,0,264,263
333,227,小槌の魔力,1,小槌的魔力,,20,5,16,17,30,7.5,0.26,0.38999999999999996,0.02,1,6.25,0.24,0.02,2,11.76,0.29,0.04,216,183
98,227,悲しき人形 ～ Doll of Misery,0,可悲的人偶 ～ Doll of Misery,,20,0,14,13,30,0,0.26,0.38999999999999996,0,0,0,0.21,0,1,7.69,0.22,0.02,229,201
335,227,反則の狼煙を上げろ,0,燃起犯规的狼烟,,20,0,16,-,30,0,0.26,0.38999999999999996,0,1,6.25,0.24,0.02,-,-,-,-,216,-
218,237,麓の神社,2,山脚的神社,,19,10.53,11,4,29,15.79,0.25,0.37,0.04,1,9.09,0.16,0.02,0,0,0.06999999999999999,0,246,306
401,237,衛星トリフネ,2,卫星鸟船,,19,10.53,14,9,29,15.79,0.25,0.37,0.04,1,7.14,0.21,0.02,1,11.11,0.15,0.02,229,235
424,237,雪月桜花の国,2,雪月樱花之国,,19,10.53,9,9,29,15.79,0.25,0.37,0.04,1,11.11,0.13,0.02,2,22.22,0.15,0.04,264,235
406,237,緑のサナトリウム,1,绿意盎然的疗养院,,19,5.26,18,14,29,7.89,0.25,0.37,0.02,1,5.56,0.27,0.02,1,7.14,0.24,0.02,201,195
413,237,阿礼の子供,1,阿礼的孩子,,19,5.26,20,9,29,7.89,0.25,0.37,0.02,2,10,0.3,0.05,2,22.22,0.15,0.04,194,235
304,237,妖怪裏参道,0,妖怪里参道,（伊奘诺物质）,19,0,12,13,29,0,0.25,0.37,0,0,0,0.18,0,1,7.69,0.22,0.02,239,201
407,237,牛に引かれて善光寺参り,0,被牛引到善光寺,,19,0,14,10,29,0,0.25,0.37,0,3,21.43,0.21,0.06999999999999999,1,10,0.16999999999999998,0.02,229,223
224,244,甲論乙駁,0,甲论乙驳,,18,0,5,9,27,0,0.24,0.35000000000000003,0,0,0,0.06999999999999999,0,0,0,0.15,0,304,235
340,244,心揺さぶる都市伝説,0,震撼心灵的都市传说,,18,0,-,-,27,0,0.24,0.35000000000000003,0,-,-,-,-,-,-,-,-,-,-
403,244,天鳥船神社,0,天鸟船神社,,18,0,12,8,27,0,0.24,0.35000000000000003,0,0,0,0.18,0,1,12.5,0.13999999999999999,0.02,239,247
430,244,年中夢中の好奇心,0,时刻旺盛的好奇心,（妖精大战争）,18,0,15,16,27,0,0.24,0.35000000000000003,0,1,6.67,0.22,0.02,0,0,0.27999999999999997,0,221,187
190,248,ポイズンボディ　～ Forsaken Doll,2,剧毒身体　～ Forsaken Doll,,17,11.76,10,7,26,17.65,0.22,0.33,0.04,2,20,0.15,0.05,0,0,0.12,0,257,263
480,248,ラストワード発動,1,Lastword发动,,17,5.88,8,10,26,8.82,0.22,0.33,0.02,0,0,0.12,0,0,0,0.16999999999999998,0,273,223
8,248,破邪の小太刀,0,破邪的小太刀,,17,0,17,13,26,0,0.22,0.33,0,0,0,0.25,0,1,7.69,0.22,0.02,209,201
159,248,仰空,0,仰空,,17,0,15,8,26,0,0.22,0.33,0,1,6.67,0.22,0.02,1,12.5,0.13999999999999999,0.02,221,247
324,248,孤独なウェアウルフ,0,孤独的狼人,,17,0,14,18,26,0,0.22,0.33,0,0,0,0.21,0,0,0,0.31,0,229,180
355,248,竹林インフレイム,0,竹林大火,,17,0,-,-,26,0,0.22,0.33,0,-,-,-,-,-,-,-,-,-,-
12,254,死なばもろとも,1,同归于尽,,16,6.25,9,9,24,9.38,0.21,0.31,0.02,3,33.33,0.13,0.06999999999999999,0,0,0.15,0,264,235
358,254,宇宙巫女現る,1,宇宙巫女现身,,16,6.25,-,-,24,9.38,0.21,0.31,0.02,-,-,-,-,-,-,-,-,-,-
223,254,地の色は黄色,0,地之色乃黄色,,16,0,21,18,24,0,0.21,0.31,0,0,0,0.31,0,0,0,0.31,0,191,180
431,254,真夜中のフェアリーダンス,0,午夜中的妖精舞会,（妖精大战争）,16,0,5,9,24,0,0.21,0.31,0,0,0,0.06999999999999999,0,0,0,0.15,0,304,235
477,254,心綺楼祭囃子,0,心绮楼祭囃子,,16,0,31,17,24,0,0.21,0.31,0,6,19.35,0.45999999999999996,0.13999999999999999,2,11.76,0.29,0.04,159,183
182,259,月見草,1,月见草,,15,6.67,11,13,23,10,0.2,0.29,0.02,0,0,0.16,0,1,7.69,0.22,0.02,246,201
227,259,踊る水飛沫,1,飞舞的水飞沫,,15,6.67,11,9,23,10,0.2,0.29,0.02,0,0,0.16,0,0,0,0.15,0,246,235
256,259,青空の影,1,青空之影,,15,6.67,11,11,23,10,0.2,0.29,0.02,1,9.09,0.16,0.02,1,9.09,0.19,0.02,246,220
124,259,紅より儚い永遠,0,比红色更虚无的永远,,15,0,25,13,23,0,0.2,0.29,0,3,12,0.37,0.06999999999999999,0,0,0.22,0,175,201
286,259,春の氷精,0,春之冰精,,15,0,8,10,23,0,0.2,0.29,0,2,25,0.12,0.05,2,20,0.16999999999999998,0.04,273,223
297,259,リジッドパラダイス,0,Rigid Paradise,,15,0,18,21,23,0,0.2,0.29,0,2,11.11,0.27,0.05,1,4.76,0.36,0.02,201,171
377,259,空飛ぶ巫女の不思議な毎日,0,空中飞翔的巫女不可思议的每天,,15,0,13,9,23,0,0.2,0.29,0,2,15.38,0.19,0.05,1,11.11,0.15,0.02,234,235
239,266,地霊達の起床,0,地灵们的起床,,14,0,8,13,21,0,0.18,0.27,0,0,0,0.12,0,1,7.69,0.22,0.02,273,201
262,266,時代親父とハイカラ少女,0,守旧老爹与前卫少女,（心绮楼、深秘录）,14,0,6,8,21,0,0.18,0.27,0,0,0,0.09,0,2,25,0.13999999999999999,0.04,296,247
71,268,Dream Land,2,Dream Land,,13,15.38,18,4,20,23.08,0.16999999999999998,0.26,0.04,0,0,0.27,0,0,0,0.06999999999999999,0,201,306
281,268,あなたの町の怪事件,2,你所在之城的怪事,,13,15.38,9,8,20,23.08,0.16999999999999998,0.26,0.04,0,0,0.13,0,0,0,0.13999999999999999,0,264,247
393,268,月面ツアーへようこそ,1,欢迎来到月面旅行团,,13,7.69,3,2,20,11.54,0.16999999999999998,0.26,0.02,0,0,0.04,0,0,0,0.03,0,334,336
89,268,夢想時空,0,梦想时空,,13,0,7,2,20,0,0.16999999999999998,0.26,0,0,0,0.1,0,0,0,0.03,0,287,336
203,268,封印されし神々,0,被封印的众神,,13,0,15,10,20,0,0.16999999999999998,0.26,0,1,6.67,0.22,0.02,1,10,0.16999999999999998,0.02,221,223
282,268,妖怪モダンコロニー,0,现代妖怪殖民地,（三月精）,13,0,4,5,20,0,0.16999999999999998,0.26,0,0,0,0.06,0,0,0,0.09,0,318,290
378,268,夜のデンデラ野を逝く,0,走在夜晚的莲台野,,13,0,6,8,20,0,0.16999999999999998,0.26,0,0,0,0.09,0,0,0,0.13999999999999999,0,296,247
220,275,プレイヤーズスコア,2,Player's Score,（地灵殿、星莲船、大战争、神灵庙、辉针城）,12,16.67,8,4,18,25,0.16,0.24,0.04,0,0,0.12,0,1,25,0.06999999999999999,0.02,273,306
291,275,欲深き霊魂,2,欲望深重的灵魂,,12,16.67,12,14,18,25,0.16,0.24,0.04,0,0,0.18,0,0,0,0.24,0,239,195
6,275,天使伝説,1,天使传说,,12,8.33,10,6,18,12.5,0.16,0.24,0.02,0,0,0.15,0,0,0,0.1,0,257,273
14,275,アイリス,1,鸢尾花,,12,8.33,13,7,18,12.5,0.16,0.24,0.02,0,0,0.19,0,0,0,0.12,0,234,263
51,275,Maple Dream...,1,Maple Dream...,,12,8.33,7,5,18,12.5,0.16,0.24,0.02,1,14.29,0.1,0.02,1,20,0.09,0.02,287,290
320,275,秘境のマーメイド,1,秘境的人鱼,（天邪鬼）,12,8.33,11,13,18,12.5,0.16,0.24,0.02,0,0,0.16,0,2,15.38,0.22,0.04,246,201
95,275,真紅の少女 ～ Crimson Dead!!,0,绯红的少女 ～ Crimson Dead!!,,12,0,23,15,18,0,0.16,0.24,0,2,8.7,0.33999999999999997,0.05,3,20,0.26,0.06,181,190
278,275,アンノウンＸ　～ Unfound Adventure,0,未知物Ｘ　～ Unfound Adventure,（伊奘诺物质）,12,0,13,10,18,0,0.16,0.24,0,0,0,0.19,0,0,0,0.16999999999999998,0,234,223
391,275,青木ヶ原の伝説,0,青木原的传说,,12,0,9,5,18,0,0.16,0.24,0,2,22.22,0.13,0.05,0,0,0.09,0,264,290
74,284,メイド幻想 ～ Icemilk Magic,3,女仆幻想 ～ Icemilk Magic,,11,27.27,15,8,17,40.91,0.13999999999999999,0.22,0.06,0,0,0.22,0,0,0,0.13999999999999999,0,221,247
55,284,時の風,1,时之风,,11,9.09,10,5,17,13.64,0.13999999999999999,0.22,0.02,1,10,0.15,0.02,0,0,0.09,0,257,290
293,284,ゴーストリード,1,Ghost Lead,,11,9.09,8,8,17,13.64,0.13999999999999999,0.22,0.02,1,12.5,0.12,0.02,0,0,0.13999999999999999,0,273,247
21,284,幻夢界,0,幻梦界,,11,0,10,4,17,0,0.13999999999999999,0.22,0,0,0,0.15,0,1,25,0.06999999999999999,0.02,257,306
38,284,Dim. Dream,0,Dim. Dream,,11,0,13,7,17,0,0.13999999999999999,0.22,0,1,7.69,0.19,0.02,1,14.29,0.12,0.02,234,263
384,284,幻想の永遠祭,0,幻想的永远祭,,11,0,4,3,17,0,0.13999999999999999,0.22,0,1,25,0.06,0.02,0,0,0.05,0,318,322
418,284,花映塚 ～ after Higan Retour,0,花映塚 ～ after Higan Retour,,11,0,11,6,17,0,0.13999999999999999,0.22,0,1,9.09,0.16,0.02,1,16.67,0.1,0.02,246,273
25,291,東方封魔録 ～ 幽幻乱舞,1,东方封魔录 ～ 幽幻乱舞,,10,10,12,13,15,15,0.13,0.2,0.02,1,8.33,0.18,0.02,2,15.38,0.22,0.04,239,201
73,291,禁じざるをえない遊戯,1,不可不禁止的游戏,,10,10,14,13,15,15,0.13,0.2,0.02,2,14.29,0.21,0.05,0,0,0.22,0,229,201
187,291,オリエンタルダークフライト,1,Oriental Dark Flight,,10,10,13,6,15,15,0.13,0.2,0.02,1,7.69,0.19,0.02,0,0,0.1,0,234,273
254,291,地霊達の帰宅,1,地灵们的归宅,,10,10,7,8,15,15,0.13,0.2,0.02,1,14.29,0.1,0.02,0,0,0.13999999999999999,0,287,247
402,291,トロヤ群の密林,1,特洛伊群的密林,,10,10,7,5,15,15,0.13,0.2,0.02,1,14.29,0.1,0.02,0,0,0.09,0,287,290
462,291,エニグマティクドール ～ God Knows,0,神秘的人偶　～ God Knows,（蓬莱人形）,10,0,3,4,15,0,0.13,0.2,0,0,0,0.04,0,0,0,0.06999999999999999,0,334,306
476,291,巨大な影と小さな結末,0,巨大的影子与渺小的结局,,10,0,10,6,15,0,0.13,0.2,0,0,0,0.15,0,0,0,0.1,0,257,273
154,298,遍参,0,遍参,,9,0,1,4,14,0,0.12,0.18,0,0,0,0.01,0,0,0,0.06999999999999999,0,381,306
241,298,封じられた妖怪 ～ Lost Place,0,被封印的妖怪　～ Lost Place,,9,0,7,7,14,0,0.12,0.18,0,0,0,0.1,0,0,0,0.12,0,287,263
334,298,不思議な不思議な道具達,0,非常非常神奇的道具们,,9,0,1,10,14,0,0.12,0.18,0,0,0,0.01,0,1,10,0.16999999999999998,0.02,381,223
128,301,クリスタライズシルバー,2,Crystallize Silver,,8,25,8,7,12,37.5,0.1,0.16,0.04,0,0,0.12,0,0,0,0.12,0,273,263
3,301,The Positive and Negative,1,The Positive and Negative,,8,12.5,8,3,12,18.75,0.1,0.16,0.02,1,12.5,0.12,0.02,0,0,0.05,0,273,322
63,301,紅響曲 ～ Scarlet Phoneme,1,紅响曲 ～ Scarlet Phoneme,,8,12.5,9,8,12,18.75,0.1,0.16,0.02,0,0,0.13,0,0,0,0.13999999999999999,0,264,247
96,301,裏切りの少女 ～ Judas Kiss,1,背叛的少女 ～ Judas Kiss,,8,12.5,11,6,12,18.75,0.1,0.16,0.02,2,18.18,0.16,0.05,1,16.67,0.1,0.02,246,273
255,301,エネルギー黎明 ～ Future Dream...,1,能源黎明 ～ Future Dream...,,8,12.5,3,8,12,18.75,0.1,0.16,0.02,2,66.67,0.04,0.05,0,0,0.13999999999999999,0,334,247
295,301,門前の妖怪小娘,1,门前的妖怪小姑娘,,8,12.5,0,1,12,18.75,0.1,0.16,0.02,0,0,0,0,0,0,0.02,0,420,365
321,301,運河を行き交う人妖,1,往来于运河的人与妖,,8,12.5,8,6,12,18.75,0.1,0.16,0.02,1,12.5,0.12,0.02,0,0,0.1,0,273,273
421,301,夜だから眠れない,1,夜晚无法入睡,,8,12.5,7,5,12,18.75,0.1,0.16,0.02,0,0,0.1,0,1,20,0.09,0.02,287,290
475,301,蓬莱幻想 ～ far East,1,蓬莱幻想 ～ far East,,8,12.5,8,2,12,18.75,0.1,0.16,0.02,1,12.5,0.12,0.02,0,0,0.03,0,273,336
23,301,ひもろぎ、むらさきにもえ,0,神篱，如紫色般火焰燃烧,,8,0,16,6,12,0,0.1,0.16,0,1,6.25,0.24,0.02,2,33.33,0.1,0.04,216,273
28,301,戦車むすめのみるゆめ,0,战车娘的梦想,,8,0,4,9,12,0,0.1,0.16,0,0,0,0.06,0,2,22.22,0.15,0.04,318,235
42,301,夢幻遊戯 ～ Dream War,0,梦幻游戏 ～ Dream War,,8,0,6,1,12,0,0.1,0.16,0,0,0,0.09,0,1,100,0.02,0.02,296,365
92,301,プラスチックマインド,0,Plastic Mind,,8,0,4,6,12,0,0.1,0.16,0,1,25,0.06,0.02,1,16.67,0.1,0.02,318,273
97,301,the Last Judgement,0,the Last Judgement,,8,0,4,4,12,0,0.1,0.16,0,0,0,0.06,0,0,0,0.06999999999999999,0,318,306
197,301,魂の花　～ Another Dream...,0,魂之花 ～ Another Dream...,,8,0,11,5,12,0,0.1,0.16,0,2,18.18,0.16,0.05,0,0,0.09,0,246,290
199,301,風の循環　～ Wind Tour,0,风的循环 ～ Wind Tour,,8,0,5,13,12,0,0.1,0.16,0,1,20,0.06999999999999999,0.02,2,15.38,0.22,0.04,304,201
232,301,雲外蒼天,0,云外苍天,,8,0,5,6,12,0,0.1,0.16,0,0,0,0.06999999999999999,0,0,0,0.1,0,304,273
317,301,官板黄昏新聞,0,官板黄昏新闻,,8,0,17,10,12,0,0.1,0.16,0,0,0,0.25,0,2,20,0.16999999999999998,0.04,209,223
354,301,対蹠地の鐘,0,对跖点之钟,,8,0,-,-,12,0,0.1,0.16,0,-,-,-,-,-,-,-,-,-,-
361,320,湖は浄めの月光を映して,1,湖上倒映着洁净的月光,,7,14.29,-,-,11,21.43,0.09,0.13999999999999999,0.02,-,-,-,-,-,-,-,-,-,-
468,320,キュアリアス上海古牌,1,好奇的上海古牌,,7,14.29,4,5,11,21.43,0.09,0.13999999999999999,0.02,0,0,0.06,0,0,0,0.09,0,318,290
29,320,遠野の森,0,远野之森,,7,0,9,6,11,0,0.09,0.13999999999999999,0,0,0,0.13,0,1,16.67,0.1,0.02,264,273
94,320,禁断の魔法 ～ Forbidden Magic,0,禁忌的魔法 ～ Forbidden Magic,,7,0,11,6,11,0,0.09,0.13999999999999999,0,2,18.18,0.16,0.05,0,0,0.1,0,246,273
200,320,天狗が見ている　～ Black Eyes,0,天狗正凝视着 ～ Black Eyes,,7,0,7,9,11,0,0.09,0.13999999999999999,0,0,0,0.1,0,0,0,0.15,0,287,235
325,320,マジカルストーム,0,Magical Storm,,7,0,6,7,11,0,0.09,0.13999999999999999,0,0,0,0.09,0,0,0,0.12,0,296,263
352,320,七玉蒐集ショウダウン,0,七玉搜集大摊牌,,7,0,-,-,11,0,0.09,0.13999999999999999,0,-,-,-,-,-,-,-,-,-,-
373,320,神社から見える月,0,从神社所见之月,,7,0,-,-,11,0,0.09,0.13999999999999999,0,-,-,-,-,-,-,-,-,-,-
446,320,幻想科学　～ Doll's Phantom,0,幻想科学　～ Doll's Phantom,（梦违科学世纪）,7,0,8,8,11,0,0.09,0.13999999999999999,0,1,12.5,0.12,0.02,1,12.5,0.13999999999999999,0.02,273,247
93,329,メイプルワイズ,1,Maple Wise,,6,16.67,2,0,9,25,0.08,0.12,0.02,0,0,0.03,0,0,0,0,0,353,395
195,329,此岸の塚,1,此岸之塚,,6,16.67,3,3,9,25,0.08,0.12,0.02,0,0,0.04,0,0,0,0.05,0,334,322
290,329,春の氷精　- 静 -,1,春之冰精 -静-,,6,16.67,2,5,9,25,0.08,0.12,0.02,0,0,0.03,0,0,0,0.09,0,353,290
416,329,綿月のスペルカード　～ Lunatic Blue,1,绵月的符卡 ～ Lunatic Blue,,6,16.67,4,4,9,25,0.08,0.12,0.02,0,0,0.06,0,0,0,0.06999999999999999,0,318,306
448,329,シルクロードアリス,1,Silk Road Alice,,6,16.67,0,4,9,25,0.08,0.12,0.02,0,0,0,0,0,0,0.06999999999999999,0,420,306
49,329,東方の青い空,0,东方的蓝色天空,,6,0,5,3,9,0,0.08,0.12,0,1,20,0.06999999999999999,0.02,0,0,0.05,0,304,322
61,329,装飾戦 ～ Decoration Battle,0,装饰战 ～ Decoration Battle,,6,0,7,3,9,0,0.08,0.12,0,0,0,0.1,0,0,0,0.05,0,287,322
144,329,春風の夢,0,春风之梦,,6,0,3,6,9,0,0.08,0.12,0,0,0,0.04,0,0,0,0.1,0,334,273
276,329,人形のある風景,0,人偶存在的风景,,6,0,5,10,9,0,0.08,0.12,0,0,0,0.06999999999999999,0,0,0,0.16999999999999998,0,304,223
350,329,明かされる深秘,0,被揭晓的深秘,,6,0,-,-,9,0,0.08,0.12,0,-,-,-,-,-,-,-,-,-,-
374,329,宇宙巫女帰還する,0,宇宙巫女归还,,6,0,-,-,9,0,0.08,0.12,0,-,-,-,-,-,-,-,-,-,-
380,329,古の冥界寺,0,古老的冥界寺,,6,0,4,2,9,0,0.08,0.12,0,0,0,0.06,0,0,0,0.03,0,318,336
423,329,サニーミルクの紅霧異変,0,桑尼米尔克的红雾异变,,6,0,2,5,9,0,0.08,0.12,0,1,50,0.03,0.02,2,40,0.09,0.04,353,290
428,329,二つの世界,0,两个世界,,6,0,1,1,9,0,0.08,0.12,0,0,0,0.01,0,0,0,0.02,0,381,365
467,329,AN ORDEAL FROM GOD,0,AN ORDEAL FROM GOD,（幻想麻雀）,6,0,2,2,9,0,0.08,0.12,0,0,0,0.03,0,1,50,0.03,0.02,353,336
4,344,Highly Responsive to Prayers,1,Highly Responsive to Prayers,,5,20,12,0,8,30,0.06999999999999999,0.1,0.02,0,0,0.18,0,0,0,0,0,239,395
43,344,魔法決戦！ ～ Fight it out!,1,魔法决战！ ～ Fight it out!,,5,20,0,3,8,30,0.06999999999999999,0.1,0.02,0,0,0,0,0,0,0.05,0,420,322
105,344,久遠の楽園,1,永远的乐园,,5,20,9,6,8,30,0.06999999999999999,0.1,0.02,1,11.11,0.13,0.02,0,0,0.1,0,264,273
150,344,夏明き,1,夏明,,5,20,8,2,8,30,0.06999999999999999,0.1,0.02,0,0,0.12,0,0,0,0.03,0,273,336
9,344,魔鏡,0,魔镜,,5,0,3,7,8,0,0.06999999999999999,0.1,0,0,0,0.04,0,0,0,0.12,0,334,263
10,344,the Legend of KAGE,0,the Legend of KAGE,,5,0,2,2,8,0,0.06999999999999999,0.1,0,0,0,0.03,0,0,0,0.03,0,353,336
16,344,東方封魔録 ～ 浄土曼荼羅,0,东方封魔录 ～ 净土曼荼罗,,5,0,22,11,8,0,0.06999999999999999,0.1,0,1,4.55,0.33,0.02,1,9.09,0.19,0.02,184,220
40,344,Maniacal Princess,0,Maniacal Princess,,5,0,2,2,8,0,0.06999999999999999,0.1,0,1,50,0.03,0.02,0,0,0.03,0,353,336
161,344,珍客,0,稀客,,5,0,1,1,8,0,0.06999999999999999,0.1,0,0,0,0.01,0,0,0,0.02,0,381,365
194,344,花の映る塚,0,映花之塚,,5,0,8,4,8,0,0.06999999999999999,0.1,0,0,0,0.12,0,1,25,0.06999999999999999,0.02,273,306
294,344,妖怪寺へようこそ,0,欢迎来到妖怪寺,,5,0,1,1,8,0,0.06999999999999999,0.1,0,0,0,0.01,0,0,0,0.02,0,381,365
347,344,真実を知る者,0,知晓真相之人,,5,0,-,-,8,0,0.06999999999999999,0.1,0,-,-,-,-,-,-,-,-,-,-
348,344,外界フォークロア,0,外界民俗,,5,0,-,-,8,0,0.06999999999999999,0.1,0,-,-,-,-,-,-,-,-,-,-
351,344,オカルトアラカルト,0,灵异任你选,,5,0,-,-,8,0,0.06999999999999999,0.1,0,-,-,-,-,-,-,-,-,-,-
415,344,妖怪宇宙旅行,0,妖怪宇宙旅行,,5,0,2,4,8,0,0.06999999999999999,0.1,0,0,0,0.03,0,0,0,0.06999999999999999,0,353,306
478,344,演者選択,0,出演者选择,,5,0,2,0,8,0,0.06999999999999999,0.1,0,0,0,0.03,0,0,0,0,0,353,395
69,360,Lotus Love,1,Lotus Love,,4,25,6,10,6,37.5,0.05,0.08,0.02,1,16.67,0.09,0.02,2,20,0.16999999999999998,0.04,296,223
81,360,Dreamy pilot,1,Dreamy pilot,,4,25,3,1,6,37.5,0.05,0.08,0.02,1,33.33,0.04,0.02,1,100,0.02,0.02,334,365
343,360,顕現した伝承の形,1,显现的传承形态,,4,25,-,-,6,37.5,0.05,0.08,0.02,-,-,-,-,-,-,-,-,-,-
441,360,機械サーカス　～ Reverie,1,机械马戏团　～ Reverie（Circus Reverie）,（蓬莱人形）,4,25,2,2,6,37.5,0.05,0.08,0.02,0,0,0.03,0,1,50,0.03,0.02,353,336
459,360,"My Maid, Sweet Maid",1,"My Maid, Sweet Maid",,4,25,1,0,6,37.5,0.05,0.08,0.02,0,0,0.01,0,0,0,0,0,381,395
18,360,She's in a temper!!,0,She's in a temper!!,,4,0,2,2,6,0,0.05,0.08,0,0,0,0.03,0,0,0,0.03,0,353,336
22,360,死を賭して,0,以死相赌,,4,0,2,3,6,0,0.05,0.08,0,0,0,0.03,0,2,66.67,0.05,0.04,353,322
30,360,昔話わんだーらんど,0,传说中的仙境,,4,0,1,4,6,0,0.05,0.08,0,0,0,0.01,0,2,50,0.06999999999999999,0.04,381,306
44,360,Sailor of Time,0,Sailor of Time,,4,0,4,3,6,0,0.05,0.08,0,0,0,0.06,0,0,0,0.05,0,318,322
87,360,Dream Express,0,Dream Express,,4,0,0,1,6,0,0.05,0.08,0,0,0,0,0,0,0,0.02,0,420,365
88,360,魔法陣 ～ Magic Square,0,魔法阵 ～ Magic Square,,4,0,1,0,6,0,0.05,0.08,0,0,0,0.01,0,0,0,0,0,381,395
283,360,ネメシスの要塞,0,复仇女神的要塞,,4,0,2,6,6,0,0.05,0.08,0,0,0,0.03,0,1,16.67,0.1,0.02,353,273
337,360,ミッドナイトスペルカード,0,Midnight Spell Card,,4,0,5,-,6,0,0.05,0.08,0,0,0,0.06999999999999999,0,-,-,-,-,304,-
349,360,各々の結末,0,各自的结局,,4,0,-,-,6,0,0.05,0.08,0,-,-,-,-,-,-,-,-,-,-
412,360,ジャパニーズサーガ,0,Japanese Saga,,4,0,1,2,6,0,0.05,0.08,0,0,0,0.01,0,0,0,0.03,0,381,336
427,360,フェアリー冒険譚,0,妖精冒险谭,,4,0,1,0,6,0,0.05,0.08,0,0,0,0.01,0,0,0,0,0,381,395
447,360,少女神性　～ Pandora's Box,0,少女神性　～ Pandora's Box,,4,0,2,2,6,0,0.05,0.08,0,1,50,0.03,0.02,0,0,0.03,0,353,336
454,360,天鵝絨少女戰　～ Velvet Battle,0,天鹅绒少女战　～ Velvet Battle,,4,0,2,2,6,0,0.05,0.08,0,0,0,0.03,0,0,0,0.03,0,353,336
466,360,呑んべぇのレムリア,0,酒鬼的Lamuria,（儚月抄）,4,0,1,2,6,0,0.05,0.08,0,0,0,0.01,0,0,0,0.03,0,381,336
469,360,妖々跋扈　～ Speed Fox!,0,妖妖跋扈　～ Speed Fox!,,4,0,2,2,6,0,0.05,0.08,0,0,0,0.03,0,0,0,0.03,0,353,336
231,380,冷吟閑酔,1,冷吟闲醉,,3,33.33,9,5,5,50,0.04,0.06,0.02,1,11.11,0.13,0.02,1,20,0.09,0.02,264,290
7,380,Oriental Magician,0,Oriental Magician,,3,0,5,3,5,0,0.04,0.06,0,0,0,0.06999999999999999,0,0,0,0.05,0,304,322
20,380,やみのちから,0,黑暗的力量,,3,0,5,8,5,0,0.04,0.06,0,0,0,0.06999999999999999,0,0,0,0.13999999999999999,0,304,247
27,380,Extra Love,0,Extra Love,,3,0,3,3,5,0,0.04,0.06,0,0,0,0.04,0,2,66.67,0.05,0.04,334,322
33,380,封魔終演,0,封魔终演,,3,0,5,4,5,0,0.04,0.06,0,0,0,0.06999999999999999,0,0,0,0.06999999999999999,0,304,306
59,380,Witching Dream,0,Witching Dream,,3,0,7,2,5,0,0.04,0.06,0,0,0,0.1,0,2,100,0.03,0.04,287,336
65,380,霊戦 ～ Perdition crisis,0,灵战 ～ Perdition crisis,,3,0,4,5,5,0,0.04,0.06,0,1,25,0.06,0.02,0,0,0.09,0,318,290
83,380,Border Land,0,Border Land,,3,0,1,0,5,0,0.04,0.06,0,0,0,0.01,0,0,0,0,0,381,395
86,380,怪綺談 ～ Mystic Square,0,怪绮谈 ～ Mystic Square,,3,0,6,5,5,0,0.04,0.06,0,0,0,0.09,0,1,20,0.09,0.02,296,290
103,380,神社,0,神社,,3,0,4,0,5,0,0.04,0.06,0,1,25,0.06,0.02,0,0,0,0,318,395
163,380,戦迅,0,战迅,,3,0,2,1,5,0,0.04,0.06,0,0,0,0.03,0,0,0,0.02,0,353,365
164,380,禍機,0,祸机,,3,0,1,1,5,0,0.04,0.06,0,0,0,0.01,0,0,0,0.02,0,381,365
222,380,日常坐臥,0,日常坐卧,,3,0,5,2,5,0,0.04,0.06,0,1,20,0.06999999999999999,0.02,0,0,0.03,0,304,336
261,380,スカイルーイン,0,Sky Ruin,,3,0,1,4,5,0,0.04,0.06,0,0,0,0.01,0,1,25,0.06999999999999999,0.02,381,306
306,380,神社の新しい風,0,神社的新风,,3,0,1,0,5,0,0.04,0.06,0,0,0,0.01,0,0,0,0,0,381,395
314,380,丑三つ時の里,0,丑时三刻的村庄,,3,0,8,6,5,0,0.04,0.06,0,0,0,0.12,0,1,16.67,0.1,0.02,273,273
414,380,夜の鳩山を飛ぶ -Power MIX,0,飞越夜晚的鸠山 - Power MIX,,3,0,3,2,5,0,0.04,0.06,0,0,0,0.04,0,1,50,0.03,0.02,334,336
422,380,妖精燦々として,0,妖精灿烂的样子,,3,0,2,1,5,0,0.04,0.06,0,0,0,0.03,0,0,0,0.02,0,353,365
436,380,幻想帝都,0,幻想帝都,,3,0,0,0,5,0,0.04,0.06,0,0,0,0,0,0,0,0,0,420,395
463,380,Witch of Love Potion,0,Witch of Love Potion,（蓬莱人形）,3,0,5,1,5,0,0.04,0.06,0,0,0,0.06999999999999999,0,0,0,0.02,0,304,365
84,400,Magic Shop of Raspberry,1,Magic Shop of Raspberry,,2,50,0,1,3,75,0.03,0.04,0.02,0,0,0,0,0,0,0.02,0,420,365
48,400,久遠の夢,0,久远之梦,,2,0,3,5,3,0,0.03,0.04,0,0,0,0.04,0,0,0,0.09,0,334,290
56,400,スターボウドリーム,0,Starbow Dream,,2,0,3,0,3,0,0.03,0.04,0,1,33.33,0.04,0.02,0,0,0,0,334,395
57,400,Phantasmagoria,0,Phantasmagoria,,2,0,4,2,3,0,0.03,0.04,0,1,25,0.06,0.02,0,0,0.03,0,318,336
82,400,Incomplete Plot,0,Incomplete Plot,,2,0,1,2,3,0,0.03,0.04,0,1,100,0.01,0.02,0,0,0.03,0,381,336
99,400,世界の果て ～ World's End,0,世界的尽头 ～ World's End,,2,0,6,4,3,0,0.03,0.04,0,1,16.67,0.09,0.02,0,0,0.06999999999999999,0,296,306
230,400,嘲りの遊戯,0,嘲讽的游戏,,2,0,5,4,3,0,0.03,0.04,0,0,0,0.06999999999999999,0,0,0,0.06999999999999999,0,304,306
274,400,伝説の巨神,0,传说的巨神,,2,0,3,2,3,0,0.03,0.04,0,0,0,0.04,0,0,0,0.03,0,334,336
280,400,ニュースハウンド,0,Newshound,,2,0,4,2,3,0,0.03,0.04,0,0,0,0.06,0,0,0,0.03,0,318,336
313,400,人気のない場所,0,无人气的场所,,2,0,0,2,3,0,0.03,0.04,0,0,0,0,0,0,0,0.03,0,420,336
376,400,人形の森,0,人偶之森,,2,0,5,10,3,0,0.03,0.04,0,0,0,0.06999999999999999,0,1,10,0.16999999999999998,0.02,304,223
434,400,フォルスストロベリー,0,False Strawberry,,2,0,3,3,3,0,0.03,0.04,0,0,0,0.04,0,0,0,0.05,0,334,322
442,400,カナベラルの夢幻少女,0,卡纳维拉尔角的梦幻少女,,2,0,0,0,3,0,0.03,0.04,0,0,0,0,0,0,0,0,0,420,395
452,400,タイトルドメイド,0,Titled Maid,,2,0,1,0,3,0,0.03,0.04,0,0,0,0.01,0,0,0,0,0,381,395
453,400,稀翁玉　～ Fairy Dance,0,稀翁玉　～ Fairy Dance,,2,0,1,0,3,0,0.03,0.04,0,0,0,0.01,0,0,0,0,0,381,395
470,400,宵闇の魔術師,0,黄昏的魔术师,,2,0,6,1,3,0,0.03,0.04,0,0,0,0.09,0,0,0,0.02,0,296,365
479,400,使われなかった場所,0,没用上的场所,,2,0,0,0,3,0,0.03,0.04,0,0,0,0,0,0,0,0,0,420,395
47,417,魔法鐘愛,0,魔法钟爱,,1,0,0,2,2,0,0.01,0.02,0,0,0,0,0,1,50,0.03,0.02,420,336
52,417,霊人の休日,0,灵人的休息日,,1,0,1,0,2,0,0.01,0.02,0,0,0,0.01,0,0,0,0,0,381,395
62,417,Break the Sabbath,0,Break the Sabbath,,1,0,0,0,2,0,0.01,0.02,0,0,0,0,0,0,0,0,0,420,395
76,417,Days,0,Days,,1,0,0,1,2,0,0.01,0.02,0,0,0,0,0,0,0,0.02,0,420,365
78,417,Arcadian Dream,0,Arcadian Dream,,1,0,2,1,2,0,0.01,0.02,0,0,0,0.03,0,0,0,0.02,0,353,365
79,417,幻想の住人,0,幻想的居民,,1,0,4,3,2,0,0.01,0.02,0,1,25,0.06,0.02,0,0,0.05,0,318,322
80,417,Lotus Road,0,Lotus Road,,1,0,0,1,2,0,0.01,0.02,0,0,0,0,0,0,0,0.02,0,420,365
85,417,Crescent Dream,0,Crescent Dream,,1,0,1,2,2,0,0.01,0.02,0,0,0,0.01,0,0,0,0.03,0,381,336
106,417,Mystic Dream,0,Mystic Dream,,1,0,2,6,2,0,0.01,0.02,0,0,0,0.03,0,0,0,0.1,0,353,273
107,417,Peaceful Romancer,0,Peaceful Romancer,,1,0,1,0,2,0,0.01,0.02,0,0,0,0.01,0,0,0,0,0,381,395
152,417,魔所,0,魔所,,1,0,0,0,2,0,0.01,0.02,0,0,0,0,0,0,0,0,0,420,395
153,417,月輪,0,月轮,,1,0,2,1,2,0,0.01,0.02,0,0,0,0.03,0,0,0,0.02,0,353,365
157,417,あゆのかぜ,0,东风,,1,0,2,0,2,0,0.01,0.02,0,0,0,0.03,0,0,0,0,0,353,395
158,417,森閑,0,森闲,,1,0,4,3,2,0,0.01,0.02,0,0,0,0.06,0,0,0,0.05,0,318,322
160,417,幽境,0,幽境,,1,0,1,1,2,0,0.01,0.02,0,0,0,0.01,0,0,0,0.02,0,381,365
162,417,紅夜,0,红夜,,1,0,1,2,2,0,0.01,0.02,0,0,0,0.01,0,0,0,0.03,0,381,336
225,417,風光明媚,0,风光明媚,,1,0,3,0,2,0,0.01,0.02,0,0,0,0.04,0,0,0,0,0,334,395
228,417,以魚駆蠅,0,以鱼驱蝇,,1,0,1,1,2,0,0.01,0.02,0,0,0,0.01,0,0,0,0.02,0,381,365
259,417,閉ざせし雲の通い路,0,封闭的云中通路,,1,0,2,0,2,0,0.01,0.02,0,1,50,0.03,0.02,0,0,0,0,353,395
271,417,妖怪寺,0,妖怪寺,,1,0,3,0,2,0,0.01,0.02,0,0,0,0.04,0,0,0,0,0,334,395
285,417,曲名不详,0,曲名不详,,1,0,-,-,2,0,0.01,0.02,0,-,-,-,-,-,-,-,-,-,-
312,417,人気のある場所,0,有人气的场所,,1,0,8,6,2,0,0.01,0.02,0,0,0,0.12,0,0,0,0.1,0,273,273
341,417,幻想郷ふしぎ発見,0,幻想乡不可思议发现,,1,0,-,-,2,0,0.01,0.02,0,-,-,-,-,-,-,-,-,-,-
353,417,公正なる奪い合い,0,公正的争夺,,1,0,-,-,2,0,0.01,0.02,0,-,-,-,-,-,-,-,-,-,-
420,417,サニールチルフレクション,0,Sunny Rutile Flection,,1,0,3,1,2,0,0.01,0.02,0,1,33.33,0.04,0.02,0,0,0.02,0,334,365
433,417,秋霜玉　～ Clockworks,0,秋霜玉　～ Clockworks,,1,0,3,2,2,0,0.01,0.02,0,0,0,0.04,0,0,0,0.03,0,334,336
439,417,天空アーミー,0,天空军团,,1,0,1,0,2,0,0.01,0.02,0,0,0,0.01,0,0,0,0,0,381,395
440,417,スプートニク幻夜,0,斯普特尼克幻夜,（tGoM）,1,0,1,2,2,0,0.01,0.02,0,0,0,0.01,0,0,0,0.03,0,381,336
451,417,ハーセルヴズ,0,Herselves,,1,0,1,1,2,0,0.01,0.02,0,0,0,0.01,0,0,0,0.02,0,381,365
456,417,オルフェの詩　～ Pseudoclassic,0,俄耳甫斯的诗　～ Pseudoclassic,,1,0,2,0,2,0,0.01,0.02,0,0,0,0.03,0,0,0,0,0,353,395
457,417,新幻想　～ New Fantasy,0,新幻想　～ New Fantasy,,1,0,1,0,2,0,0.01,0.02,0,0,0,0.01,0,0,0,0,0,381,395
458,417,オルレアンの聖騎士,0,奥尔良的圣骑士,,1,0,2,0,2,0,0.01,0.02,0,0,0,0.03,0,0,0,0,0,353,395
32,449,陽落ちて,0,夕阳下落,,0,0,1,1,0,0,0,0,0,0,0,0.01,0,0,0,0.02,0,381,365
35,449,Selection,0,Selection,,0,0,4,0,0,0,0,0,0,1,25,0.06,0.02,0,0,0,0,318,395
53,449,勝利デモ,0,胜利的示范,,0,0,1,0,0,0,0,0,0,0,0,0.01,0,0,0,0,0,381,395
54,449,ゲームオーバー,0,Game Over,,0,0,0,0,0,0,0,0,0,0,0,0,0,0,0,0,0,420,395
60,449,Selene's light,0,Selene's light,,0,0,1,0,0,0,0,0,0,0,0,0.01,0,0,0,0,0,381,395
77,449,Peaceful,0,Peaceful,,0,0,1,0,0,0,0,0,0,0,0,0.01,0,0,0,0,0,381,395
90,449,霊天 ～ Spiritual Heaven,0,灵天 ～ Spiritual Heaven,,0,0,1,3,0,0,0,0,0,0,0,0.01,0,0,0,0.05,0,381,322
104,449,Endless,0,Endless,,0,0,3,1,0,0,0,0,0,0,0,0.04,0,0,0,0.02,0,334,365
108,449,魂の休らむ所,0,灵魂安息之所,,0,0,2,1,0,0,0,0,0,0,0,0.03,0,0,0,0.02,0,353,365
155,449,裏心,0,内心,,0,0,0,0,0,0,0,0,0,0,0,0,0,0,0,0,0,420,395
156,449,Intermezzo,0,间奏曲,,0,0,0,0,0,0,0,0,0,0,0,0,0,0,0,0,0,420,395
229,449,放縦不羈,0,放纵不羁,,0,0,0,0,0,0,0,0,0,0,0,0,0,0,0,0,0,420,395
279,449,空に浮かぶ物体Ｘ,0,空中飘浮的物体Ｘ,,0,0,2,1,0,0,0,0,0,0,0,0.03,0,0,0,0.02,0,353,365
315,449,本日の一面記事,0,本日的头版头条,,0,0,0,1,0,0,0,0,0,0,0,0,0,0,0,0.02,0,420,365
342,449,ボールのある日常,0,有珠子的日常,,0,0,-,-,0,0,0,0,0,-,-,-,-,-,-,-,-,-,-
344,449,時代の風の訪れ,0,时代风潮的造访,,0,0,-,-,0,0,0,0,0,-,-,-,-,-,-,-,-,-,-
345,449,価値がわからない,0,价值不明,,0,0,-,-,0,0,0,0,0,-,-,-,-,-,-,-,-,-,-
346,449,可能性を信じて,0,相信可能性,,0,0,-,-,0,0,0,0,0,-,-,-,-,-,-,-,-,-,-
425,449,スターヴォヤージュ2008,0,Star Voyage2008,,0,0,2,1,0,0,0,0,0,1,50,0.03,0.02,0,0,0.02,0,353,365
429,449,神域のかくれんぼ暮らし,0,神域的捉迷藏生活,,0,0,1,0,0,0,0,0,0,0,0,0.01,0,0,0,0,0,381,395
435,449,プリムローズシヴァ,0,Primrose Shiver,,0,0,0,0,0,0,0,0,0,0,0,0,0,0,0,0,0,420,395
437,449,ディザストラスジェミニ,0,Disastrous Gemini,,0,0,1,0,0,0,0,0,0,0,0,0.01,0,0,0,0,0,381,395
438,449,華の幻想　紅夢の宙,0,华之幻想 红梦之宙,,0,0,0,1,0,0,0,0,0,0,0,0,0,0,0,0.02,0,420,365
444,449,アンティークテラー,0,Antique Terror,,0,0,0,0,0,0,0,0,0,0,0,0,0,0,0,0,0,420,395
445,449,夢機械　～ Innocent Power,0,梦机械　～ Innocent Power,,0,0,0,0,0,0,0,0,0,0,0,0,0,0,0,0,0,420,395
455,449,Castle Explorer -in the Sky-,0,Castle Explorer -in the Sky-,,0,0,0,0,0,0,0,0,0,0,0,0,0,0,0,0,0,420,395
461,449,乙女戰士 ～ Heart of Valkyrie,0,少女战士　～ Heart of Valkyrie,,0,0,0,1,0,0,0,0,0,0,0,0,0,0,0,0.02,0,420,365
464,449,Magical and Hopeless,0,Magical and Hopeless,,0,0,1,0,0,0,0,0,0,1,100,0.01,0.02,0,0,0,0,381,395
465,449,Sacred Battle,0,Sacred Battle,,0,0,1,0,0,0,0,0,0,0,0,0.01,0,0,0,0,0,381,395
471,449,Magic of Life,0,Magic of Life,,0,0,2,0,0,0,0,0,0,1,50,0.03,0.02,0,0,0,0,353,395
472,449,Plastic Space,0,Plastic Space,,0,0,1,1,0,0,0,0,0,0,0,0.01,0,0,0,0.02,0,381,365
473,449,Inventive City,0,Inventive City,,0,0,1,0,0,0,0,0,0,0,0,0.01,0,0,0,0,0,381,395
