id,index,name,first,cname,imp,total,11,35,male,female,mratio,mtratio,fratio,ftratio,love1,love2,love3,love4
138,1,幽雅に咲かせ、墨染の桜　～ Border of Life,348,幽雅地绽放吧，墨染的樱花　～ Border of Life,（萃梦想、绯想天）,1600,1245,333|123|1144|0,1245,355,77.81,27.02,22.189999999999998,24.77,20.810000000000002,7.6899999999999995,71.5,0
208,2,神々が恋した幻想郷,185,众神眷恋的幻想乡,,1289,1047,247|106|936|0,1047,242,81.23,22.73,18.77,16.89,19.16,8.219999999999999,72.61,0
121,3,亡き王女の為のセプテット,213,献给已逝公主的七重奏,（萃梦想、绯想天）,1266,993,200|118|948|0,993,273,78.44,21.55,21.560000000000002,19.05,15.8,9.32,74.88,0
330,4,輝く針の小人族　～ Little Princess,221,辉光之针的小人族　～ Little Princess,（深秘录）,1159,896,317|76|766|0,896,263,77.31,19.45,22.689999999999998,18.35,27.35,6.5600000000000005,66.09,0
178,5,竹取飛翔　～ Lunatic Princess,143,竹取飞翔　～ Lunatic Princess,（卯酉东海道）,1064,810,198|89|776|1,810,254,76.13,17.580000000000002,23.87,17.73,18.61,8.36,72.92999999999999,0.09
165,6,砕月,147,碎月,（绯想天）,1052,838,158|95|799|0,838,214,79.66,18.19,20.34,14.93,15.02,9.030000000000001,75.94999999999999,0
268,7,感情の摩天楼　～ Cosmic Mind,128,感情的摩天楼　～ Cosmic Mind,（鸟船遗迹、心绮楼、深秘录）,982,767,237|80|665|0,767,215,78.11,16.650000000000002,21.89,15,24.13,8.15,67.72,0
123,8,U.N.オーエンは彼女なのか？,163,U.N.OWEN就是她吗？,（蓬莱人形）,954,750,149|72|733|0,750,204,78.62,16.28,21.38,14.24,15.620000000000001,7.55,76.83,0
114,9,上海紅茶館　～ Chinese Tea,95,上海红茶馆　～ Chinese Tea,（非想天则、梦违科学世纪）,900,701,146|87|667|0,701,199,77.89,15.22,22.11,13.889999999999999,16.220000000000002,9.67,74.11,0
247,10,少女さとり ～ 3rd eye,114,少女觉 ～ 3rd eye,,839,646,182|71|586|0,646,193,77,14.02,23,13.469999999999999,21.69,8.459999999999999,69.85,0
181,11,月まで届け、不死の煙,103,飘上月球，不死之烟,（卯酉东海道、深秘录）,824,619,184|61|579|0,619,205,75.12,13.44,24.88,14.31,22.33,7.3999999999999995,70.27,0
67,12,少女綺想曲 ～ Capriccio,99,少女绮想曲 ～ Capriccio,（永夜抄、萃梦想）,821,642,136|76|608|1,642,179,78.2,13.94,21.8,12.49,16.57,9.26,74.06,0.12
253,13,ハルトマンの妖怪少女,110,哈德曼的妖怪少女,（鸟船遗迹、心绮楼、深秘录）,806,606,185|38|583|0,606,200,75.19,13.15,24.81,13.96,22.95,4.71,72.33000000000001,0
64,14,Bad Apple!!,62,Bad Apple!!,,647,516,93|42|512|0,516,131,79.75,11.200000000000001,20.25,9.139999999999999,14.37,6.49,79.13,0
177,15,千年幻想郷　～ History of the Moon,61,千年幻想乡　～ History of the Moon,（卯酉东海道）,634,484,111|58|465|0,484,150,76.34,10.51,23.66,10.47,17.51,9.15,73.34,0
24,16,恋色マジック,77,恋色Magic（恋色Master spark）,（永夜抄、萃梦想、非想天则、深秘录）,598,441,97|54|447|0,441,157,73.75,9.569999999999999,26.25,10.96,16.220000000000002,9.030000000000001,74.75,0
134,17,幽霊楽団　～ Phantom Ensemble,57,幽灵乐团 ～ Phantom Ensemble,（花映塚）,577,473,133|36|408|0,473,104,81.98,10.27,18.02,7.26,23.05,6.239999999999999,70.71,0
213,18,信仰は儚き人間の為に,54,信仰是为了虚幻之人,（非想天则）,563,453,131|49|383|0,453,110,80.46,9.83,19.54,7.68,23.27,8.7,68.03,0
193,19,六十年目の東方裁判　～ Fate of Sixty Years,42,第六十年的东方裁判　～ Fate of Sixty Years,（紫香花、伊奘诺物质）,528,396,118|47|363|0,396,132,75,8.6,25,9.21,22.35,8.9,68.75,0
41,20,夢消失 ～ Lost Dream,30,梦消失 ～ Lost Dream,,508,380,94|34|380|0,380,128,74.8,8.25,25.2,8.93,18.5,6.69,74.8,0
101,21,不思議の国のアリス,51,不可思议之国的爱丽丝,,446,314,87|44|315|0,314,132,70.39999999999999,6.819999999999999,29.599999999999998,9.21,19.509999999999998,9.87,70.63000000000001,0
141,22,少女幻葬～ Necro-Fantasy,33,少女幻葬 ～ Necro-Fantasy,（莲台野夜行）,438,352,77|42|319|0,352,86,80.36999999999999,7.64,19.63,6,17.580000000000002,9.59,72.83,0
248,23,廃獄ララバイ,39,废狱摇篮曲,,437,322,114|33|290|0,322,115,73.68,6.99,26.32,8.03,26.090000000000003,7.55,66.36,0
303,24,聖徳伝説 ～ True Administrator,41,圣德传说 ～ True Administrator,（心绮楼、深秘录）,431,264,110|21|300|0,264,167,61.25000000000001,5.7299999999999995,38.75,11.65,25.52,4.87,69.61,0
385,25,童祭 ～ Innocent Treasures,39,童祭 ～ Innocent Treasures,,425,313,81|38|306|0,313,112,73.65,6.79,26.35,7.82,19.06,8.94,72,0
215,26,神さびた古戦場　～ Suwa Foughten Field,30,神圣庄严的古战场 ～ Suwa Foughten Field,,398,292,99|23|276|0,292,106,73.37,6.34,26.63,7.3999999999999995,24.87,5.779999999999999,69.35,0
211,27,妖怪の山　～ Mysterious Mountain,43,妖怪之山 ～ Mysterious Mountain,（DS、天邪鬼）,395,311,94|20|281|0,311,84,78.73,6.75,21.27,5.86,23.799999999999997,5.06,71.14,0
125,28,紅楼　～ Eastern Dream...,21,红楼 ～ Eastern Dream…,,393,314,65|34|294|0,314,79,79.9,6.819999999999999,20.1,5.510000000000001,16.54,8.649999999999999,74.81,0
129,29,遠野幻想物語,26,远野幻想物语,,392,296,89|27|276|0,296,96,75.51,6.43,24.490000000000002,6.7,22.7,6.890000000000001,70.41,0
119,30,月時計　～ ルナ・ダイアル,29,月时计　～ Luna Dial,（萃梦想）,381,284,54|34|293|0,284,97,74.53999999999999,6.16,25.46,6.77,14.17,8.92,76.9,0
143,31,ネクロファンタジア,62,Necro-Fantasia,（大空魔术）,371,299,82|26|262|1,299,72,80.58999999999999,6.49,19.41,5.0200000000000005,22.1,7.01,70.62,0.27
298,31,デザイアドライブ,41,Desire Drive,（鸟船遗迹）,371,266,92|20|259|0,266,105,71.7,5.7700000000000005,28.299999999999997,7.33,24.8,5.390000000000001,69.81,0
370,31,ピュアヒューリーズ　～ 心の在処,31,Pure Furies　～ 心之所在,,371,286,135|13|223|0,286,85,77.09,6.21,22.91,5.93,36.39,3.5000000000000004,60.11,0
284,34,無間の鐘　～ Infinite Nightmare,34,无间之钟 ～ Infinite Nightmare,（未知之花）,368,254,105|22|241|0,254,114,69.02000000000001,5.510000000000001,30.98,7.960000000000001,28.53,5.9799999999999995,65.49000000000001,0
216,35,明日ハレの日、ケの昨日,39,明日之盛，昨日之俗,（非想天则、未知之花）,363,244,89|29|245|0,244,119,67.22,5.3,32.78,8.3,24.52,7.99,67.49000000000001,0
238,36,東方緋想天,54,东方绯想天,,362,315,64|28|270|0,315,47,87.02,6.84,12.98,3.2800000000000002,17.68,7.7299999999999995,74.59,0
326,37,幻想浄瑠璃,21,幻想净琉璃,（天邪鬼）,355,241,103|12|240|0,241,114,67.89,5.2299999999999995,32.11,7.960000000000001,29.01,3.38,67.61,0
369,38,故郷の星が映る海,20,故乡之星倒映之海,,348,237,118|10|220|0,237,111,68.10000000000001,5.140000000000001,31.900000000000002,7.75,33.910000000000004,2.87,63.22,0
252,39,ラストリモート,41,Last Remote,,346,276,98|28|220|0,276,70,79.77,5.99,20.23,4.88,28.32,8.09,63.580000000000005,0
115,40,明治十七年の上海アリス,24,明治十七年的上海爱丽丝,（蓬莱人形）,342,249,49|37|256|0,249,93,72.81,5.4,27.189999999999998,6.49,14.330000000000002,10.82,74.85000000000001,0
133,41,天空の花の都,27,天空的花都,,340,248,83|33|224|0,248,92,72.94,5.38,27.060000000000002,6.419999999999999,24.41,9.71,65.88000000000001,0
212,42,少女が見た日本の原風景,22,少女曾见的日本原风景,,328,228,79|19|230|0,228,100,69.51,4.95,30.490000000000002,6.98,24.09,5.79,70.12,0
364,42,永遠の春夢,17,永远的春梦,,328,242,108|12|208|0,242,86,73.78,5.25,26.22,6,32.93,3.66,63.41,0
113,44,おてんば恋娘,38,活泼的纯情小姑娘,（花映塚、非想天则、文花帖书籍）,318,279,52|22|244|0,279,39,87.74,6.0600000000000005,12.26,2.7199999999999998,16.35,6.92,76.73,0
368,44,星条旗のピエロ,10,星条旗的小丑,,318,246,99|12|207|0,246,72,77.36,5.34,22.64,5.0200000000000005,31.130000000000003,3.7699999999999996,65.09,0
244,46,旧地獄街道を行く,14,漫游旧地狱街道,,312,231,73|20|219|0,231,81,74.03999999999999,5.01,25.96,5.65,23.400000000000002,6.41,70.19,0
210,47,フォールオブフォール　～ 秋めく滝,37,Fall of Fall ～ 秋意渐浓之瀑,,307,245,80|17|210|0,245,62,79.80000000000001,5.319999999999999,20.200000000000003,4.33,26.06,5.54,68.4,0
151,47,東方萃夢想,25,东方萃梦想,,307,255,49|30|228|0,255,52,83.06,5.54,16.939999999999998,3.63,15.959999999999999,9.77,74.27,0
192,49,彼岸帰航　～ Riverside View,12,彼岸归航　～ Riverside View,（绯想天、卯酉东海道）,300,215,60|28|212|0,215,85,71.67,4.67,28.33,5.93,20,9.33,70.67,0
339,50,永遠の三日天下,13,永远的三日天下,,293,217,83|17|193|0,217,76,74.06,4.71,25.94,5.3,28.33,5.800000000000001,65.86999999999999,0
221,51,緋想天,35,绯想天,,269,218,47|22|200|0,218,51,81.04,4.73,18.96,3.56,17.47,8.18,74.35000000000001,0
375,52,蓬莱伝説,50,蓬莱传说,,268,209,53|16|199|0,209,59,77.99000000000001,4.54,22.009999999999998,4.12,19.78,5.970000000000001,74.25,0
379,53,少女秘封倶楽部,37,少女秘封俱乐部,,265,188,40|27|198|0,188,77,70.94,4.08,29.060000000000002,5.37,15.09,10.190000000000001,74.72,0
146,54,萃夢想,25,萃梦想,（非想天则）,263,213,39|27|197|0,213,50,80.99,4.62,19.009999999999998,3.49,14.829999999999998,10.27,74.9,0
243,55,緑眼のジェラシー,25,绿眼的嫉妒,,262,182,57|21|184|0,182,80,69.47,3.95,30.53,5.58,21.759999999999998,8.02,70.23,0
2,56,永遠の巫女,12,永远之巫女,（蓬莱人形）,260,181,57|26|176|1,181,79,69.62,3.93,30.380000000000003,5.510000000000001,21.92,10,67.69,0.38
209,57,芥川龍之介の河童　～ Candid Friend,24,芥川龙之介的河童 ～ Candid Friend,（心绮楼、深秘录）,257,178,58|19|180|0,178,79,69.26,3.8600000000000003,30.740000000000002,5.510000000000001,22.57,7.39,70.04,0
332,58,始原のビート　～ Pristine Beat,19,原初的节拍　～ Pristine Beat,,254,175,70|9|175|0,175,79,68.89999999999999,3.8,31.1,5.510000000000001,27.560000000000002,3.54,68.89999999999999,0
171,59,懐かしき東方の血　～ Old World,23,令人怀念的东方之血　～ Old World,,252,179,41|15|196|0,179,73,71.03,3.8899999999999997,28.970000000000002,5.09,16.27,5.949999999999999,77.78,0
267,60,法界の火,16,法界之火,,246,145,65|16|165|0,145,101,58.940000000000005,3.15,41.06,7.049999999999999,26.419999999999998,6.5,67.07,0
235,61,有頂天変 ～ Wonderful Heaven,21,有顶天变 ～ Wonderful Heaven,,245,208,45|21|179|0,208,37,84.89999999999999,4.51,15.1,2.58,18.37,8.57,73.06,0
117,62,ラクトガール　～ 少女密室,24,Locked Girl　～ 少女密室,（萃梦想、绯想天、卯酉东海道）,240,177,39|20|181|0,177,63,73.75,3.84,26.25,4.3999999999999995,16.25,8.33,75.42,0
188,63,フラワリングナイト,38,Flowering Night,（绯想天）,229,175,44|24|161|0,175,54,76.42,3.8,23.580000000000002,3.7699999999999996,19.21,10.48,70.30999999999999,0
292,64,死霊の夜桜,23,死灵的夜樱,,227,161,47|18|162|0,161,66,70.93,3.49,29.07,4.61,20.7,7.93,71.37,0
417,65,風神少女,29,风神少女,（花映塚、文花帖、绯想天）,226,182,51|15|160|0,182,44,80.53,3.95,19.470000000000002,3.0700000000000003,22.57,6.64,70.8,0
122,65,魔法少女達の百年祭,13,魔法少女们的百年祭,,226,156,42|16|168|0,156,70,69.03,3.39,30.97,4.88,18.58,7.08,74.33999999999999,0
135,67,東方妖々夢　～ Ancient Temple,16,东方妖妖梦 ～ Ancient Temple,（萃梦想、花映塚、莲台野夜行）,216,149,56|11|149|0,149,67,68.97999999999999,3.2300000000000004,31.019999999999996,4.68,25.929999999999996,5.09,68.97999999999999,0
175,68,狂気の瞳　～ Invisible Full Moon,20,狂气之瞳　～ Invisible Full Moon,（花映塚、绯想天）,210,158,32|21|157|0,158,52,75.24,3.4299999999999997,24.759999999999998,3.63,15.24,10,74.76,0
217,69,ネイティブフェイス,21,Native Faith,,203,162,57|13|133|0,162,41,79.80000000000001,3.52,20.200000000000003,2.86,28.08,6.4,65.52,0
205,70,稲田姫様に叱られるから,10,会被稻田公主骂的啦,,202,150,37|19|146|0,150,52,74.26,3.26,25.740000000000002,3.63,18.32,9.41,72.28,0
186,71,春色小径　～ Colorful Path,15,春色小径　～ Colorful Path,（心绮楼）,200,140,35|21|144|0,140,60,70,3.04,30,4.19,17.5,10.5,72,0
251,72,霊知の太陽信仰　～ Nuclear Fusion,19,灵知的太阳信仰 ～ Nuclear Fusion,（非想天则）,194,161,37|12|145|0,161,33,82.99,3.49,17.01,2.3,19.07,6.1899999999999995,74.74,0
450,73,二色蓮花蝶　～ Ancients,17,二色莲花蝶　～ Ancients,（蓬莱人形、非想天则、深秘录）,192,131,39|16|137|0,131,61,68.23,2.8400000000000003,31.77,4.26,20.31,8.33,71.35000000000001,0
145,74,さくらさくら　～ Japanize Dream...,6,樱花樱花 ～ Japanize Dream...,,191,134,33|13|145|0,134,57,70.16,2.91,29.84,3.9800000000000004,17.28,6.81,75.92,0
270,75,平安のエイリアン,16,平安时代的外星人,,183,117,53|7|123|0,117,66,63.93,2.54,36.07,4.61,28.96,3.83,67.21000000000001,0
132,76,人形裁判　～ 人の形弄びし少女,12,玩偶裁判 ～ 玩弄人形的少女,（萃梦想、梦违科学世纪）,181,135,24|19|138|0,135,46,74.59,2.93,25.41,3.2099999999999995,13.26,10.5,76.24,0
367,77,遥か３８万キロのボヤージュ,8,遥遥38万公里的航程,,175,138,84|3|88|0,138,37,78.86,3,21.14,2.58,48,1.71,50.29,0
37,78,Reincarnation,13,Reincarnation,（蓬莱人形）,172,127,39|17|116|0,127,45,73.83999999999999,2.76,26.16,3.1399999999999997,22.67,9.879999999999999,67.44,0
68,79,星の器 ～ Casket of Star,12,星之器 ～ Casket of Star,（绯想天）,169,107,29|17|123|0,107,62,63.31,2.32,36.69,4.33,17.16,10.059999999999999,72.78,0
207,80,運命のダークサイド,13,命运的阴暗面,,168,132,23|17|128|0,132,36,78.57,2.87,21.43,2.5100000000000002,13.69,10.12,76.19,0
392,81,最も澄みわたる空と海,16,最澄澈的空与海,,164,116,40|14|110|0,116,48,70.73,2.52,29.270000000000003,3.35,24.39,8.540000000000001,67.07,0
139,81,ボーダーオブライフ,15,Border of Life,,164,137,49|8|107|0,137,27,83.54,2.97,16.46,1.8800000000000001,29.880000000000003,4.88,65.24,0
277,83,悠久の蒸気機関,17,悠久的蒸汽机关,,162,132,30|14|118|0,132,30,81.47999999999999,2.87,18.52,2.09,18.52,8.64,72.84,0
305,83,佐渡の二ッ岩,10,佐渡的二岩,（心绮楼）,162,114,33|9|120|0,114,48,70.37,2.4699999999999998,29.630000000000003,3.35,20.369999999999997,5.56,74.07000000000001,0
365,85,凍り付いた永遠の都,7,冻结的永远之都,,161,117,62|4|95|0,117,44,72.67,2.54,27.33,3.0700000000000003,38.51,2.48,59.01,0
394,86,天空のグリニッジ,13,天空的格林尼治,,159,102,32|12|115|0,102,57,64.14999999999999,2.21,35.85,3.9800000000000004,20.13,7.55,72.33000000000001,0
309,87,亡失のエモーション,9,亡失的情感,（深秘录）,158,116,42|5|111|0,116,42,73.42,2.52,26.58,2.93,26.58,3.16,70.25,0
318,88,不思議なお祓い棒,9,不可思议的驱魔棒,,156,114,50|9|97|0,114,42,73.08,2.4699999999999998,26.919999999999998,2.93,32.05,5.7700000000000005,62.18,0
389,89,ヒロシゲ36号　～ Neo Super-Express,15,广重36号 ～ Neo Super-Express,,155,114,21|14|120|0,114,41,73.55000000000001,2.4699999999999998,26.450000000000003,2.86,13.55,9.030000000000001,77.42,0
174,90,シンデレラケージ　～ Kagome-Kagome,6,灰姑娘的笼子　～ Kagome-Kagome,（幻乐祀典）,150,83,47|7|96|0,83,67,55.33,1.7999999999999998,44.67,4.68,31.330000000000002,4.67,64,0
136,91,広有射怪鳥事　～ Till When?,14,广有射怪鸟事 ～ Till When?,（萃梦想、绯想天）,149,117,27|12|110|0,117,32,78.52,2.54,21.48,2.23,18.12,8.05,73.83,0
357,91,ラストオカルティズム　～現し世の秘術師,10,Last Occultism ~现世的秘术师,,149,108,48|3|98|0,108,41,72.48,2.34,27.52,2.86,32.21,2.01,65.77,0
176,93,ヴォヤージュ1969,8,Voyage1969,（梦违科学世纪）,148,99,37|15|96|0,99,49,66.89,2.15,33.11,3.42,25,10.14,64.86,0
363,94,宇宙を飛ぶ不思議な巫女,6,飞翔于宇宙的不可思议巫女,,145,104,51|4|90|0,104,41,71.72,2.26,28.28,2.86,35.17,2.76,62.07,0
111,95,妖魔夜行,8,妖魔夜行,,141,107,15|11|115|0,107,34,75.89,2.32,24.11,2.37,10.639999999999999,7.8,81.56,0
245,96,華のさかづき大江山,4,大江山的花之酒宴,,140,107,28|13|99|0,107,33,76.42999999999999,2.32,23.57,2.3,20,9.29,70.71,0
127,97,無何有の郷 ～ Deep Mountain,8,无何有之乡,,137,99,38|9|90|0,99,38,72.26,2.15,27.74,2.65,27.74,6.569999999999999,65.69,0
260,98,万年置き傘にご注意を,7,请注意万年备用伞,,132,110,32|6|94|0,110,22,83.33,2.39,16.669999999999998,1.54,24.240000000000002,4.55,71.21,0
206,99,厄神様の通り道　～ Dark Road,18,厄神降临之路　～ Dark Road,,126,101,20|13|93|0,101,25,80.16,2.19,19.84,1.7399999999999998,15.870000000000001,10.32,73.81,0
311,99,心綺楼囃子,9,心绮楼囃子,,126,95,30|2|94|0,95,31,75.4,2.06,24.6,2.16,23.810000000000002,1.59,74.6,0
460,101,櫻花之戀塚　～ Flower of Japan,19,樱花之恋塚　～ Flower of Japan,（蓬莱人形）,118,75,20|12|86|0,75,43,63.56,1.63,36.44,3,16.950000000000003,10.17,72.88,0
328,102,リバースイデオロギー,12,Reverse Ideology,（天邪鬼）,117,84,32|5|80|0,84,33,71.78999999999999,1.82,28.21,2.3,27.35,4.2700000000000005,68.38,0
237,102,暮色蒼然,7,暮色苍然,,117,92,18|14|85|0,92,25,78.63,2,21.37,1.7399999999999998,15.379999999999999,11.97,72.65,0
118,104,メイドと血の懐中時計,11,女仆和血的怀表,（萃梦想）,115,80,18|7|90|0,80,35,69.57,1.7399999999999998,30.43,2.44,15.65,6.09,78.25999999999999,0
39,105,Tabula rasa ～ 空白少女,10,Tabula rasa ～ 空白少女,,114,70,22|7|85|0,70,44,61.4,1.52,38.6,3.0700000000000003,19.3,6.140000000000001,74.56,0
399,106,向こう側の月,13,月的另一侧,,113,75,24|11|78|0,75,38,66.36999999999999,1.63,33.629999999999995,2.65,21.240000000000002,9.73,69.03,0
180,107,エクステンドアッシュ　～ 蓬莱人,7,Extend Ash　～ 蓬莱人,,107,78,22|8|77|0,78,29,72.89999999999999,1.69,27.1,2.02,20.560000000000002,7.48,71.96000000000001,0
327,108,空中に沈む輝針城,3,沉向空中的辉针城,,106,68,45|1|60|0,68,38,64.14999999999999,1.48,35.85,2.65,42.449999999999996,0.9400000000000001,56.599999999999994,0
191,109,今昔幻想郷　～ Flower Land,10,今昔幻想乡　～ Flower Land,,105,71,15|9|81|0,71,34,67.62,1.54,32.379999999999995,2.37,14.29,8.57,77.14,0
131,109,ブクレシュティの人形師,9,布加勒斯特的人偶师,（萃梦想、绯想天）,105,73,23|12|70|0,73,32,69.52000000000001,1.58,30.48,2.23,21.9,11.43,66.67,0
249,111,死体旅行～Be of good cheer!,6,尸体旅行　～ Be of good cheer!,,104,82,21|9|74|0,82,22,78.85,1.78,21.15,1.54,20.19,8.649999999999999,71.15,0
201,112,東の国の眠らない夜,7,东之国的不眠夜,（大空魔术）,99,70,26|5|68|0,70,29,70.71,1.52,29.29,2.02,26.26,5.050000000000001,68.69,0
236,113,幼心地の有頂天,9,幼小的有顶天,,96,83,21|6|69|0,83,13,86.46000000000001,1.7999999999999998,13.54,0.91,21.88,6.25,71.88,0
130,114,ティアオイエツォン(withered leaf),7,凋叶棕（withered leaf）,,94,77,12|13|69|0,77,17,81.91000000000001,1.67,18.09,1.1900000000000002,12.770000000000001,13.83,73.4,0
167,115,幻視の夜　～ Ghostly Eyes,4,幻视之夜　～ Ghostly Eyes,（莲台野夜行）,92,73,20|6|66|0,73,19,79.35,1.58,20.65,1.3299999999999998,21.740000000000002,6.52,71.74000000000001,0
400,116,未知の花 魅知の旅,4,未知之花 魅知之旅,,88,64,21|7|60|0,64,24,72.72999999999999,1.39,27.27,1.67,23.86,7.95,68.17999999999999,0
66,117,アリスマエステラ,9,Alice Maestra,,87,57,26|8|53|0,57,30,65.52,1.24,34.48,2.09,29.89,9.2,60.919999999999995,0
72,117,幽夢 ～ Inanimate Dream,4,幽梦 ～ Inanimate Dream,,87,56,11|11|65|0,56,31,64.37,1.22,35.63,2.16,12.64,12.64,74.71,0
257,119,春の湊に,4,春之岸,,86,54,28|5|53|0,54,32,62.79,1.17,37.21,2.23,32.56,5.81,61.629999999999995,0
299,120,古きユアンシェン,7,古老的元神,（三月精）,84,48,27|5|52|0,48,36,57.14,1.04,42.86,2.5100000000000002,32.14,5.949999999999999,61.9,0
362,120,九月のパンプキン,3,九月的南瓜,,84,53,18|5|61|0,53,31,63.1,1.15,36.9,2.16,21.43,5.949999999999999,72.61999999999999,0
36,120,東方妖恋談,1,东方妖恋谈,（萃梦想、绯想天、非想天则）,84,65,14|11|59|0,65,19,77.38000000000001,1.41,22.62,1.3299999999999998,16.669999999999998,13.100000000000001,70.24000000000001,0
172,123,プレインエイジア,2,Plain Asia,,83,58,17|5|61|0,58,25,69.88,1.26,30.12,1.7399999999999998,20.48,6.02,73.49,0
449,124,魔女達の舞踏会　～ Magus,12,魔女们的舞会　～ Magus,（萃梦想）,82,46,15|7|60|0,46,36,56.10000000000001,1,43.9,2.5100000000000002,18.29,8.540000000000001,73.17,0
102,124,the Grimoire of Alice,7,the Grimoire of Alice,（非想天则）,82,58,14|9|59|0,58,24,70.73,1.26,29.270000000000003,1.67,17.07,10.979999999999999,71.95,0
137,126,アルティメットトゥルース,6,Ultimate Truth,,80,51,24|6|50|0,51,29,63.74999999999999,1.11,36.25,2.02,30,7.5,62.5,0
126,127,妖々夢 ～ Snow or Cherry Petal,4,妖妖梦 ～ Snow or Cherry Petal,,78,57,13|5|60|0,57,21,73.08,1.24,26.919999999999998,1.47,16.669999999999998,6.41,76.92,0
169,128,夜雀の歌声　～ Night Bird,4,夜雀的歌声　～ Night Bird,,76,57,17|9|50|0,57,19,75,1.24,25,1.3299999999999998,22.37,11.84,65.79,0
301,128,大神神話伝,3,大神神话传,（心绮楼、深秘录）,76,35,20|3|53|0,35,41,46.050000000000004,0.76,53.949999999999996,2.86,26.32,3.95,69.74000000000001,0
338,130,ロマンチック逃飛行,2,浪漫逃飞行,,73,56,21|2|50|0,56,17,76.71,1.22,23.29,1.1900000000000002,28.77,2.74,68.49,0
372,131,パンデモニックプラネット,4,Pandemonic Planet,,69,54,31|3|35|0,54,15,78.25999999999999,1.17,21.740000000000002,1.05,44.93,4.35,50.72,0
45,132,Strawberry Crisis!!,6,Strawberry Crisis!!,,66,46,14|7|45|0,46,20,69.69999999999999,1,30.3,1.4000000000000001,21.21,10.61,68.17999999999999,0
116,132,ヴワル魔法図書館,5,巴瓦鲁魔法图书馆,（萃梦想、非想天则）,66,49,7|6|53|0,49,17,74.24,1.06,25.759999999999998,1.1900000000000002,10.61,9.09,80.30000000000001,0
166,132,永夜抄　～ Eastern Night.,4,永夜抄　～ Eastern Night.,,66,48,9|4|53|0,48,18,72.72999999999999,1.04,27.27,1.26,13.639999999999999,6.0600000000000005,80.30000000000001,0
273,132,君はあの影を見たか,4,你见到了那个影子吗,,66,54,12|3|51|0,54,12,81.82000000000001,1.17,18.18,0.84,18.18,4.55,77.27000000000001,0
289,136,メイガスナイト,2,Magus Night,（三月精、心绮楼）,64,46,18|2|44|0,46,18,71.88,1,28.13,1.26,28.13,3.1300000000000003,68.75,0
170,137,もう歌しか聞こえない,6,只听见歌声,（花映塚）,63,46,15|5|43|0,46,17,73.02,1,26.979999999999997,1.1900000000000002,23.810000000000002,7.9399999999999995,68.25,0
196,138,花は幻想のままに,6,花如幻想一般,,61,35,11|4|46|0,35,26,57.379999999999995,0.76,42.620000000000005,1.81,18.029999999999998,6.5600000000000005,75.41,0
308,138,幻想郷の二ッ岩,3,幻想乡的二岩,（深秘录）,61,41,16|2|43|0,41,20,67.21000000000001,0.89,32.79,1.4000000000000001,26.229999999999997,3.2800000000000002,70.49,0
179,140,ヴォヤージュ1970,3,Voyage1970,,60,53,17|4|39|0,53,7,88.33,1.15,11.67,0.49,28.33,6.67,65,0
366,140,逆転するホイールオブフォーチュン,3,逆转的命运之轮,,60,40,21|1|38|0,40,20,66.67,0.8699999999999999,33.33,1.4000000000000001,35,1.67,63.33,0
11,140,いざ、倒れ逝くその時まで,2,来吧，直到倒地死去的那一刻,,60,47,17|5|38|0,47,13,78.33,1.02,21.67,0.91,28.33,8.33,63.33,0
323,143,満月の竹林,3,满月的竹林,,59,40,19|2|38|0,40,19,67.80000000000001,0.8699999999999999,32.2,1.3299999999999998,32.2,3.39,64.41,0
302,144,小さな欲望の星空,0,小小欲望的星空,,58,32,18|3|37|0,32,26,55.169999999999995,0.69,44.83,1.81,31.03,5.17,63.79,0
264,145,キャプテン·ムラサ,4,Captain Murasa,,57,37,14|3|40|0,37,20,64.91,0.8,35.089999999999996,1.4000000000000001,24.560000000000002,5.26,70.17999999999999,0
70,145,眠れる恐怖 ～ Sleeping Terror,2,能够睡眠的恐怖 ～ Sleeping Terror,,57,38,15|2|40|0,38,19,66.67,0.8200000000000001,33.33,1.3299999999999998,26.32,3.51,70.17999999999999,0
387,145,科学世紀の少年少女,2,科学世纪的少年少女,,57,41,9|1|47|0,41,16,71.93,0.89,28.07,1.1199999999999999,15.790000000000001,1.7500000000000002,82.46,0
168,148,蠢々秋月　～ Mooned Insect,1,蠢蠢的秋月　～ Mooned Insect,,55,35,11|4|40|0,35,20,63.63999999999999,0.76,36.36,1.4000000000000001,20,7.2700000000000005,72.72999999999999,0
189,149,お宇佐さまの素い幡,4,宇佐大人的白旗,（卯酉东海道）,53,38,13|4|36|0,38,15,71.7,0.8200000000000001,28.299999999999997,1.05,24.529999999999998,7.55,67.92,0
300,149,夢殿大祀廟,2,梦殿大祀庙,,53,24,20|2|31|0,24,29,45.28,0.52,54.72,2.02,37.74,3.7699999999999996,58.489999999999995,0
336,149,不可能弾幕には反則を,2,以犯规对不可能的弹幕,,53,39,16|1|36|0,39,14,73.58,0.8500000000000001,26.419999999999998,0.98,30.19,1.8900000000000001,67.92,0
296,152,素敵な墓場で暮しましょ,2,在美妙的墓地里住下吧,（伊奘诺物质）,52,30,16|2|34|0,30,22,57.69,0.65,42.309999999999995,1.54,30.769999999999996,3.85,65.38000000000001,0
356,152,華狭間のバトルフィールド,1,华狭间的战场,,52,41,15|2|35|0,41,11,78.85,0.89,21.15,0.77,28.849999999999998,3.85,67.31,0
184,154,東方妖怪小町,2,东方妖怪小镇,,50,37,13|2|35|0,37,13,74,0.8,26,0.91,26,4,70,0
395,155,車椅子の未来宇宙,6,轮椅上的未来宇宙,,49,38,10|4|35|0,38,11,77.55,0.8200000000000001,22.45,0.77,20.41,8.16,71.43,0
371,156,見た事も無い悪夢の世界,2,前所未见的噩梦世界,,48,31,18|3|27|0,31,17,64.58,0.67,35.42,1.1900000000000002,37.5,6.25,56.25,0
263,157,幽霊客船の時空を越えた旅,2,幽灵客船的时空穿越之旅,,47,26,17|1|29|0,26,21,55.32,0.5599999999999999,44.68,1.47,36.17,2.13,61.7,0
173,158,永夜の報い　～ Imperishable Night,3,永夜的报应　～ Imperishable Night,（梦违科学世纪）,46,36,8|7|31|0,36,10,78.25999999999999,0.7799999999999999,21.740000000000002,0.7000000000000001,17.39,15.22,67.39,0
142,159,妖々跋扈　～ Who done it!,3,妖妖跋扈 ～ Who done it!,,45,33,11|3|31|0,33,12,73.33,0.72,26.669999999999998,0.84,24.44,6.67,68.89,0
100,160,神話幻想 ～ Infinite Being,3,神话幻想 ～ Infinite Being,,44,30,9|3|32|0,30,14,68.17999999999999,0.65,31.819999999999997,0.98,20.45,6.819999999999999,72.72999999999999,0
50,160,永遠の満月,2,永远的满月,,44,28,7|7|30|0,28,16,63.63999999999999,0.61,36.36,1.1199999999999999,15.909999999999998,15.909999999999998,68.17999999999999,0
109,160,赤より紅い夢,2,比赤色更红的梦,,44,29,7|4|33|0,29,15,65.91,0.63,34.089999999999996,1.05,15.909999999999998,9.09,75,0
149,160,御伽の国の鬼が島 ～ Missing Power,0,御伽之国的鬼岛 ～ Missing Power,,44,30,12|3|29|0,30,14,68.17999999999999,0.65,31.819999999999997,0.98,27.27,6.819999999999999,65.91,0
266,164,虎柄の毘沙門天,1,虎纹的毘沙门天,,42,24,9|1|32|0,24,18,57.14,0.52,42.86,1.26,21.43,2.3800000000000003,76.19,0
202,165,レトロスペクティブ京都,3,回忆京都,（卯酉东海道）,41,27,14|3|24|0,27,14,65.85,0.59,34.150000000000006,0.98,34.150000000000006,7.32,58.540000000000006,0
269,165,夜空のユーフォーロマンス,2,夜空中的UFO恋曲,（鸟船遗迹）,41,28,20|0|21|0,28,13,68.28999999999999,0.61,31.71,0.91,48.78,0,51.22,0
382,165,月の妖鳥、化猫の幻,2,月的妖鸟、化猫的幻,,41,27,13|2|26|0,27,14,65.85,0.59,34.150000000000006,0.98,31.71,4.88,63.41,0
319,168,ミストレイク,2,Mist Lake,,40,31,12|3|25|0,31,9,77.5,0.67,22.5,0.63,30,7.5,62.5,0
246,169,ハートフェルトファンシー,8,Heartfelt Fancy,（伊奘诺物质）,39,28,16|2|21|0,28,11,71.78999999999999,0.61,28.21,0.77,41.03,5.13,53.849999999999994,0
147,169,Demystify Feast,2,揭开宴会的秘密,（大空魔术）,39,29,11|3|25|0,29,10,74.36,0.63,25.64,0.7000000000000001,28.21,7.6899999999999995,64.1,0
148,169,夜が降りてくる ～ Evening Star,2,夜幕降临 ～ Evening Star,（绯想天、梦违科学世纪）,39,25,12|3|24|0,25,14,64.1,0.54,35.9,0.98,30.769999999999996,7.6899999999999995,61.53999999999999,0
390,172,53ミニッツの青い海,6,53分钟的蓝色大海,,38,22,12|4|22|0,22,16,57.89,0.48,42.11,1.1199999999999999,31.580000000000002,10.530000000000001,57.89,0
183,172,Eternal Dream　～ 幽玄の槭樹,3,Eternal Dream　～ 幽玄的枫树,（梦违科学世纪）,38,25,13|3|22|0,25,13,65.79,0.54,34.21,0.91,34.21,7.89,57.89,0
204,174,人恋し神様　～ Romantic Fall,1,眷爱众生之神　～ Romantic Fall,,37,28,7|6|24|0,28,9,75.68,0.61,24.32,0.63,18.92,16.220000000000002,64.86,0
198,175,天狗の手帖　～ Mysterious Note,3,天狗的笔记 ～ Mysterious Note,,36,25,9|0|27|0,25,11,69.44,0.54,30.56,0.77,25,0,75,0
275,175,ぼくらの非想天則,3,我们的非想天则,,36,31,5|3|28|0,31,5,86.11,0.67,13.889999999999999,0.35000000000000003,13.889999999999999,8.33,77.78,0
381,177,魔術師メリー,3,魔术师梅莉,,35,20,9|2|24|0,20,15,57.14,0.43,42.86,1.05,25.71,5.71,68.57,0
234,177,天衣無縫,1,天衣无缝,,35,26,3|4|28|0,26,9,74.29,0.5599999999999999,25.71,0.63,8.57,11.43,80,0
265,177,魔界地方都市エソテリア,1,魔界地方都市秘境,,35,25,17|1|17|0,25,10,71.43,0.54,28.57,0.7000000000000001,48.57,2.86,48.57,0
310,177,塵界不変のペシミズム,0,尘世不变的悲观主义,,35,31,8|2|25|0,31,4,88.57000000000001,0.67,11.43,0.27999999999999997,22.86,5.71,71.43,0
396,181,衛星カフェテラス,2,卫星露天咖啡屋,,34,25,6|5|23|0,25,9,73.53,0.54,26.47,0.63,17.65,14.71,67.65,0
397,181,G Free,0,G Free,,34,27,8|3|23|0,27,7,79.41,0.59,20.59,0.49,23.53,8.82,67.65,0
140,183,妖々跋扈,2,妖妖跋扈,,33,22,6|4|23|0,22,11,66.67,0.48,33.33,0.77,18.18,12.120000000000001,69.69999999999999,0
410,183,日本中の不思議を集めて,2,收集日本各地的不可思议,,33,27,13|1|19|0,27,6,81.82000000000001,0.59,18.18,0.42,39.39,3.0300000000000002,57.58,0
46,183,非統一魔法世界論,1,非统一魔法世界论,,33,22,3|3|27|0,22,11,66.67,0.48,33.33,0.77,9.09,9.09,81.82000000000001,0
360,183,兎は舞い降りた,1,兔已着陆,,33,18,12|1|20|0,18,15,54.55,0.38999999999999996,45.45,1.05,36.36,3.0300000000000002,60.61,0
322,187,柳の下のデュラハン,5,柳树下的杜拉罕,,32,17,8|1|23|0,17,15,53.13,0.37,46.88,1.05,25,3.1300000000000003,71.88,0
383,187,過去の花　～ Fairy of Flower,2,过去的花 ～ Fairy of Flower,,32,25,3|5|24|0,25,7,78.13,0.54,21.88,0.49,9.379999999999999,15.629999999999999,75,0
214,187,御柱の墓場　～ Grave of Being,1,御柱的墓场 ～ Grave of Being,,32,22,12|2|18|0,22,10,68.75,0.48,31.25,0.7000000000000001,37.5,6.25,56.25,0
432,190,妖精大戦争　～ Fairy Wars,4,妖精大战争 ～Faily Wars,（妖精大战争）,31,25,6|5|20|0,25,6,80.65,0.54,19.35,0.42,19.35,16.13,64.52,0
250,190,業火マントル,3,业火地幔,,31,19,11|2|18|0,19,12,61.29,0.41000000000000003,38.71,0.84,35.480000000000004,6.45,58.06,0
398,190,大空魔術　～ Magical Astronomy,3,太空魔术 ～ Magical Astronomy,,31,23,4|0|27|0,23,8,74.19,0.5,25.81,0.5599999999999999,12.9,0,87.1,0
408,190,アガルタの風,3,阿加尔塔之风,,31,23,13|1|17|0,23,8,74.19,0.5,25.81,0.5599999999999999,41.94,3.2300000000000004,54.84,0
419,190,魔法使いの憂鬱,3,魔法使的忧郁,,31,21,7|2|22|0,21,10,67.74,0.45999999999999996,32.26,0.7000000000000001,22.58,6.45,70.97,0
91,190,Romantic Children,1,Romantic Children,,31,17,10|1|20|0,17,14,54.84,0.37,45.16,0.98,32.26,3.2300000000000004,64.52,0
112,196,ルーネイトエルフ,2,Lunate Elf,,30,22,3|1|26|0,22,8,73.33,0.48,26.669999999999998,0.5599999999999999,10,3.3300000000000005,86.67,0
5,196,東方怪奇談,1,东方怪奇谈,（蓬莱人形）,30,20,7|3|19|1,20,10,66.67,0.43,33.33,0.7000000000000001,23.330000000000002,10,63.33,3.3300000000000005
443,198,魔法少女十字軍,2,魔法少女十字军,（莲台野夜行）,29,20,2|1|26|0,20,9,68.97,0.43,31.03,0.63,6.9,3.45,89.66,0
26,198,Complete Darkness,1,Complete Darkness,,29,17,10|2|17|0,17,12,58.620000000000005,0.37,41.38,0.84,34.48,6.9,58.620000000000005,0
58,200,幻想郷 ～ Lotus Land Story,1,幻想乡 ～ Lotus Land Story,,28,23,3|0|25|0,23,5,82.14,0.5,17.86,0.35000000000000003,10.71,0,89.29,0
359,200,忘れがたき、よすがの緑,1,忘不了，那曾依藉的绿意,,28,22,12|0|16|0,22,6,78.57,0.48,21.43,0.42,42.86,0,57.14,0
331,200,魔力の雷雲,0,魔力的雷云,,28,19,9|1|18|0,19,9,67.86,0.41000000000000003,32.14,0.63,32.14,3.5700000000000003,64.29,0
386,200,華胥の夢,0,华胥之梦,,28,26,7|4|17|0,26,2,92.86,0.5599999999999999,7.140000000000001,0.13999999999999999,25,14.29,60.709999999999994,0
233,204,黒い海に紅く ～ Legendary Fish,3,黑海之红 ～ Legendary Fish,,27,21,9|2|16|0,21,6,77.78,0.45999999999999996,22.220000000000002,0.42,33.33,7.41,59.260000000000005,0
316,204,暁雲,2,晓云,,27,20,5|0|22|0,20,7,74.07000000000001,0.43,25.929999999999996,0.49,18.52,0,81.47999999999999,0
388,204,夢と現の境界,2,梦境与现实的境界,,27,15,9|0|18|0,15,12,55.559999999999995,0.33,44.440000000000005,0.84,33.33,0,66.67,0
409,204,イザナギオブジェクト,1,伊奘诺物质,,27,17,5|4|18|0,17,10,62.96000000000001,0.37,37.04,0.7000000000000001,18.52,14.81,66.67,0
120,208,ツェペシュの幼き末裔,1,特佩斯的年幼末裔,,26,18,7|1|18|0,18,8,69.23,0.38999999999999996,30.769999999999996,0.5599999999999999,26.919999999999998,3.85,69.23,0
405,208,宇宙に浮かぶ幻想郷,1,漂浮于宇宙之中的幻想乡,,26,19,8|1|17|0,19,7,73.08,0.41000000000000003,26.919999999999998,0.49,30.769999999999996,3.85,65.38000000000001,0
258,208,小さな小さな賢将,0,小小的贤将,,26,13,2|0|24|0,13,13,50,0.27999999999999997,50,0.91,7.6899999999999995,0,92.31,0
287,208,いたずらに命をかけて,0,赌上性命恶作剧,（三月精）,26,22,4|3|19|0,22,4,84.61999999999999,0.48,15.379999999999999,0.27999999999999997,15.379999999999999,11.540000000000001,73.08,0
240,212,暗闇の風穴,1,昏暗的风穴,,25,20,10|1|14|0,20,5,80,0.43,20,0.35000000000000003,40,4,56.00000000000001,0
474,212,夢幻回廊,1,梦幻回廊,,25,20,6|1|18|0,20,5,80,0.43,20,0.35000000000000003,24,4,72,0
19,214,End of Daylight,1,End of Daylight,,24,15,6|1|17|0,15,9,62.5,0.33,37.5,0.63,25,4.17,70.83,0
34,214,夢は時空を越えて,1,梦想超越时空,,24,18,7|1|16|0,18,6,75,0.38999999999999996,25,0.42,29.17,4.17,66.67,0
15,216,風の神社,3,风之神社,,23,16,10|0|13|0,16,7,69.57,0.35000000000000003,30.43,0.49,43.480000000000004,0,56.52,0
13,216,星幽剣士,2,星幽剑士,,23,16,7|0|16|0,16,7,69.57,0.35000000000000003,30.43,0.49,30.43,0,69.57,0
242,216,渡る者の途絶えた橋,2,阻绝人迹之桥,,23,12,8|0|15|0,12,11,52.17,0.26,47.83,0.77,34.78,0,65.22,0
411,216,テーマ·オブ·イースタンストーリー,2,Theme of Eastern Story,,23,16,9|0|14|0,16,7,69.57,0.35000000000000003,30.43,0.49,39.129999999999995,0,60.870000000000005,0
329,216,針小棒大の天守閣,1,针小棒大的天守阁,,23,15,6|1|16|0,15,8,65.22,0.33,34.78,0.5599999999999999,26.090000000000003,4.35,69.57,0
288,216,ルーズレイン,0,Loose Rain,,23,14,9|1|13|0,14,9,60.870000000000005,0.3,39.129999999999995,0.63,39.129999999999995,4.35,56.52,0
272,222,空の帰り道　～ Sky Dream,0,天空上的归途　～ Sky Dream,,22,18,10|0|12|0,18,4,81.82000000000001,0.38999999999999996,18.18,0.27999999999999997,45.45,0,54.55,0
404,222,天鳥船神社の結界,0,天鸟船神社的结界,,22,16,10|2|10|0,16,6,72.72999999999999,0.35000000000000003,27.27,0.42,45.45,9.09,45.45,0
219,224,神は恵みの雨を降らす　～ Sylphid Dream,1,神灵降下的恩惠之雨 ～ Sylphid Dream,,21,11,5|1|15|0,11,10,52.38,0.24,47.620000000000005,0.7000000000000001,23.810000000000002,4.760000000000001,71.43,0
31,224,博麗神社境内,0,博丽神社境内,,21,11,4|1|16|0,11,10,52.38,0.24,47.620000000000005,0.7000000000000001,19.05,4.760000000000001,76.19,0
426,224,可愛い大戦争のリフレーン,0,可爱的大战争叠奏曲,（妖精大战争）,21,18,6|3|12|0,18,3,85.71,0.38999999999999996,14.29,0.21,28.57,14.29,57.14,0
75,227,かわいい悪魔 ～ Innocence,2,可爱的恶魔 ～ Innocence,,20,10,7|0|13|0,10,10,50,0.22,50,0.7000000000000001,35,0,65,0
185,227,花映塚　～ Higan Retour,2,花映塚　～ Higan Retour,,20,8,5|1|14|0,8,12,40,0.16999999999999998,60,0.84,25,5,70,0
226,227,香る樹葉花,2,散发着香气的树叶花,,20,16,5|4|11|0,16,4,80,0.35000000000000003,20,0.27999999999999997,25,20,55.00000000000001,0
1,227,A Sacred Lot,1,A Sacred Lot,,20,16,9|1|10|0,16,4,80,0.35000000000000003,20,0.27999999999999997,45,5,50,0
17,227,博麗 ～ Eastern Wind,1,博丽 ～ Eastern Wind,,20,14,3|1|16|0,14,6,70,0.3,30,0.42,15,5,80,0
110,227,ほおずきみたいに紅い魂,1,如鬼灯般的红色之魂,,20,16,8|2|10|0,16,4,80,0.35000000000000003,20,0.27999999999999997,40,10,50,0
307,227,デザイアドリーム,1,Desire Dream,,20,10,5|5|10|0,10,10,50,0.22,50,0.7000000000000001,25,25,50,0
333,227,小槌の魔力,1,小槌的魔力,,20,17,5|2|13|0,17,3,85,0.37,15,0.21,25,10,65,0
98,227,悲しき人形 ～ Doll of Misery,0,可悲的人偶 ～ Doll of Misery,,20,12,6|1|13|0,12,8,60,0.26,40,0.5599999999999999,30,5,65,0
335,227,反則の狼煙を上げろ,0,燃起犯规的狼烟,,20,15,6|1|13|0,15,5,75,0.33,25,0.35000000000000003,30,5,65,0
218,237,麓の神社,2,山脚的神社,,19,11,2|1|16|0,11,8,57.89,0.24,42.11,0.5599999999999999,10.530000000000001,5.26,84.21,0
401,237,衛星トリフネ,2,卫星鸟船,,19,11,7|2|10|0,11,8,57.89,0.24,42.11,0.5599999999999999,36.84,10.530000000000001,52.629999999999995,0
424,237,雪月桜花の国,2,雪月樱花之国,,19,13,3|2|14|0,13,6,68.42,0.27999999999999997,31.580000000000002,0.42,15.790000000000001,10.530000000000001,73.68,0
406,237,緑のサナトリウム,1,绿意盎然的疗养院,,19,9,7|1|11|0,9,10,47.370000000000005,0.2,52.629999999999995,0.7000000000000001,36.84,5.26,57.89,0
413,237,阿礼の子供,1,阿礼的孩子,,19,12,4|1|14|0,12,7,63.160000000000004,0.26,36.84,0.49,21.05,5.26,73.68,0
304,237,妖怪裏参道,0,妖怪里参道,（伊奘诺物质）,19,11,5|0|14|0,11,8,57.89,0.24,42.11,0.5599999999999999,26.32,0,73.68,0
407,237,牛に引かれて善光寺参り,0,被牛引到善光寺,,19,14,8|0|11|0,14,5,73.68,0.3,26.32,0.35000000000000003,42.11,0,57.89,0
224,244,甲論乙駁,0,甲论乙驳,,18,15,1|2|15|0,15,3,83.33,0.33,16.669999999999998,0.21,5.56,11.110000000000001,83.33,0
340,244,心揺さぶる都市伝説,0,震撼心灵的都市传说,,18,12,6|0|12|0,12,6,66.67,0.26,33.33,0.42,33.33,0,66.67,0
403,244,天鳥船神社,0,天鸟船神社,,18,12,3|0|15|0,12,6,66.67,0.26,33.33,0.42,16.669999999999998,0,83.33,0
430,244,年中夢中の好奇心,0,时刻旺盛的好奇心,（妖精大战争）,18,15,5|3|10|0,15,3,83.33,0.33,16.669999999999998,0.21,27.779999999999998,16.669999999999998,55.559999999999995,0
190,248,ポイズンボディ　～ Forsaken Doll,2,剧毒身体　～ Forsaken Doll,,17,9,8|0|9|0,9,8,52.94,0.2,47.06,0.5599999999999999,47.06,0,52.94,0
480,248,ラストワード発動,1,Lastword发动,,17,15,6|2|9|0,15,2,88.24,0.33,11.76,0.13999999999999999,35.29,11.76,52.94,0
8,248,破邪の小太刀,0,破邪的小太刀,,17,12,5|1|11|0,12,5,70.59,0.26,29.409999999999997,0.35000000000000003,29.409999999999997,5.88,64.71000000000001,0
159,248,仰空,0,仰空,,17,11,4|4|9|0,11,6,64.71000000000001,0.24,35.29,0.42,23.53,23.53,52.94,0
324,248,孤独なウェアウルフ,0,孤独的狼人,,17,13,4|1|12|0,13,4,76.47,0.27999999999999997,23.53,0.27999999999999997,23.53,5.88,70.59,0
355,248,竹林インフレイム,0,竹林大火,,17,10,7|1|9|0,10,7,58.81999999999999,0.22,41.18,0.49,41.18,5.88,52.94,0
12,254,死なばもろとも,1,同归于尽,,16,11,2|2|12|0,11,5,68.75,0.24,31.25,0.35000000000000003,12.5,12.5,75,0
358,254,宇宙巫女現る,1,宇宙巫女现身,,16,7,5|1|10|0,7,9,43.75,0.15,56.25,0.63,31.25,6.25,62.5,0
223,254,地の色は黄色,0,地之色乃黄色,,16,13,2|3|11|0,13,3,81.25,0.27999999999999997,18.75,0.21,12.5,18.75,68.75,0
431,254,真夜中のフェアリーダンス,0,午夜中的妖精舞会,（妖精大战争）,16,13,3|0|13|0,13,3,81.25,0.27999999999999997,18.75,0.21,18.75,0,81.25,0
477,254,心綺楼祭囃子,0,心绮楼祭囃子,,16,13,3|2|11|0,13,3,81.25,0.27999999999999997,18.75,0.21,18.75,12.5,68.75,0
182,259,月見草,1,月见草,,15,9,3|1|11|0,9,6,60,0.2,40,0.42,20,6.67,73.33,0
227,259,踊る水飛沫,1,飞舞的水飞沫,,15,13,5|2|8|0,13,2,86.67,0.27999999999999997,13.33,0.13999999999999999,33.33,13.33,53.33,0
256,259,青空の影,1,青空之影,,15,14,9|0|6|0,14,1,93.33,0.3,6.67,0.06999999999999999,60,0,40,0
124,259,紅より儚い永遠,0,比红色更虚无的永远,,15,12,3|0|12|0,12,3,80,0.26,20,0.21,20,0,80,0
286,259,春の氷精,0,春之冰精,,15,15,2|0|13|0,15,0,100,0.33,0,0,13.33,0,86.67,0
297,259,リジッドパラダイス,0,Rigid Paradise,,15,8,4|1|10|0,8,7,53.33,0.16999999999999998,46.67,0.49,26.669999999999998,6.67,66.67,0
377,259,空飛ぶ巫女の不思議な毎日,0,空中飞翔的巫女不可思议的每天,,15,10,2|2|11|0,10,5,66.67,0.22,33.33,0.35000000000000003,13.33,13.33,73.33,0
239,266,地霊達の起床,0,地灵们的起床,,14,11,2|0|12|0,11,3,78.57,0.24,21.43,0.21,14.29,0,85.71,0
262,266,時代親父とハイカラ少女,0,守旧老爹与前卫少女,（心绮楼、深秘录）,14,8,4|1|9|0,8,6,57.14,0.16999999999999998,42.86,0.42,28.57,7.140000000000001,64.29,0
71,268,Dream Land,2,Dream Land,,13,7,3|1|9|0,7,6,53.849999999999994,0.15,46.150000000000006,0.42,23.080000000000002,7.6899999999999995,69.23,0
281,268,あなたの町の怪事件,2,你所在之城的怪事,,13,8,2|0|11|0,8,5,61.53999999999999,0.16999999999999998,38.46,0.35000000000000003,15.379999999999999,0,84.61999999999999,0
393,268,月面ツアーへようこそ,1,欢迎来到月面旅行团,,13,10,3|2|8|0,10,3,76.92,0.22,23.080000000000002,0.21,23.080000000000002,15.379999999999999,61.53999999999999,0
89,268,夢想時空,0,梦想时空,,13,8,3|0|10|0,8,5,61.53999999999999,0.16999999999999998,38.46,0.35000000000000003,23.080000000000002,0,76.92,0
203,268,封印されし神々,0,被封印的众神,,13,10,1|2|10|0,10,3,76.92,0.22,23.080000000000002,0.21,7.6899999999999995,15.379999999999999,76.92,0
282,268,妖怪モダンコロニー,0,现代妖怪殖民地,（三月精）,13,11,7|0|6|0,11,2,84.61999999999999,0.24,15.379999999999999,0.13999999999999999,53.849999999999994,0,46.150000000000006,0
378,268,夜のデンデラ野を逝く,0,走在夜晚的莲台野,,13,10,4|0|9|0,10,3,76.92,0.22,23.080000000000002,0.21,30.769999999999996,0,69.23,0
220,275,プレイヤーズスコア,2,Player's Score,（地灵殿、星莲船、大战争、神灵庙、辉针城）,12,9,5|1|6|0,9,3,75,0.2,25,0.21,41.67,8.33,50,0
291,275,欲深き霊魂,2,欲望深重的灵魂,,12,8,6|1|5|0,8,4,66.67,0.16999999999999998,33.33,0.27999999999999997,50,8.33,41.67,0
6,275,天使伝説,1,天使传说,,12,7,3|1|8|0,7,5,58.330000000000005,0.15,41.67,0.35000000000000003,25,8.33,66.67,0
14,275,アイリス,1,鸢尾花,,12,6,2|2|8|0,6,6,50,0.13,50,0.42,16.669999999999998,16.669999999999998,66.67,0
51,275,Maple Dream...,1,Maple Dream...,,12,9,3|0|9|0,9,3,75,0.2,25,0.21,25,0,75,0
320,275,秘境のマーメイド,1,秘境的人鱼,（天邪鬼）,12,7,3|0|9|0,7,5,58.330000000000005,0.15,41.67,0.35000000000000003,25,0,75,0
95,275,真紅の少女 ～ Crimson Dead!!,0,绯红的少女 ～ Crimson Dead!!,,12,8,2|1|9|0,8,4,66.67,0.16999999999999998,33.33,0.27999999999999997,16.669999999999998,8.33,75,0
278,275,アンノウンＸ　～ Unfound Adventure,0,未知物Ｘ　～ Unfound Adventure,（伊奘诺物质）,12,7,3|0|9|0,7,5,58.330000000000005,0.15,41.67,0.35000000000000003,25,0,75,0
391,275,青木ヶ原の伝説,0,青木原的传说,,12,7,1|4|7|0,7,5,58.330000000000005,0.15,41.67,0.35000000000000003,8.33,33.33,58.330000000000005,0
74,284,メイド幻想 ～ Icemilk Magic,3,女仆幻想 ～ Icemilk Magic,,11,7,3|1|7|0,7,4,63.63999999999999,0.15,36.36,0.27999999999999997,27.27,9.09,63.63999999999999,0
55,284,時の風,1,时之风,,11,7,1|0|10|0,7,4,63.63999999999999,0.15,36.36,0.27999999999999997,9.09,0,90.91,0
293,284,ゴーストリード,1,Ghost Lead,,11,9,5|0|6|0,9,2,81.82000000000001,0.2,18.18,0.13999999999999999,45.45,0,54.55,0
21,284,幻夢界,0,幻梦界,,11,8,3|1|7|0,8,3,72.72999999999999,0.16999999999999998,27.27,0.21,27.27,9.09,63.63999999999999,0
38,284,Dim. Dream,0,Dim. Dream,,11,9,6|1|4|0,9,2,81.82000000000001,0.2,18.18,0.13999999999999999,54.55,9.09,36.36,0
384,284,幻想の永遠祭,0,幻想的永远祭,,11,10,2|0|9|0,10,1,90.91,0.22,9.09,0.06999999999999999,18.18,0,81.82000000000001,0
418,284,花映塚 ～ after Higan Retour,0,花映塚 ～ after Higan Retour,,11,8,1|1|9|0,8,3,72.72999999999999,0.16999999999999998,27.27,0.21,9.09,9.09,81.82000000000001,0
25,291,東方封魔録 ～ 幽幻乱舞,1,东方封魔录 ～ 幽幻乱舞,,10,7,0|3|7|0,7,3,70,0.15,30,0.21,0,30,70,0
73,291,禁じざるをえない遊戯,1,不可不禁止的游戏,,10,6,1|0|9|0,6,4,60,0.13,40,0.27999999999999997,10,0,90,0
187,291,オリエンタルダークフライト,1,Oriental Dark Flight,,10,6,3|0|7|0,6,4,60,0.13,40,0.27999999999999997,30,0,70,0
254,291,地霊達の帰宅,1,地灵们的归宅,,10,8,2|1|7|0,8,2,80,0.16999999999999998,20,0.13999999999999999,20,10,70,0
402,291,トロヤ群の密林,1,特洛伊群的密林,,10,7,4|1|5|0,7,3,70,0.15,30,0.21,40,10,50,0
462,291,エニグマティクドール ～ God Knows,0,神秘的人偶　～ God Knows,（蓬莱人形）,10,8,3|1|6|0,8,2,80,0.16999999999999998,20,0.13999999999999999,30,10,60,0
476,291,巨大な影と小さな結末,0,巨大的影子与渺小的结局,,10,9,3|0|7|0,9,1,90,0.2,10,0.06999999999999999,30,0,70,0
154,298,遍参,0,遍参,,9,7,2|2|5|0,7,2,77.78,0.15,22.220000000000002,0.13999999999999999,22.220000000000002,22.220000000000002,55.559999999999995,0
241,298,封じられた妖怪 ～ Lost Place,0,被封印的妖怪　～ Lost Place,,9,7,3|1|5|0,7,2,77.78,0.15,22.220000000000002,0.13999999999999999,33.33,11.110000000000001,55.559999999999995,0
334,298,不思議な不思議な道具達,0,非常非常神奇的道具们,,9,9,3|2|4|0,9,0,100,0.2,0,0,33.33,22.220000000000002,44.440000000000005,0
128,301,クリスタライズシルバー,2,Crystallize Silver,,8,6,2|1|5|0,6,2,75,0.13,25,0.13999999999999999,25,12.5,62.5,0
3,301,The Positive and Negative,1,The Positive and Negative,,8,7,4|0|4|0,7,1,87.5,0.15,12.5,0.06999999999999999,50,0,50,0
63,301,紅響曲 ～ Scarlet Phoneme,1,紅响曲 ～ Scarlet Phoneme,,8,5,3|1|4|0,5,3,62.5,0.11,37.5,0.21,37.5,12.5,50,0
96,301,裏切りの少女 ～ Judas Kiss,1,背叛的少女 ～ Judas Kiss,,8,6,2|0|6|0,6,2,75,0.13,25,0.13999999999999999,25,0,75,0
255,301,エネルギー黎明 ～ Future Dream...,1,能源黎明 ～ Future Dream...,,8,7,3|0|5|0,7,1,87.5,0.15,12.5,0.06999999999999999,37.5,0,62.5,0
295,301,門前の妖怪小娘,1,门前的妖怪小姑娘,,8,4,2|0|6|0,4,4,50,0.09,50,0.27999999999999997,25,0,75,0
321,301,運河を行き交う人妖,1,往来于运河的人与妖,,8,5,3|0|5|0,5,3,62.5,0.11,37.5,0.21,37.5,0,62.5,0
421,301,夜だから眠れない,1,夜晚无法入睡,,8,5,1|0|7|0,5,3,62.5,0.11,37.5,0.21,12.5,0,87.5,0
475,301,蓬莱幻想 ～ far East,1,蓬莱幻想 ～ far East,,8,5,1|1|6|0,5,3,62.5,0.11,37.5,0.21,12.5,12.5,75,0
23,301,ひもろぎ、むらさきにもえ,0,神篱，如紫色般火焰燃烧,,8,6,2|0|5|1,6,2,75,0.13,25,0.13999999999999999,25,0,62.5,12.5
28,301,戦車むすめのみるゆめ,0,战车娘的梦想,,8,5,2|1|5|0,5,3,62.5,0.11,37.5,0.21,25,12.5,62.5,0
42,301,夢幻遊戯 ～ Dream War,0,梦幻游戏 ～ Dream War,,8,4,4|0|4|0,4,4,50,0.09,50,0.27999999999999997,50,0,50,0
92,301,プラスチックマインド,0,Plastic Mind,,8,4,1|0|7|0,4,4,50,0.09,50,0.27999999999999997,12.5,0,87.5,0
97,301,the Last Judgement,0,the Last Judgement,,8,5,1|0|7|0,5,3,62.5,0.11,37.5,0.21,12.5,0,87.5,0
197,301,魂の花　～ Another Dream...,0,魂之花 ～ Another Dream...,,8,5,4|0|4|0,5,3,62.5,0.11,37.5,0.21,50,0,50,0
199,301,風の循環　～ Wind Tour,0,风的循环 ～ Wind Tour,,8,6,4|0|4|0,6,2,75,0.13,25,0.13999999999999999,50,0,50,0
232,301,雲外蒼天,0,云外苍天,,8,7,1|1|6|0,7,1,87.5,0.15,12.5,0.06999999999999999,12.5,12.5,75,0
317,301,官板黄昏新聞,0,官板黄昏新闻,,8,8,1|0|7|0,8,0,100,0.16999999999999998,0,0,12.5,0,87.5,0
354,301,対蹠地の鐘,0,对跖点之钟,,8,8,1|0|7|0,8,0,100,0.16999999999999998,0,0,12.5,0,87.5,0
361,320,湖は浄めの月光を映して,1,湖上倒映着洁净的月光,,7,4,4|1|2|0,4,3,57.14,0.09,42.86,0.21,57.14,14.29,28.57,0
468,320,キュアリアス上海古牌,1,好奇的上海古牌,,7,6,2|0|5|0,6,1,85.71,0.13,14.29,0.06999999999999999,28.57,0,71.43,0
29,320,遠野の森,0,远野之森,,7,4,2|0|5|0,4,3,57.14,0.09,42.86,0.21,28.57,0,71.43,0
94,320,禁断の魔法 ～ Forbidden Magic,0,禁忌的魔法 ～ Forbidden Magic,,7,4,1|0|6|0,4,3,57.14,0.09,42.86,0.21,14.29,0,85.71,0
200,320,天狗が見ている　～ Black Eyes,0,天狗正凝视着 ～ Black Eyes,,7,4,1|0|6|0,4,3,57.14,0.09,42.86,0.21,14.29,0,85.71,0
325,320,マジカルストーム,0,Magical Storm,,7,4,3|0|4|0,4,3,57.14,0.09,42.86,0.21,42.86,0,57.14,0
352,320,七玉蒐集ショウダウン,0,七玉搜集大摊牌,,7,5,3|0|4|0,5,2,71.43,0.11,28.57,0.13999999999999999,42.86,0,57.14,0
373,320,神社から見える月,0,从神社所见之月,,7,5,3|0|4|0,5,2,71.43,0.11,28.57,0.13999999999999999,42.86,0,57.14,0
446,320,幻想科学　～ Doll's Phantom,0,幻想科学　～ Doll's Phantom,（梦违科学世纪）,7,7,3|1|3|0,7,0,100,0.15,0,0,42.86,14.29,42.86,0
93,329,メイプルワイズ,1,Maple Wise,,6,0,0|0|6|0,0,6,0,0,100,0.42,0,0,100,0
195,329,此岸の塚,1,此岸之塚,,6,4,1|0|5|0,4,2,66.67,0.09,33.33,0.13999999999999999,16.669999999999998,0,83.33,0
290,329,春の氷精　- 静 -,1,春之冰精 -静-,,6,5,1|2|3|0,5,1,83.33,0.11,16.669999999999998,0.06999999999999999,16.669999999999998,33.33,50,0
416,329,綿月のスペルカード　～ Lunatic Blue,1,绵月的符卡 ～ Lunatic Blue,,6,6,1|0|5|0,6,0,100,0.13,0,0,16.669999999999998,0,83.33,0
448,329,シルクロードアリス,1,Silk Road Alice,,6,6,3|1|2|0,6,0,100,0.13,0,0,50,16.669999999999998,33.33,0
49,329,東方の青い空,0,东方的蓝色天空,,6,4,2|1|3|0,4,2,66.67,0.09,33.33,0.13999999999999999,33.33,16.669999999999998,50,0
61,329,装飾戦 ～ Decoration Battle,0,装饰战 ～ Decoration Battle,,6,5,1|1|4|0,5,1,83.33,0.11,16.669999999999998,0.06999999999999999,16.669999999999998,16.669999999999998,66.67,0
144,329,春風の夢,0,春风之梦,,6,5,2|0|4|0,5,1,83.33,0.11,16.669999999999998,0.06999999999999999,33.33,0,66.67,0
276,329,人形のある風景,0,人偶存在的风景,,6,4,2|1|3|0,4,2,66.67,0.09,33.33,0.13999999999999999,33.33,16.669999999999998,50,0
350,329,明かされる深秘,0,被揭晓的深秘,,6,6,0|0|6|0,6,0,100,0.13,0,0,0,0,100,0
374,329,宇宙巫女帰還する,0,宇宙巫女归还,,6,6,1|0|5|0,6,0,100,0.13,0,0,16.669999999999998,0,83.33,0
380,329,古の冥界寺,0,古老的冥界寺,,6,5,1|1|4|0,5,1,83.33,0.11,16.669999999999998,0.06999999999999999,16.669999999999998,16.669999999999998,66.67,0
423,329,サニーミルクの紅霧異変,0,桑尼米尔克的红雾异变,,6,5,1|2|3|0,5,1,83.33,0.11,16.669999999999998,0.06999999999999999,16.669999999999998,33.33,50,0
428,329,二つの世界,0,两个世界,,6,4,1|1|4|0,4,2,66.67,0.09,33.33,0.13999999999999999,16.669999999999998,16.669999999999998,66.67,0
467,329,AN ORDEAL FROM GOD,0,AN ORDEAL FROM GOD,（幻想麻雀）,6,4,3|0|3|0,4,2,66.67,0.09,33.33,0.13999999999999999,50,0,50,0
4,344,Highly Responsive to Prayers,1,Highly Responsive to Prayers,,5,5,3|0|2|0,5,0,100,0.11,0,0,60,0,40,0
43,344,魔法決戦！ ～ Fight it out!,1,魔法决战！ ～ Fight it out!,,5,3,1|0|4|0,3,2,60,0.06999999999999999,40,0.13999999999999999,20,0,80,0
105,344,久遠の楽園,1,永远的乐园,,5,2,0|1|4|0,2,3,40,0.04,60,0.21,0,20,80,0
150,344,夏明き,1,夏明,,5,5,2|0|3|0,5,0,100,0.11,0,0,40,0,60,0
9,344,魔鏡,0,魔镜,,5,5,0|0|5|0,5,0,100,0.11,0,0,0,0,100,0
10,344,the Legend of KAGE,0,the Legend of KAGE,,5,3,2|0|3|0,3,2,60,0.06999999999999999,40,0.13999999999999999,40,0,60,0
16,344,東方封魔録 ～ 浄土曼荼羅,0,东方封魔录 ～ 净土曼荼罗,,5,2,2|0|3|0,2,3,40,0.04,60,0.21,40,0,60,0
40,344,Maniacal Princess,0,Maniacal Princess,,5,1,1|2|2|0,1,4,20,0.02,80,0.27999999999999997,20,40,40,0
161,344,珍客,0,稀客,,5,4,2|0|3|0,4,1,80,0.09,20,0.06999999999999999,40,0,60,0
194,344,花の映る塚,0,映花之塚,,5,2,0|0|5|0,2,3,40,0.04,60,0.21,0,0,100,0
294,344,妖怪寺へようこそ,0,欢迎来到妖怪寺,,5,3,2|0|3|0,3,2,60,0.06999999999999999,40,0.13999999999999999,40,0,60,0
347,344,真実を知る者,0,知晓真相之人,,5,5,1|0|4|0,5,0,100,0.11,0,0,20,0,80,0
348,344,外界フォークロア,0,外界民俗,,5,3,2|0|3|0,3,2,60,0.06999999999999999,40,0.13999999999999999,40,0,60,0
351,344,オカルトアラカルト,0,灵异任你选,,5,4,1|0|4|0,4,1,80,0.09,20,0.06999999999999999,20,0,80,0
415,344,妖怪宇宙旅行,0,妖怪宇宙旅行,,5,3,0|1|4|0,3,2,60,0.06999999999999999,40,0.13999999999999999,0,20,80,0
478,344,演者選択,0,出演者选择,,5,3,1|1|3|0,3,2,60,0.06999999999999999,40,0.13999999999999999,20,20,60,0
69,360,Lotus Love,1,Lotus Love,,4,2,0|1|3|0,2,2,50,0.04,50,0.13999999999999999,0,25,75,0
81,360,Dreamy pilot,1,Dreamy pilot,,4,2,1|0|3|0,2,2,50,0.04,50,0.13999999999999999,25,0,75,0
343,360,顕現した伝承の形,1,显现的传承形态,,4,4,2|0|2|0,4,0,100,0.09,0,0,50,0,50,0
441,360,機械サーカス　～ Reverie,1,机械马戏团　～ Reverie（Circus Reverie）,（蓬莱人形）,4,2,1|0|3|0,2,2,50,0.04,50,0.13999999999999999,25,0,75,0
459,360,"My Maid, Sweet Maid",1,"My Maid, Sweet Maid",,4,3,2|2|0|0,3,1,75,0.06999999999999999,25,0.06999999999999999,50,50,0,0
18,360,She's in a temper!!,0,She's in a temper!!,,4,3,2|0|2|0,3,1,75,0.06999999999999999,25,0.06999999999999999,50,0,50,0
22,360,死を賭して,0,以死相赌,,4,4,0|0|4|0,4,0,100,0.09,0,0,0,0,100,0
30,360,昔話わんだーらんど,0,传说中的仙境,,4,3,0|0|4|0,3,1,75,0.06999999999999999,25,0.06999999999999999,0,0,100,0
44,360,Sailor of Time,0,Sailor of Time,,4,0,1|0|3|0,0,4,0,0,100,0.27999999999999997,25,0,75,0
87,360,Dream Express,0,Dream Express,,4,4,2|0|2|0,4,0,100,0.09,0,0,50,0,50,0
88,360,魔法陣 ～ Magic Square,0,魔法阵 ～ Magic Square,,4,2,0|1|3|0,2,2,50,0.04,50,0.13999999999999999,0,25,75,0
283,360,ネメシスの要塞,0,复仇女神的要塞,,4,4,2|0|2|0,4,0,100,0.09,0,0,50,0,50,0
337,360,ミッドナイトスペルカード,0,Midnight Spell Card,,4,3,1|0|3|0,3,1,75,0.06999999999999999,25,0.06999999999999999,25,0,75,0
349,360,各々の結末,0,各自的结局,,4,3,1|0|3|0,3,1,75,0.06999999999999999,25,0.06999999999999999,25,0,75,0
412,360,ジャパニーズサーガ,0,Japanese Saga,,4,3,2|0|2|0,3,1,75,0.06999999999999999,25,0.06999999999999999,50,0,50,0
427,360,フェアリー冒険譚,0,妖精冒险谭,,4,3,2|0|2|0,3,1,75,0.06999999999999999,25,0.06999999999999999,50,0,50,0
447,360,少女神性　～ Pandora's Box,0,少女神性　～ Pandora's Box,,4,3,2|0|2|0,3,1,75,0.06999999999999999,25,0.06999999999999999,50,0,50,0
454,360,天鵝絨少女戰　～ Velvet Battle,0,天鹅绒少女战　～ Velvet Battle,,4,1,2|0|2|0,1,3,25,0.02,75,0.21,50,0,50,0
466,360,呑んべぇのレムリア,0,酒鬼的Lamuria,（儚月抄）,4,3,2|0|2|0,3,1,75,0.06999999999999999,25,0.06999999999999999,50,0,50,0
469,360,妖々跋扈　～ Speed Fox!,0,妖妖跋扈　～ Speed Fox!,,4,4,0|0|4|0,4,0,100,0.09,0,0,0,0,100,0
231,380,冷吟閑酔,1,冷吟闲醉,,3,2,1|0|2|0,2,1,66.67,0.04,33.33,0.06999999999999999,33.33,0,66.67,0
7,380,Oriental Magician,0,Oriental Magician,,3,2,2|0|1|0,2,1,66.67,0.04,33.33,0.06999999999999999,66.67,0,33.33,0
20,380,やみのちから,0,黑暗的力量,,3,1,1|1|1|0,1,2,33.33,0.02,66.67,0.13999999999999999,33.33,33.33,33.33,0
27,380,Extra Love,0,Extra Love,,3,2,1|1|1|0,2,1,66.67,0.04,33.33,0.06999999999999999,33.33,33.33,33.33,0
33,380,封魔終演,0,封魔终演,,3,3,0|1|2|0,3,0,100,0.06999999999999999,0,0,0,33.33,66.67,0
59,380,Witching Dream,0,Witching Dream,,3,1,0|0|3|0,1,2,33.33,0.02,66.67,0.13999999999999999,0,0,100,0
65,380,霊戦 ～ Perdition crisis,0,灵战 ～ Perdition crisis,,3,1,3|0|0|0,1,2,33.33,0.02,66.67,0.13999999999999999,100,0,0,0
83,380,Border Land,0,Border Land,,3,2,0|1|2|0,2,1,66.67,0.04,33.33,0.06999999999999999,0,33.33,66.67,0
86,380,怪綺談 ～ Mystic Square,0,怪绮谈 ～ Mystic Square,,3,3,1|0|2|0,3,0,100,0.06999999999999999,0,0,33.33,0,66.67,0
103,380,神社,0,神社,,3,2,0|0|3|0,2,1,66.67,0.04,33.33,0.06999999999999999,0,0,100,0
163,380,戦迅,0,战迅,,3,3,0|0|3|0,3,0,100,0.06999999999999999,0,0,0,0,100,0
164,380,禍機,0,祸机,,3,1,2|0|1|0,1,2,33.33,0.02,66.67,0.13999999999999999,66.67,0,33.33,0
222,380,日常坐臥,0,日常坐卧,,3,2,1|0|2|0,2,1,66.67,0.04,33.33,0.06999999999999999,33.33,0,66.67,0
261,380,スカイルーイン,0,Sky Ruin,,3,3,1|1|1|0,3,0,100,0.06999999999999999,0,0,33.33,33.33,33.33,0
306,380,神社の新しい風,0,神社的新风,,3,2,0|0|3|0,2,1,66.67,0.04,33.33,0.06999999999999999,0,0,100,0
314,380,丑三つ時の里,0,丑时三刻的村庄,,3,2,2|0|1|0,2,1,66.67,0.04,33.33,0.06999999999999999,66.67,0,33.33,0
414,380,夜の鳩山を飛ぶ -Power MIX,0,飞越夜晚的鸠山 - Power MIX,,3,3,1|0|2|0,3,0,100,0.06999999999999999,0,0,33.33,0,66.67,0
422,380,妖精燦々として,0,妖精灿烂的样子,,3,2,0|0|3|0,2,1,66.67,0.04,33.33,0.06999999999999999,0,0,100,0
436,380,幻想帝都,0,幻想帝都,,3,2,1|2|0|0,2,1,66.67,0.04,33.33,0.06999999999999999,33.33,66.67,0,0
463,380,Witch of Love Potion,0,Witch of Love Potion,（蓬莱人形）,3,3,1|0|2|0,3,0,100,0.06999999999999999,0,0,33.33,0,66.67,0
84,400,Magic Shop of Raspberry,1,Magic Shop of Raspberry,,2,1,1|0|1|0,1,1,50,0.02,50,0.06999999999999999,50,0,50,0
48,400,久遠の夢,0,久远之梦,,2,1,0|0|2|0,1,1,50,0.02,50,0.06999999999999999,0,0,100,0
56,400,スターボウドリーム,0,Starbow Dream,,2,2,1|0|1|0,2,0,100,0.04,0,0,50,0,50,0
57,400,Phantasmagoria,0,Phantasmagoria,,2,2,0|1|1|0,2,0,100,0.04,0,0,0,50,50,0
82,400,Incomplete Plot,0,Incomplete Plot,,2,1,0|1|1|0,1,1,50,0.02,50,0.06999999999999999,0,50,50,0
99,400,世界の果て ～ World's End,0,世界的尽头 ～ World's End,,2,2,1|0|1|0,2,0,100,0.04,0,0,50,0,50,0
230,400,嘲りの遊戯,0,嘲讽的游戏,,2,2,1|1|0|0,2,0,100,0.04,0,0,50,50,0,0
274,400,伝説の巨神,0,传说的巨神,,2,2,1|0|1|0,2,0,100,0.04,0,0,50,0,50,0
280,400,ニュースハウンド,0,Newshound,,2,1,0|0|2|0,1,1,50,0.02,50,0.06999999999999999,0,0,100,0
313,400,人気のない場所,0,无人气的场所,,2,1,0|0|2|0,1,1,50,0.02,50,0.06999999999999999,0,0,100,0
376,400,人形の森,0,人偶之森,,2,1,1|0|1|0,1,1,50,0.02,50,0.06999999999999999,50,0,50,0
434,400,フォルスストロベリー,0,False Strawberry,,2,2,0|1|1|0,2,0,100,0.04,0,0,0,50,50,0
442,400,カナベラルの夢幻少女,0,卡纳维拉尔角的梦幻少女,,2,1,1|0|1|0,1,1,50,0.02,50,0.06999999999999999,50,0,50,0
452,400,タイトルドメイド,0,Titled Maid,,2,2,0|1|1|0,2,0,100,0.04,0,0,0,50,50,0
453,400,稀翁玉　～ Fairy Dance,0,稀翁玉　～ Fairy Dance,,2,1,0|0|2|0,1,1,50,0.02,50,0.06999999999999999,0,0,100,0
470,400,宵闇の魔術師,0,黄昏的魔术师,,2,2,1|0|1|0,2,0,100,0.04,0,0,50,0,50,0
479,400,使われなかった場所,0,没用上的场所,,2,1,0|0|2|0,1,1,50,0.02,50,0.06999999999999999,0,0,100,0
47,417,魔法鐘愛,0,魔法钟爱,,1,1,0|0|1|0,1,0,100,0.02,0,0,0,0,100,0
52,417,霊人の休日,0,灵人的休息日,,1,1,0|0|1|0,1,0,100,0.02,0,0,0,0,100,0
62,417,Break the Sabbath,0,Break the Sabbath,,1,0,0|0|1|0,0,1,0,0,100,0.06999999999999999,0,0,100,0
76,417,Days,0,Days,,1,1,0|0|1|0,1,0,100,0.02,0,0,0,0,100,0
78,417,Arcadian Dream,0,Arcadian Dream,,1,1,0|0|1|0,1,0,100,0.02,0,0,0,0,100,0
79,417,幻想の住人,0,幻想的居民,,1,1,0|0|1|0,1,0,100,0.02,0,0,0,0,100,0
80,417,Lotus Road,0,Lotus Road,,1,0,0|0|1|0,0,1,0,0,100,0.06999999999999999,0,0,100,0
85,417,Crescent Dream,0,Crescent Dream,,1,0,0|0|1|0,0,1,0,0,100,0.06999999999999999,0,0,100,0
106,417,Mystic Dream,0,Mystic Dream,,1,0,0|0|1|0,0,1,0,0,100,0.06999999999999999,0,0,100,0
107,417,Peaceful Romancer,0,Peaceful Romancer,,1,1,1|0|0|0,1,0,100,0.02,0,0,100,0,0,0
152,417,魔所,0,魔所,,1,1,0|0|1|0,1,0,100,0.02,0,0,0,0,100,0
153,417,月輪,0,月轮,,1,0,0|0|1|0,0,1,0,0,100,0.06999999999999999,0,0,100,0
157,417,あゆのかぜ,0,东风,,1,0,0|0|1|0,0,1,0,0,100,0.06999999999999999,0,0,100,0
158,417,森閑,0,森闲,,1,1,0|0|1|0,1,0,100,0.02,0,0,0,0,100,0
160,417,幽境,0,幽境,,1,0,0|0|1|0,0,1,0,0,100,0.06999999999999999,0,0,100,0
162,417,紅夜,0,红夜,,1,0,1|0|0|0,0,1,0,0,100,0.06999999999999999,100,0,0,0
225,417,風光明媚,0,风光明媚,,1,1,0|0|1|0,1,0,100,0.02,0,0,0,0,100,0
228,417,以魚駆蠅,0,以鱼驱蝇,,1,1,0|1|0|0,1,0,100,0.02,0,0,0,100,0,0
259,417,閉ざせし雲の通い路,0,封闭的云中通路,,1,1,1|0|0|0,1,0,100,0.02,0,0,100,0,0,0
271,417,妖怪寺,0,妖怪寺,,1,0,0|0|1|0,0,1,0,0,100,0.06999999999999999,0,0,100,0
285,417,曲名不详,0,曲名不详,,1,1,0|0|1|0,1,0,100,0.02,0,0,0,0,100,0
312,417,人気のある場所,0,有人气的场所,,1,0,0|0|1|0,0,1,0,0,100,0.06999999999999999,0,0,100,0
341,417,幻想郷ふしぎ発見,0,幻想乡不可思议发现,,1,1,0|0|1|0,1,0,100,0.02,0,0,0,0,100,0
353,417,公正なる奪い合い,0,公正的争夺,,1,1,0|0|1|0,1,0,100,0.02,0,0,0,0,100,0
420,417,サニールチルフレクション,0,Sunny Rutile Flection,,1,1,0|0|1|0,1,0,100,0.02,0,0,0,0,100,0
433,417,秋霜玉　～ Clockworks,0,秋霜玉　～ Clockworks,,1,1,1|0|0|0,1,0,100,0.02,0,0,100,0,0,0
439,417,天空アーミー,0,天空军团,,1,1,0|1|0|0,1,0,100,0.02,0,0,0,100,0,0
440,417,スプートニク幻夜,0,斯普特尼克幻夜,（tGoM）,1,0,0|0|1|0,0,1,0,0,100,0.06999999999999999,0,0,100,0
451,417,ハーセルヴズ,0,Herselves,,1,0,0|0|1|0,0,1,0,0,100,0.06999999999999999,0,0,100,0
456,417,オルフェの詩　～ Pseudoclassic,0,俄耳甫斯的诗　～ Pseudoclassic,,1,0,0|0|1|0,0,1,0,0,100,0.06999999999999999,0,0,100,0
457,417,新幻想　～ New Fantasy,0,新幻想　～ New Fantasy,,1,1,0|0|1|0,1,0,100,0.02,0,0,0,0,100,0
458,417,オルレアンの聖騎士,0,奥尔良的圣骑士,,1,1,0|0|1|0,1,0,100,0.02,0,0,0,0,100,0
32,449,陽落ちて,0,夕阳下落,,0,0,0|0|0|0,0,0,0,0,0,0,0,0,0,0
35,449,Selection,0,Selection,,0,0,0|0|0|0,0,0,0,0,0,0,0,0,0,0
53,449,勝利デモ,0,胜利的示范,,0,0,0|0|0|0,0,0,0,0,0,0,0,0,0,0
54,449,ゲームオーバー,0,Game Over,,0,0,0|0|0|0,0,0,0,0,0,0,0,0,0,0
60,449,Selene's light,0,Selene's light,,0,0,0|0|0|0,0,0,0,0,0,0,0,0,0,0
77,449,Peaceful,0,Peaceful,,0,0,0|0|0|0,0,0,0,0,0,0,0,0,0,0
90,449,霊天 ～ Spiritual Heaven,0,灵天 ～ Spiritual Heaven,,0,0,0|0|0|0,0,0,0,0,0,0,0,0,0,0
104,449,Endless,0,Endless,,0,0,0|0|0|0,0,0,0,0,0,0,0,0,0,0
108,449,魂の休らむ所,0,灵魂安息之所,,0,0,0|0|0|0,0,0,0,0,0,0,0,0,0,0
155,449,裏心,0,内心,,0,0,0|0|0|0,0,0,0,0,0,0,0,0,0,0
156,449,Intermezzo,0,间奏曲,,0,0,0|0|0|0,0,0,0,0,0,0,0,0,0,0
229,449,放縦不羈,0,放纵不羁,,0,0,0|0|0|0,0,0,0,0,0,0,0,0,0,0
279,449,空に浮かぶ物体Ｘ,0,空中飘浮的物体Ｘ,,0,0,0|0|0|0,0,0,0,0,0,0,0,0,0,0
315,449,本日の一面記事,0,本日的头版头条,,0,0,0|0|0|0,0,0,0,0,0,0,0,0,0,0
342,449,ボールのある日常,0,有珠子的日常,,0,0,0|0|0|0,0,0,0,0,0,0,0,0,0,0
344,449,時代の風の訪れ,0,时代风潮的造访,,0,0,0|0|0|0,0,0,0,0,0,0,0,0,0,0
345,449,価値がわからない,0,价值不明,,0,0,0|0|0|0,0,0,0,0,0,0,0,0,0,0
346,449,可能性を信じて,0,相信可能性,,0,0,0|0|0|0,0,0,0,0,0,0,0,0,0,0
425,449,スターヴォヤージュ2008,0,Star Voyage2008,,0,0,0|0|0|0,0,0,0,0,0,0,0,0,0,0
429,449,神域のかくれんぼ暮らし,0,神域的捉迷藏生活,,0,0,0|0|0|0,0,0,0,0,0,0,0,0,0,0
435,449,プリムローズシヴァ,0,Primrose Shiver,,0,0,0|0|0|0,0,0,0,0,0,0,0,0,0,0
437,449,ディザストラスジェミニ,0,Disastrous Gemini,,0,0,0|0|0|0,0,0,0,0,0,0,0,0,0,0
438,449,華の幻想　紅夢の宙,0,华之幻想 红梦之宙,,0,0,0|0|0|0,0,0,0,0,0,0,0,0,0,0
444,449,アンティークテラー,0,Antique Terror,,0,0,0|0|0|0,0,0,0,0,0,0,0,0,0,0
445,449,夢機械　～ Innocent Power,0,梦机械　～ Innocent Power,,0,0,0|0|0|0,0,0,0,0,0,0,0,0,0,0
455,449,Castle Explorer -in the Sky-,0,Castle Explorer -in the Sky-,,0,0,0|0|0|0,0,0,0,0,0,0,0,0,0,0
461,449,乙女戰士 ～ Heart of Valkyrie,0,少女战士　～ Heart of Valkyrie,,0,0,0|0|0|0,0,0,0,0,0,0,0,0,0,0
464,449,Magical and Hopeless,0,Magical and Hopeless,,0,0,0|0|0|0,0,0,0,0,0,0,0,0,0,0
465,449,Sacred Battle,0,Sacred Battle,,0,0,0|0|0|0,0,0,0,0,0,0,0,0,0,0
471,449,Magic of Life,0,Magic of Life,,0,0,0|0|0|0,0,0,0,0,0,0,0,0,0,0
472,449,Plastic Space,0,Plastic Space,,0,0,0|0|0|0,0,0,0,0,0,0,0,0,0,0
473,449,Inventive City,0,Inventive City,,0,0,0|0|0|0,0,0,0,0,0,0,0,0,0,0
